province,province_number,district,subdistrict,station_number,เขต_กรีน,เขต_ก้าวไกล,เขต_ครูไทยเพื่อประชาช,เขต_คลองไทย,เขต_ความหวังใหม่,เขต_ชาติพัฒนากล้า,เขต_ชาติรุ่งเรือง,เขต_ชาติไทยพัฒนา,เขต_ช่วยชาติ,เขต_ถิ่นกาขาวชาววิไล,เขต_ทางเลือกใหม่,เขต_ท้องที่ไทย,เขต_บัตรเสีย,เขต_ประชากรไทย,เขต_ประชาชาติ,เขต_ประชาธิปัตย์,เขต_ประชาธิปไตยใหม่,เขต_ประชาภิวัฒน์,เขต_ประชาสามัคคี,เขต_ประชาไทย,เขต_ผู้มาใช้สิทธิ์,เขต_ผู้มีสิทธิ์,เขต_พลัง,เขต_พลังธรรมใหม่,เขต_พลังบูรพา,เขต_พลังประชาธิปไตย,เขต_พลังประชารัฐ,เขต_พลังปวงชนไทย,เขต_พลังสยาม,เขต_พลังสหกรณ์,เขต_พลังสังคม,เขต_พลังสังคมใหม่,เขต_พลังเพื่อไทย,เขต_พลังไทยรักชาติ,เขต_ภราดรภาพ,เขต_ภาคีเครือข่ายไทย,เขต_ภูมิใจไทย,เขต_มิติใหม่,เขต_รวมพลัง,เขต_รวมแผ่นดิน,เขต_รวมใจไทย,เขต_รวมไทยสร้างชาติ,เขต_รักษ์ธรรม,เขต_รักษ์ผืนป่าประเทศ,เขต_ราษฎร์วิถี,เขต_สังคมประชาธิปไตยไ,เขต_สามัญชน,เขต_อนาคตไทย,เขต_เปลี่ยน,เขต_เปลี่ยนอนาคต,เขต_เป็นธรรม,เขต_เพื่อชาติ,เขต_เพื่อชาติไทย,เขต_เพื่ออนาคตไทย,เขต_เพื่อไทย,เขต_เพื่อไทรวมพลัง,เขต_เสมอภาค,เขต_เสรีรวมไทย,เขต_เส้นด้าย,เขต_แนวทางใหม่,เขต_แผ่นดินธรรม,เขต_แรงงานสร้างชาติ,เขต_ใหม่,เขต_ไทยก้าวหน้า,เขต_ไทยชนะ,เขต_ไทยธรรม,เขต_ไทยพร้อม,เขต_ไทยภักดี,เขต_ไทยรวมไทย,เขต_ไทยศรีวิไลย์,เขต_ไทยสมาร์ท,เขต_ไทยสร้างไทย,เขต_ไทยเป็นหนึ่ง,เขต_ไม่เลือกผู้ใด
อุบลราชธานี,2,เขื่องใน,กลางใหญ่,1.0,,36.0,,0.0,,,,,,,,,23,,,140,,,,,295,544,,,,,8,0.0,,,,,,,,,1.0,,,,,0,,,,,,,,,,,,,80,,,1,,,,,,,,,,1.0,,3.0,,,,2
อุบลราชธานี,2,เขื่องใน,กลางใหญ่,10.0,,37.0,,1.0,,,,,,,,,10,,,104,,,,,203,363,,,,,3,0.0,,,,,,,,,3.0,,,,,0,,,,,,,,,,,,,39,,,1,,,,,,,,,,0.0,,1.0,,,,4
อุบลราชธานี,2,เขื่องใน,กลางใหญ่,11.0,,23.0,,0.0,,,,,,,,,7,,,90,,,,,184,297,,,,,2,1.0,,,,,,,,,1.0,,,,,0,,,,,,,,,,,,,58,,,0,,,,,,,,,,0.0,,0.0,,,,2
อุบลราชธานี,2,เขื่องใน,กลางใหญ่,2.0,,15.0,,2.0,,,,,,,,,4,,,82,,,,,159,285,,,,,4,0.0,,,,,,,,,0.0,,,,,0,,,,,,,,,,,,,50,,,0,,,,,,,,,,1.0,,0.0,,,,1
อุบลราชธานี,2,เขื่องใน,กลางใหญ่,3.0,,12.0,,0.0,,,,,,,,,8,,,126,,,,,232,442,,,,,5,0.0,,,,,,,,,2.0,,,,,0,,,,,,,,,,,,,76,,,1,,,,,,,,,,0.0,,0.0,,,,2
อุบลราชธานี,2,เขื่องใน,กลางใหญ่,4.0,,38.0,,0.0,,,,,,,,,9,,,134,,,,,295,460,,,,,5,1.0,,,,,,,,,2.0,,,,,0,,,,,,,,,,,,,100,,,0,,,,,,,,,,0.0,,2.0,,,,4
อุบลราชธานี,2,เขื่องใน,กลางใหญ่,5.0,,14.0,,1.0,,,,,,,,,10,,,146,,,,,229,376,,,,,4,1.0,,,,,,,,,1.0,,,,,0,,,,,,,,,,,,,46,,,0,,,,,,,,,,0.0,,1.0,,,,5
อุบลราชธานี,2,เขื่องใน,กลางใหญ่,6.0,,18.0,,0.0,,,,,,,,,6,,,106,,,,,202,306,,,,,1,1.0,,,,,,,,,0.0,,,,,0,,,,,,,,,,,,,65,,,0,,,,,,,,,,0.0,,0.0,,,,5
อุบลราชธานี,2,เขื่องใน,กลางใหญ่,7.0,,23.0,,0.0,,,,,,,,,9,,,88,,,,,192,297,,,,,5,0.0,,,,,,,,,1.0,,,,,0,,,,,,,,,,,,,62,,,1,,,,,,,,,,0.0,,1.0,,,,2
อุบลราชธานี,2,เขื่องใน,กลางใหญ่,8.0,,48.0,,2.0,,,,,,,,,24,,,105,,,,,322,523,,,,,7,1.0,,,,,,,,,3.0,,,,,0,,,,,,,,,,,,,118,,,0,,,,,,,,,,2.0,,4.0,,,,8
อุบลราชธานี,2,เขื่องใน,กลางใหญ่,9.0,,16.0,,1.0,,,,,,,,,15,,,110,,,,,244,456,,,,,0,0.0,,,,,,,,,0.0,,,,,0,,,,,,,,,,,,,97,,,1,,,,,,,,,,1.0,,0.0,,,,3
อุบลราชธานี,2,เขื่องใน,ก่อเอ้,1.0,,38.0,,0.0,,,,,,,,,16,,,166,,,,,392,537,,,,,15,0.0,,,,,,,,,7.0,,,,,0,,,,,,,,,,,,,134,,,2,,,,,,,,,,0.0,,0.0,,,,14
อุบลราชธานี,2,เขื่องใน,ก่อเอ้,10.0,,9.0,,0.0,,,,,,,,,21,,,138,,,,,252,313,,,,,3,0.0,,,,,,,,,4.0,,,,,0,,,,,,,,,,,,,69,,,1,,,,,,,,,,0.0,,1.0,,,,6
อุบลราชธานี,2,เขื่องใน,ก่อเอ้,11.0,,22.0,,3.0,,,,,,,,,13,,,92,,,,,238,333,,,,,2,0.0,,,,,,,,,3.0,,,,,0,,,,,,,,,,,,,98,,,0,,,,,,,,,,1.0,,2.0,,,,2
อุบลราชธานี,2,เขื่องใน,ก่อเอ้,12.0,,29.0,,0.0,,,,,,,,,28,,,208,,,,,427,532,,,,,4,0.0,,,,,,,,,5.0,,,,,0,,,,,,,,,,,,,140,,,2,,,,,,,,,,0.0,,2.0,,,,9
อุบลราชธานี,2,เขื่องใน,ก่อเอ้,2.0,,31.0,,0.0,,,,,,,,,7,,,73,,,,,204,304,,,,,5,0.0,,,,,,,,,2.0,,,,,0,,,,,,,,,,,,,82,,,0,,,,,,,,,,1.0,,0.0,,,,3
อุบลราชธานี,2,เขื่องใน,ก่อเอ้,3.0,,20.0,,0.0,,,,,,,,,10,,,127,,,,,230,395,,,,,6,0.0,,,,,,,,,0.0,,,,,0,,,,,,,,,,,,,61,,,3,,,,,,,,,,0.0,,0.0,,,,3
อุบลราชธานี,2,เขื่องใน,ก่อเอ้,4.0,,65.0,,2.0,,,,,,,,,14,,,167,,,,,372,607,,,,,8,0.0,,,,,,,,,4.0,,,,,0,,,,,,,,,,,,,101,,,0,,,,,,,,,,2.0,,3.0,,,,6
อุบลราชธานี,2,เขื่องใน,ก่อเอ้,5.0,,29.0,,1.0,,,,,,,,,11,,,168,,,,,304,468,,,,,4,0.0,,,,,,,,,2.0,,,,,0,,,,,,,,,,,,,80,,,0,,,,,,,,,,1.0,,1.0,,,,7
อุบลราชธานี,2,เขื่องใน,ก่อเอ้,6.0,,59.0,,1.0,,,,,,,,,23,,,247,,,,,626,917,,,,,30,1.0,,,,,,,,,0.0,,,,,0,,,,,,,,,,,,,260,,,0,,,,,,,,,,0.0,,0.0,,,,5
อุบลราชธานี,2,เขื่องใน,ก่อเอ้,7.0,,19.0,,0.0,,,,,,,,,18,,,193,,,,,422,578,,,,,9,0.0,,,,,,,,,21.0,,,,,0,,,,,,,,,,,,,151,,,1,,,,,,,,,,1.0,,0.0,,,,9
อุบลราชธานี,2,เขื่องใน,ก่อเอ้,8.0,,26.0,,0.0,,,,,,,,,28,,,216,,,,,428,515,,,,,4,0.0,,,,,,,,,1.0,,,,,0,,,,,,,,,,,,,133,,,4,,,,,,,,,,1.0,,3.0,,,,12
อุบลราชธานี,2,เขื่องใน,ก่อเอ้,9.0,,26.0,,1.0,,,,,,,,,26,,,326,,,,,491,650,,,,,8,0.0,,,,,,,,,0.0,,,,,0,,,,,,,,,,,,,81,,,3,,,,,,,,,,2.0,,6.0,,,,12
อุบลราชธานี,2,เขื่องใน,ค้อทอง,1.0,,34.0,,0.0,,,,,,,,,14,,,81,,,,,294,411,,,,,5,1.0,,,,,,,,,0.0,,,,,0,,,,,,,,,,,,,151,,,2,,,,,,,,,,2.0,,1.0,,,,3
อุบลราชธานี,2,เขื่องใน,ค้อทอง,10.0,,40.0,,0.0,,,,,,,,,16,,,84,,,,,425,719,,,,,4,0.0,,,,,,,,,2.0,,,,,0,,,,,,,,,,,,,273,,,1,,,,,,,,,,2.0,,1.0,,,,2
อุบลราชธานี,2,เขื่องใน,ค้อทอง,11.0,,14.0,,0.0,,,,,,,,,10,,,76,,,,,213,324,,,,,8,1.0,,,,,,,,,0.0,,,,,0,,,,,,,,,,,,,101,,,0,,,,,,,,,,0.0,,2.0,,,,1
อุบลราชธานี,2,เขื่องใน,ค้อทอง,2.0,,17.0,,1.0,,,,,,,,,12,,,229,,,,,392,562,,,,,2,0.0,,,,,,,,,0.0,,,,,0,,,,,,,,,,,,,123,,,1,,,,,,,,,,2.0,,1.0,,,,4
อุบลราชธานี,2,เขื่องใน,ค้อทอง,3.0,,18.0,,1.0,,,,,,,,,15,,,226,,,,,380,587,,,,,3,0.0,,,,,,,,,0.0,,,,,0,,,,,,,,,,,,,99,,,4,,,,,,,,,,0.0,,0.0,,,,14
อุบลราชธานี,2,เขื่องใน,ค้อทอง,4.0,,25.0,,0.0,,,,,,,,,28,,,202,,,,,359,567,,,,,6,0.0,,,,,,,,,0.0,,,,,0,,,,,,,,,,,,,92,,,1,,,,,,,,,,1.0,,0.0,,,,4
อุบลราชธานี,2,เขื่องใน,ค้อทอง,5.0,,17.0,,0.0,,,,,,,,,4,,,171,,,,,231,308,,,,,1,0.0,,,,,,,,,1.0,,,,,0,,,,,,,,,,,,,35,,,0,,,,,,,,,,0.0,,0.0,,,,2
อุบลราชธานี,2,เขื่องใน,ค้อทอง,6.0,,19.0,,0.0,,,,,,,,,27,,,191,,,,,317,480,,,,,1,1.0,,,,,,,,,1.0,,,,,0,,,,,,,,,,,,,77,,,0,,,,,,,,,,0.0,,0.0,,,,0
อุบลราชธานี,2,เขื่องใน,ค้อทอง,7.0,,11.0,,2.0,,,,,,,,,9,,,34,,,,,167,293,,,,,5,1.0,,,,,,,,,1.0,,,,,0,,,,,,,,,,,,,100,,,0,,,,,,,,,,0.0,,1.0,,,,3
อุบลราชธานี,2,เขื่องใน,ค้อทอง,8.0,,17.0,,1.0,,,,,,,,,11,,,123,,,,,226,362,,,,,3,0.0,,,,,,,,,2.0,,,,,0,,,,,,,,,,,,,68,,,1,,,,,,,,,,0.0,,0.0,,,,0
อุบลราชธานี,2,เขื่องใน,ค้อทอง,9.0,,28.0,,0.0,,,,,,,,,15,,,154,,,,,312,484,,,,,2,0.0,,,,,,,,,1.0,,,,,0,,,,,,,,,,,,,105,,,0,,,,,,,,,,2.0,,1.0,,,,4
อุบลราชธานี,2,เขื่องใน,ชีทวน,1.0,,23.0,,0.0,,,,,,,,,15,,,111,,,,,229,370,,,,,10,0.0,,,,,,,,,3.0,,,,,0,,,,,,,,,,,,,60,,,0,,,,,,,,,,0.0,,0.0,,,,7
อุบลราชธานี,2,เขื่องใน,ชีทวน,10.0,,24.0,,0.0,,,,,,,,,28,,,238,,,,,368,605,,,,,6,4.0,,,,,,,,,1.0,,,,,0,,,,,,,,,,,,,61,,,0,,,,,,,,,,2.0,,0.0,,,,4
อุบลราชธานี,2,เขื่องใน,ชีทวน,11.0,,11.0,,0.0,,,,,,,,,10,,,287,,,,,372,645,,,,,4,1.0,,,,,,,,,2.0,,,,,0,,,,,,,,,,,,,52,,,0,,,,,,,,,,2.0,,0.0,,,,3
อุบลราชธานี,2,เขื่องใน,ชีทวน,2.0,,19.0,,0.0,,,,,,,,,20,,,165,,,,,259,452,,,,,2,0.0,,,,,,,,,0.0,,,,,0,,,,,,,,,,,,,47,,,1,,,,,,,,,,1.0,,1.0,,,,3
อุบลราชธานี,2,เขื่องใน,ชีทวน,3.0,,53.0,,4.0,,,,,,,,,24,,,291,,,,,527,877,,,,,11,1.0,,,,,,,,,5.0,,,,,0,,,,,,,,,,,,,121,,,1,,,,,,,,,,3.0,,2.0,,,,11
อุบลราชธานี,2,เขื่องใน,ชีทวน,4.0,,43.0,,1.0,,,,,,,,,30,,,210,,,,,410,615,,,,,1,1.0,,,,,,,,,1.0,,,,,0,,,,,,,,,,,,,108,,,3,,,,,,,,,,5.0,,2.0,,,,5
อุบลราชธานี,2,เขื่องใน,ชีทวน,5.0,,19.0,,0.0,,,,,,,,,11,,,154,,,,,236,325,,,,,1,0.0,,,,,,,,,1.0,,,,,0,,,,,,,,,,,,,34,,,1,,,,,,,,,,2.0,,1.0,,,,12
อุบลราชธานี,2,เขื่องใน,ชีทวน,6.0,,28.0,,2.0,,,,,,,,,23,,,178,,,,,315,519,,,,,0,0.0,,,,,,,,,3.0,,,,,0,,,,,,,,,,,,,79,,,0,,,,,,,,,,1.0,,0.0,,,,1
อุบลราชธานี,2,เขื่องใน,ชีทวน,7.0,,10.0,,0.0,,,,,,,,,16,,,90,,,,,166,311,,,,,4,0.0,,,,,,,,,2.0,,,,,0,,,,,,,,,,,,,41,,,0,,,,,,,,,,0.0,,0.0,,,,3
อุบลราชธานี,2,เขื่องใน,ชีทวน,8.0,,23.0,,0.0,,,,,,,,,4,,,89,,,,,214,339,,,,,6,1.0,,,,,,,,,2.0,,,,,0,,,,,,,,,,,,,86,,,0,,,,,,,,,,0.0,,0.0,,,,3
อุบลราชธานี,2,เขื่องใน,ชีทวน,9.0,,16.0,,0.0,,,,,,,,,4,,,95,,,,,150,251,,,,,0,0.0,,,,,,,,,1.0,,,,,0,,,,,,,,,,,,,27,,,1,,,,,,,,,,1.0,,1.0,,,,4
อุบลราชธานี,2,เขื่องใน,ท่าไห,1.0,,20.0,,0.0,,,,,,,,,14,,,114,,,,,219,537,,,,,2,1.0,,,,,,,,,0.0,,,,,0,,,,,,,,,,,,,63,,,2,,,,,,,,,,1.0,,2.0,,,,0
อุบลราชธานี,2,เขื่องใน,ท่าไห,10.0,,47.0,,0.0,,,,,,,,,24,,,132,,,,,333,689,,,,,4,0.0,,,,,,,,,1.0,,,,,0,,,,,,,,,,,,,122,,,1,,,,,,,,,,1.0,,0.0,,,,1
อุบลราชธานี,2,เขื่องใน,ท่าไห,11.0,,27.0,,1.0,,,,,,,,,16,,,122,,,,,292,592,,,,,11,1.0,,,,,,,,,2.0,,,,,0,,,,,,,,,,,,,104,,,1,,,,,,,,,,1.0,,1.0,,,,5
อุบลราชธานี,2,เขื่องใน,ท่าไห,12.0,,26.0,,0.0,,,,,,,,,22,,,74,,,,,260,645,,,,,3,1.0,,,,,,,,,2.0,,,,,0,,,,,,,,,,,,,124,,,1,,,,,,,,,,0.0,,3.0,,,,4
อุบลราชธานี,2,เขื่องใน,ท่าไห,13.0,,32.0,,0.0,,,,,,,,,15,,,66,,,,,235,460,,,,,4,0.0,,,,,,,,,1.0,,,,,0,,,,,,,,,,,,,110,,,2,,,,,,,,,,1.0,,2.0,,,,2
อุบลราชธานี,2,เขื่องใน,ท่าไห,2.0,,13.0,,1.0,,,,,,,,,7,,,58,,,,,139,290,,,,,2,0.0,,,,,,,,,1.0,,,,,0,,,,,,,,,,,,,54,,,0,,,,,,,,,,0.0,,3.0,,,,0
อุบลราชธานี,2,เขื่องใน,ท่าไห,3.0,,22.0,,1.0,,,,,,,,,12,,,119,,,,,250,545,,,,,5,0.0,,,,,,,,,3.0,,,,,0,,,,,,,,,,,,,84,,,1,,,,,,,,,,0.0,,1.0,,,,2
อุบลราชธานี,2,เขื่องใน,ท่าไห,4.0,,34.0,,1.0,,,,,,,,,24,,,111,,,,,246,619,,,,,6,0.0,,,,,,,,,0.0,,,,,0,,,,,,,,,,,,,67,,,0,,,,,,,,,,0.0,,2.0,,,,1
อุบลราชธานี,2,เขื่องใน,ท่าไห,5.0,,29.0,,0.0,,,,,,,,,34,,,101,,,,,329,571,,,,,7,1.0,,,,,,,,,1.0,,,,,0,,,,,,,,,,,,,147,,,2,,,,,,,,,,1.0,,2.0,,,,4
อุบลราชธานี,2,เขื่องใน,ท่าไห,6.0,,36.0,,1.0,,,,,,,,,20,,,95,,,,,310,604,,,,,5,0.0,,,,,,,,,3.0,,,,,0,,,,,,,,,,,,,148,,,2,,,,,,,,,,0.0,,0.0,,,,0
อุบลราชธานี,2,เขื่องใน,ท่าไห,7.0,,25.0,,0.0,,,,,,,,,12,,,103,,,,,233,514,,,,,7,1.0,,,,,,,,,1.0,,,,,0,,,,,,,,,,,,,82,,,1,,,,,,,,,,0.0,,1.0,,,,0
อุบลราชธานี,2,เขื่องใน,ท่าไห,8.0,,19.0,,0.0,,,,,,,,,18,,,118,,,,,286,560,,,,,12,0.0,,,,,,,,,3.0,,,,,0,,,,,,,,,,,,,108,,,2,,,,,,,,,,1.0,,1.0,,,,4
อุบลราชธานี,2,เขื่องใน,ท่าไห,9.0,,21.0,,0.0,,,,,,,,,15,,,86,,,,,221,412,,,,,1,0.0,,,,,,,,,0.0,,,,,0,,,,,,,,,,,,,94,,,0,,,,,,,,,,3.0,,0.0,,,,1
อุบลราชธานี,2,เขื่องใน,ธาตุน้อย,1.0,,49.0,,1.0,,,,,,,,,22,,,125,,,,,322,539,,,,,12,1.0,,,,,,,,,1.0,,,,,0,,,,,,,,,,,,,105,,,1,,,,,,,,,,1.0,,1.0,,,,3
อุบลราชธานี,2,เขื่องใน,ธาตุน้อย,10.0,,38.0,,2.0,,,,,,,,,28,,,99,,,,,401,699,,,,,21,1.0,,,,,,,,,4.0,,,,,0,,,,,,,,,,,,,199,,,0,,,,,,,,,,2.0,,2.0,,,,5
อุบลราชธานี,2,เขื่องใน,ธาตุน้อย,2.0,,24.0,,1.0,,,,,,,,,27,,,163,,,,,321,520,,,,,11,0.0,,,,,,,,,0.0,,,,,0,,,,,,,,,,,,,89,,,2,,,,,,,,,,0.0,,1.0,,,,3
อุบลราชธานี,2,เขื่องใน,ธาตุน้อย,3.0,,21.0,,0.0,,,,,,,,,49,,,119,,,,,482,754,,,,,3,1.0,,,,,,,,,3.0,,,,,0,,,,,,,,,,,,,272,,,0,,,,,,,,,,3.0,,1.0,,,,10
อุบลราชธานี,2,เขื่องใน,ธาตุน้อย,4.0,,14.0,,1.0,,,,,,,,,13,,,91,,,,,188,303,,,,,9,1.0,,,,,,,,,0.0,,,,,0,,,,,,,,,,,,,56,,,0,,,,,,,,,,1.0,,0.0,,,,2
อุบลราชธานี,2,เขื่องใน,ธาตุน้อย,5.0,,8.0,,1.0,,,,,,,,,12,,,175,,,,,275,402,,,,,4,1.0,,,,,,,,,1.0,,,,,0,,,,,,,,,,,,,69,,,0,,,,,,,,,,0.0,,0.0,,,,4
อุบลราชธานี,2,เขื่องใน,ธาตุน้อย,6.0,,23.0,,1.0,,,,,,,,,17,,,65,,,,,203,322,,,,,8,1.0,,,,,,,,,0.0,,,,,0,,,,,,,,,,,,,80,,,2,,,,,,,,,,0.0,,2.0,,,,4
อุบลราชธานี,2,เขื่องใน,ธาตุน้อย,7.0,,21.0,,1.0,,,,,,,,,15,,,69,,,,,215,369,,,,,4,0.0,,,,,,,,,2.0,,,,,0,,,,,,,,,,,,,97,,,1,,,,,,,,,,2.0,,1.0,,,,2
อุบลราชธานี,2,เขื่องใน,ธาตุน้อย,8.0,,52.0,,0.0,,,,,,,,,26,,,121,,,,,404,647,,,,,8,0.0,,,,,,,,,1.0,,,,,0,,,,,,,,,,,,,183,,,1,,,,,,,,,,0.0,,5.0,,,,7
อุบลราชธานี,2,เขื่องใน,ธาตุน้อย,9.0,,18.0,,0.0,,,,,,,,,14,,,222,,,,,345,533,,,,,1,1.0,,,,,,,,,1.0,,,,,0,,,,,,,,,,,,,80,,,1,,,,,,,,,,0.0,,3.0,,,,4
อุบลราชธานี,2,เขื่องใน,นาคำใหญ่,1.0,,48.0,,0.0,,,,,,,,,24,,,115,,,,,362,611,,,,,5,2.0,,,,,,,,,4.0,,,,,0,,,,,,,,,,,,,151,,,1,,,,,,,,,,2.0,,1.0,,,,9
อุบลราชธานี,2,เขื่องใน,นาคำใหญ่,2.0,,20.0,,0.0,,,,,,,,,12,,,91,,,,,211,354,,,,,5,0.0,,,,,,,,,2.0,,,,,0,,,,,,,,,,,,,76,,,0,,,,,,,,,,0.0,,1.0,,,,4
อุบลราชธานี,2,เขื่องใน,นาคำใหญ่,3.0,,8.0,,0.0,,,,,,,,,2,,,28,,,,,80,118,,,,,11,0.0,,,,,,,,,1.0,,,,,0,,,,,,,,,,,,,26,,,0,,,,,,,,,,0.0,,0.0,,,,4
อุบลราชธานี,2,เขื่องใน,นาคำใหญ่,4.0,,23.0,,0.0,,,,,,,,,8,,,46,,,,,151,215,,,,,12,0.0,,,,,,,,,0.0,,,,,0,,,,,,,,,,,,,57,,,0,,,,,,,,,,0.0,,0.0,,,,5
อุบลราชธานี,2,เขื่องใน,นาคำใหญ่,5.0,,14.0,,0.0,,,,,,,,,6,,,96,,,,,172,273,,,,,1,0.0,,,,,,,,,1.0,,,,,0,,,,,,,,,,,,,48,,,0,,,,,,,,,,0.0,,2.0,,,,4
อุบลราชธานี,2,เขื่องใน,นาคำใหญ่,6.0,,22.0,,0.0,,,,,,,,,15,,,144,,,,,271,447,,,,,1,1.0,,,,,,,,,1.0,,,,,0,,,,,,,,,,,,,84,,,0,,,,,,,,,,1.0,,1.0,,,,1
อุบลราชธานี,2,เขื่องใน,นาคำใหญ่,7.0,,16.0,,0.0,,,,,,,,,20,,,153,,,,,328,491,,,,,1,0.0,,,,,,,,,1.0,,,,,0,,,,,,,,,,,,,128,,,4,,,,,,,,,,2.0,,0.0,,,,3
อุบลราชธานี,2,เขื่องใน,นาคำใหญ่,8.0,,38.0,,1.0,,,,,,,,,18,,,83,,,,,310,497,,,,,9,0.0,,,,,,,,,1.0,,,,,0,,,,,,,,,,,,,153,,,1,,,,,,,,,,1.0,,1.0,,,,4
อุบลราชธานี,2,เขื่องใน,บ้านกอก,1.0,,49.0,,0.0,,,,,,,,,14,,,202,,,,,534,666,,,,,2,0.0,,,,,,,,,2.0,,,,,0,,,,,,,,,,,,,260,,,2,,,,,,,,,,1.0,,1.0,,,,1
อุบลราชธานี,2,เขื่องใน,บ้านกอก,2.0,,47.0,,0.0,,,,,,,,,14,,,190,,,,,507,652,,,,,2,0.0,,,,,,,,,5.0,,,,,0,,,,,,,,,,,,,245,,,0,,,,,,,,,,1.0,,1.0,,,,2
อุบลราชธานี,2,เขื่องใน,บ้านกอก,3.0,,11.0,,0.0,,,,,,,,,3,,,112,,,,,174,226,,,,,2,0.0,,,,,,,,,0.0,,,,,0,,,,,,,,,,,,,44,,,0,,,,,,,,,,1.0,,0.0,,,,1
อุบลราชธานี,2,เขื่องใน,บ้านกอก,4.0,,46.0,,1.0,,,,,,,,,19,,,129,,,,,418,664,,,,,10,0.0,,,,,,,,,7.0,,,,,0,,,,,,,,,,,,,193,,,0,,,,,,,,,,0.0,,1.0,,,,12
อุบลราชธานี,2,เขื่องใน,บ้านกอก,5.0,,64.0,,1.0,,,,,,,,,20,,,115,,,,,370,536,,,,,10,1.0,,,,,,,,,4.0,,,,,0,,,,,,,,,,,,,147,,,0,,,,,,,,,,0.0,,1.0,,,,7
อุบลราชธานี,2,เขื่องใน,บ้านกอก,6.0,,57.0,,0.0,,,,,,,,,9,,,74,,,,,293,464,,,,,13,0.0,,,,,,,,,0.0,,,,,0,,,,,,,,,,,,,130,,,0,,,,,,,,,,0.0,,2.0,,,,8
อุบลราชธานี,2,เขื่องใน,บ้านไทย,1.0,,16.0,,0.0,,,,,,,,,10,,,71,,,,,158,257,,,,,1,0.0,,,,,,,,,2.0,,,,,0,,,,,,,,,,,,,56,,,0,,,,,,,,,,0.0,,0.0,,,,2
อุบลราชธานี,2,เขื่องใน,บ้านไทย,10.0,,18.0,,0.0,,,,,,,,,14,,,107,,,,,212,295,,,,,10,0.0,,,,,,,,,0.0,,,,,0,,,,,,,,,,,,,57,,,1,,,,,,,,,,1.0,,2.0,,,,2
อุบลราชธานี,2,เขื่องใน,บ้านไทย,11.0,,13.0,,0.0,,,,,,,,,8,,,91,,,,,213,357,,,,,4,0.0,,,,,,,,,0.0,,,,,0,,,,,,,,,,,,,89,,,2,,,,,,,,,,2.0,,1.0,,,,3
อุบลราชธานี,2,เขื่องใน,บ้านไทย,12.0,,9.0,,0.0,,,,,,,,,15,,,67,,,,,195,347,,,,,6,0.0,,,,,,,,,1.0,,,,,0,,,,,,,,,,,,,96,,,0,,,,,,,,,,0.0,,0.0,,,,1
อุบลราชธานี,2,เขื่องใน,บ้านไทย,2.0,,26.0,,1.0,,,,,,,,,5,,,101,,,,,228,343,,,,,10,0.0,,,,,,,,,5.0,,,,,0,,,,,,,,,,,,,74,,,0,,,,,,,,,,0.0,,0.0,,,,6
อุบลราชธานี,2,เขื่องใน,บ้านไทย,3.0,,34.0,,0.0,,,,,,,,,14,,,248,,,,,385,547,,,,,5,0.0,,,,,,,,,2.0,,,,,0,,,,,,,,,,,,,78,,,1,,,,,,,,,,0.0,,1.0,,,,2
อุบลราชธานี,2,เขื่องใน,บ้านไทย,4.0,,26.0,,2.0,,,,,,,,,16,,,239,,,,,377,554,,,,,4,0.0,,,,,,,,,1.0,,,,,0,,,,,,,,,,,,,83,,,2,,,,,,,,,,0.0,,0.0,,,,4
อุบลราชธานี,2,เขื่องใน,บ้านไทย,5.0,,23.0,,0.0,,,,,,,,,9,,,84,,,,,180,276,,,,,4,0.0,,,,,,,,,3.0,,,,,0,,,,,,,,,,,,,49,,,1,,,,,,,,,,0.0,,1.0,,,,6
อุบลราชธานี,2,เขื่องใน,บ้านไทย,6.0,,0.0,,0.0,,,,,,,,,0,,,0,,,,,0,0,,,,,0,0.0,,,,,,,,,0.0,,,,,0,,,,,,,,,,,,,79,,,0,,,,,,,,,,0.0,,0.0,,,,0
อุบลราชธานี,2,เขื่องใน,บ้านไทย,7.0,,19.0,,1.0,,,,,,,,,15,,,126,,,,,330,539,,,,,7,0.0,,,,,,,,,4.0,,,,,0,,,,,,,,,,,,,144,,,1,,,,,,,,,,5.0,,0.0,,,,8
อุบลราชธานี,2,เขื่องใน,บ้านไทย,8.0,,33.0,,0.0,,,,,,,,,20,,,210,,,,,359,531,,,,,6,1.0,,,,,,,,,4.0,,,,,0,,,,,,,,,,,,,77,,,1,,,,,,,,,,1.0,,1.0,,,,5
อุบลราชธานี,2,เขื่องใน,บ้านไทย,9.0,,39.0,,0.0,,,,,,,,,33,,,251,,,,,498,765,,,,,9,0.0,,,,,,,,,4.0,,,,,0,,,,,,,,,,,,,146,,,2,,,,,,,,,,2.0,,2.0,,,,10
อุบลราชธานี,2,เขื่องใน,ยางขี้นก,1.0,,26.0,,0.0,,,,,,,,,13,,,70,,,,,261,358,,,,,3,0.0,,,,,,,,,2.0,,,,,0,,,,,,,,,,,,,144,,,1,,,,,,,,,,0.0,,0.0,,,,4
อุบลราชธานี,2,เขื่องใน,ยางขี้นก,10.0,,13.0,,0.0,,,,,,,,,10,,,101,,,,,191,291,,,,,4,0.0,,,,,,,,,0.0,,,,,0,,,,,,,,,,,,,71,,,0,,,,,,,,,,1.0,,1.0,,,,4
อุบลราชธานี,2,เขื่องใน,ยางขี้นก,2.0,,13.0,,0.0,,,,,,,,,5,,,104,,,,,177,248,,,,,3,0.0,,,,,,,,,0.0,,,,,0,,,,,,,,,,,,,52,,,0,,,,,,,,,,0.0,,0.0,,,,0
อุบลราชธานี,2,เขื่องใน,ยางขี้นก,3.0,,40.0,,1.0,,,,,,,,,21,,,159,,,,,430,624,,,,,5,0.0,,,,,,,,,0.0,,,,,0,,,,,,,,,,,,,190,,,2,,,,,,,,,,2.0,,1.0,,,,9
อุบลราชธานี,2,เขื่องใน,ยางขี้นก,4.0,,48.0,,0.0,,,,,,,,,22,,,133,,,,,402,573,,,,,2,0.0,,,,,,,,,1.0,,,,,0,,,,,,,,,,,,,180,,,0,,,,,,,,,,0.0,,0.0,,,,16
อุบลราชธานี,2,เขื่องใน,ยางขี้นก,5.0,,25.0,,0.0,,,,,,,,,22,,,101,,,,,252,367,,,,,11,0.0,,,,,,,,,2.0,,,,,0,,,,,,,,,,,,,83,,,2,,,,,,,,,,1.0,,2.0,,,,3
อุบลราชธานี,2,เขื่องใน,ยางขี้นก,6.0,,31.0,,0.0,,,,,,,,,16,,,198,,,,,351,455,,,,,3,0.0,,,,,,,,,2.0,,,,,0,,,,,,,,,,,,,94,,,0,,,,,,,,,,2.0,,1.0,,,,4
อุบลราชธานี,2,เขื่องใน,ยางขี้นก,7.0,,26.0,,0.0,,,,,,,,,12,,,172,,,,,250,342,,,,,3,0.0,,,,,,,,,0.0,,,,,0,,,,,,,,,,,,,29,,,0,,,,,,,,,,2.0,,0.0,,,,6
อุบลราชธานี,2,เขื่องใน,ยางขี้นก,8.0,,29.0,,1.0,,,,,,,,,19,,,148,,,,,298,426,,,,,12,0.0,,,,,,,,,3.0,,,,,0,,,,,,,,,,,,,75,,,1,,,,,,,,,,1.0,,1.0,,,,8
อุบลราชธานี,2,เขื่องใน,ยางขี้นก,9.0,,20.0,,1.0,,,,,,,,,10,,,108,,,,,178,247,,,,,10,0.0,,,,,,,,,0.0,,,,,0,,,,,,,,,,,,,25,,,0,,,,,,,,,,0.0,,0.0,,,,4
อุบลราชธานี,2,เขื่องใน,ศรีสุข,1.0,,33.0,,1.0,,,,,,,,,19,,,139,,,,,311,504,,,,,5,0.0,,,,,,,,,3.0,,,,,0,,,,,,,,,,,,,106,,,1,,,,,,,,,,3.0,,0.0,,,,1
อุบลราชธานี,2,เขื่องใน,ศรีสุข,2.0,,36.0,,1.0,,,,,,,,,14,,,149,,,,,326,538,,,,,7,0.0,,,,,,,,,1.0,,,,,0,,,,,,,,,,,,,114,,,0,,,,,,,,,,1.0,,0.0,,,,3
อุบลราชธานี,2,เขื่องใน,ศรีสุข,3.0,,33.0,,2.0,,,,,,,,,17,,,143,,,,,378,577,,,,,2,1.0,,,,,,,,,1.0,,,,,0,,,,,,,,,,,,,166,,,5,,,,,,,,,,2.0,,2.0,,,,4
อุบลราชธานี,2,เขื่องใน,ศรีสุข,4.0,,27.0,,0.0,,,,,,,,,23,,,202,,,,,418,632,,,,,4,0.0,,,,,,,,,1.0,,,,,0,,,,,,,,,,,,,153,,,0,,,,,,,,,,2.0,,1.0,,,,5
อุบลราชธานี,2,เขื่องใน,ศรีสุข,5.0,,12.0,,0.0,,,,,,,,,8,,,121,,,,,230,350,,,,,3,0.0,,,,,,,,,1.0,,,,,0,,,,,,,,,,,,,84,,,0,,,,,,,,,,0.0,,0.0,,,,1
อุบลราชธานี,2,เขื่องใน,ศรีสุข,6.0,,29.0,,1.0,,,,,,,,,33,,,145,,,,,383,672,,,,,4,0.0,,,,,,,,,1.0,,,,,0,,,,,,,,,,,,,150,,,3,,,,,,,,,,2.0,,3.0,,,,12
อุบลราชธานี,2,เขื่องใน,ศรีสุข,7.0,,12.0,,0.0,,,,,,,,,20,,,138,,,,,282,500,,,,,7,0.0,,,,,,,,,1.0,,,,,0,,,,,,,,,,,,,97,,,0,,,,,,,,,,0.0,,2.0,,,,5
อุบลราชธานี,2,เขื่องใน,ศรีสุข,8.0,,43.0,,0.0,,,,,,,,,30,,,164,,,,,417,640,,,,,7,0.0,,,,,,,,,2.0,,,,,0,,,,,,,,,,,,,161,,,1,,,,,,,,,,2.0,,2.0,,,,5
อุบลราชธานี,2,เขื่องใน,สร้างถ่อ,1.0,,30.0,,1.0,,,,,,,,,21,,,182,,,,,296,428,,,,,3,0.0,,,,,,,,,1.0,,,,,0,,,,,,,,,,,,,51,,,1,,,,,,,,,,1.0,,2.0,,,,3
อุบลราชธานี,2,เขื่องใน,สร้างถ่อ,10.0,,11.0,,0.0,,,,,,,,,7,,,58,,,,,179,257,,,,,16,0.0,,,,,,,,,1.0,,,,,0,,,,,,,,,,,,,81,,,1,,,,,,,,,,0.0,,1.0,,,,3
อุบลราชธานี,2,เขื่องใน,สร้างถ่อ,11.0,,21.0,,0.0,,,,,,,,,21,,,75,,,,,277,385,,,,,5,1.0,,,,,,,,,4.0,,,,,0,,,,,,,,,,,,,137,,,1,,,,,,,,,,3.0,,2.0,,,,7
อุบลราชธานี,2,เขื่องใน,สร้างถ่อ,12.0,,35.0,,0.0,,,,,,,,,12,,,165,,,,,375,563,,,,,7,0.0,,,,,,,,,3.0,,,,,0,,,,,,,,,,,,,142,,,0,,,,,,,,,,4.0,,2.0,,,,5
อุบลราชธานี,2,เขื่องใน,สร้างถ่อ,13.0,,29.0,,0.0,,,,,,,,,18,,,184,,,,,381,651,,,,,16,0.0,,,,,,,,,2.0,,,,,0,,,,,,,,,,,,,122,,,1,,,,,,,,,,0.0,,2.0,,,,7
อุบลราชธานี,2,เขื่องใน,สร้างถ่อ,14.0,,27.0,,0.0,,,,,,,,,16,,,176,,,,,352,538,,,,,6,0.0,,,,,,,,,2.0,,,,,0,,,,,,,,,,,,,120,,,0,,,,,,,,,,2.0,,1.0,,,,2
อุบลราชธานี,2,เขื่องใน,สร้างถ่อ,15.0,,21.0,,1.0,,,,,,,,,9,,,202,,,,,301,455,,,,,13,0.0,,,,,,,,,0.0,,,,,0,,,,,,,,,,,,,46,,,2,,,,,,,,,,0.0,,4.0,,,,3
อุบลราชธานี,2,เขื่องใน,สร้างถ่อ,16.0,,38.0,,0.0,,,,,,,,,8,,,152,,,,,262,380,,,,,12,0.0,,,,,,,,,0.0,,,,,0,,,,,,,,,,,,,38,,,2,,,,,,,,,,1.0,,2.0,,,,9
อุบลราชธานี,2,เขื่องใน,สร้างถ่อ,17.0,,33.0,,0.0,,,,,,,,,20,,,114,,,,,308,537,,,,,4,2.0,,,,,,,,,1.0,,,,,0,,,,,,,,,,,,,130,,,0,,,,,,,,,,1.0,,0.0,,,,3
อุบลราชธานี,2,เขื่องใน,สร้างถ่อ,2.0,,30.0,,1.0,,,,,,,,,27,,,297,,,,,449,672,,,,,6,0.0,,,,,,,,,4.0,,,,,0,,,,,,,,,,,,,78,,,1,,,,,,,,,,1.0,,0.0,,,,4
อุบลราชธานี,2,เขื่องใน,สร้างถ่อ,3.0,,23.0,,1.0,,,,,,,,,35,,,232,,,,,420,616,,,,,7,0.0,,,,,,,,,1.0,,,,,0,,,,,,,,,,,,,111,,,3,,,,,,,,,,2.0,,2.0,,,,3
อุบลราชธานี,2,เขื่องใน,สร้างถ่อ,4.0,,20.0,,0.0,,,,,,,,,20,,,113,,,,,242,354,,,,,6,0.0,,,,,,,,,4.0,,,,,0,,,,,,,,,,,,,73,,,1,,,,,,,,,,3.0,,0.0,,,,2
อุบลราชธานี,2,เขื่องใน,สร้างถ่อ,5.0,,12.0,,0.0,,,,,,,,,15,,,158,,,,,261,403,,,,,2,0.0,,,,,,,,,0.0,,,,,0,,,,,,,,,,,,,70,,,1,,,,,,,,,,1.0,,0.0,,,,2
อุบลราชธานี,2,เขื่องใน,สร้างถ่อ,6.0,,20.0,,0.0,,,,,,,,,12,,,165,,,,,347,546,,,,,11,0.0,,,,,,,,,1.0,,,,,0,,,,,,,,,,,,,133,,,2,,,,,,,,,,0.0,,1.0,,,,2
อุบลราชธานี,2,เขื่องใน,สร้างถ่อ,7.0,,15.0,,1.0,,,,,,,,,18,,,55,,,,,184,347,,,,,5,0.0,,,,,,,,,1.0,,,,,0,,,,,,,,,,,,,85,,,1,,,,,,,,,,1.0,,0.0,,,,2
อุบลราชธานี,2,เขื่องใน,สร้างถ่อ,8.0,,16.0,,1.0,,,,,,,,,8,,,46,,,,,158,257,,,,,3,0.0,,,,,,,,,2.0,,,,,0,,,,,,,,,,,,,77,,,1,,,,,,,,,,0.0,,0.0,,,,4
อุบลราชธานี,2,เขื่องใน,สร้างถ่อ,9.0,,27.0,,0.0,,,,,,,,,12,,,116,,,,,244,407,,,,,8,0.0,,,,,,,,,2.0,,,,,0,,,,,,,,,,,,,78,,,0,,,,,,,,,,0.0,,0.0,,,,1
อุบลราชธานี,2,เขื่องใน,สหธาตุ,1.0,,24.0,,0.0,,,,,,,,,10,,,73,,,,,197,315,,,,,5,2.0,,,,,,,,,0.0,,,,,0,,,,,,,,,,,,,80,,,0,,,,,,,,,,0.0,,2.0,,,,1
อุบลราชธานี,2,เขื่องใน,สหธาตุ,2.0,,13.0,,1.0,,,,,,,,,16,,,111,,,,,234,389,,,,,0,0.0,,,,,,,,,1.0,,,,,0,,,,,,,,,,,,,89,,,0,,,,,,,,,,0.0,,2.0,,,,1
อุบลราชธานี,2,เขื่องใน,สหธาตุ,3.0,,33.0,,2.0,,,,,,,,,15,,,87,,,,,302,429,,,,,4,0.0,,,,,,,,,1.0,,,,,0,,,,,,,,,,,,,156,,,0,,,,,,,,,,2.0,,1.0,,,,1
อุบลราชธานี,2,เขื่องใน,สหธาตุ,4.0,,30.0,,1.0,,,,,,,,,23,,,80,,,,,331,450,,,,,6,0.0,,,,,,,,,3.0,,,,,0,,,,,,,,,,,,,183,,,0,,,,,,,,,,2.0,,1.0,,,,2
อุบลราชธานี,2,เขื่องใน,สหธาตุ,5.0,,29.0,,0.0,,,,,,,,,18,,,75,,,,,295,403,,,,,2,0.0,,,,,,,,,1.0,,,,,0,,,,,,,,,,,,,162,,,0,,,,,,,,,,3.0,,0.0,,,,5
อุบลราชธานี,2,เขื่องใน,สหธาตุ,6.0,,17.0,,0.0,,,,,,,,,6,,,60,,,,,184,292,,,,,0,0.0,,,,,,,,,1.0,,,,,0,,,,,,,,,,,,,97,,,0,,,,,,,,,,2.0,,0.0,,,,1
อุบลราชธานี,2,เขื่องใน,สหธาตุ,7.0,,3.0,,0.0,,,,,,,,,3,,,48,,,,,124,198,,,,,1,1.0,,,,,,,,,1.0,,,,,0,,,,,,,,,,,,,66,,,0,,,,,,,,,,0.0,,0.0,,,,1
อุบลราชธานี,2,เขื่องใน,หนองเหล่า,1.0,,15.0,,0.0,,,,,,,,,18,,,263,,,,,345,479,,,,,2,0.0,,,,,,,,,3.0,,,,,0,,,,,,,,,,,,,37,,,2,,,,,,,,,,0.0,,1.0,,,,4
อุบลราชธานี,2,เขื่องใน,หนองเหล่า,10.0,,18.0,,1.0,,,,,,,,,19,,,199,,,,,288,446,,,,,1,1.0,,,,,,,,,2.0,,,,,0,,,,,,,,,,,,,43,,,0,,,,,,,,,,0.0,,1.0,,,,3
อุบลราชธานี,2,เขื่องใน,หนองเหล่า,11.0,,37.0,,0.0,,,,,,,,,24,,,186,,,,,323,463,,,,,1,0.0,,,,,,,,,3.0,,,,,0,,,,,,,,,,,,,59,,,3,,,,,,,,,,1.0,,3.0,,,,6
อุบลราชธานี,2,เขื่องใน,หนองเหล่า,2.0,,24.0,,3.0,,,,,,,,,15,,,224,,,,,450,608,,,,,7,0.0,,,,,,,,,1.0,,,,,0,,,,,,,,,,,,,170,,,0,,,,,,,,,,3.0,,1.0,,,,2
อุบลราชธานี,2,เขื่องใน,หนองเหล่า,3.0,,34.0,,0.0,,,,,,,,,16,,,166,,,,,392,553,,,,,5,0.0,,,,,,,,,2.0,,,,,0,,,,,,,,,,,,,155,,,3,,,,,,,,,,2.0,,2.0,,,,7
อุบลราชธานี,2,เขื่องใน,หนองเหล่า,4.0,,15.0,,2.0,,,,,,,,,18,,,139,,,,,295,457,,,,,3,0.0,,,,,,,,,3.0,,,,,0,,,,,,,,,,,,,106,,,1,,,,,,,,,,2.0,,1.0,,,,5
อุบลราชธานี,2,เขื่องใน,หนองเหล่า,5.0,,13.0,,0.0,,,,,,,,,16,,,154,,,,,243,375,,,,,0,1.0,,,,,,,,,1.0,,,,,0,,,,,,,,,,,,,50,,,2,,,,,,,,,,1.0,,0.0,,,,5
อุบลราชธานี,2,เขื่องใน,หนองเหล่า,6.0,,6.0,,0.0,,,,,,,,,18,,,146,,,,,268,423,,,,,7,0.0,,,,,,,,,4.0,,,,,0,,,,,,,,,,,,,79,,,2,,,,,,,,,,0.0,,1.0,,,,5
อุบลราชธานี,2,เขื่องใน,หนองเหล่า,7.0,,18.0,,0.0,,,,,,,,,16,,,100,,,,,207,278,,,,,5,0.0,,,,,,,,,0.0,,,,,0,,,,,,,,,,,,,61,,,0,,,,,,,,,,2.0,,0.0,,,,5
อุบลราชธานี,2,เขื่องใน,หนองเหล่า,8.0,,9.0,,1.0,,,,,,,,,11,,,26,,,,,237,299,,,,,9,0.0,,,,,,,,,3.0,,,,,0,,,,,,,,,,,,,106,,,0,,,,,,,,,,0.0,,0.0,,,,2
อุบลราชธานี,2,เขื่องใน,หนองเหล่า,9.0,,16.0,,3.0,,,,,,,,,19,,,116,,,,,296,452,,,,,7,1.0,,,,,,,,,2.0,,,,,0,,,,,,,,,,,,,128,,,1,,,,,,,,,,2.0,,0.0,,,,1
อุบลราชธานี,2,เขื่องใน,หัวดอน,1.0,,40.0,,0.0,,,,,,,,,8,,,85,,,,,268,370,,,,,2,1.0,,,,,,,,,3.0,,,,,0,,,,,,,,,,,,,118,,,0,,,,,,,,,,1.0,,0.0,,,,10
อุบลราชธานี,2,เขื่องใน,หัวดอน,10.0,,59.0,,3.0,,,,,,,,,19,,,148,,,,,390,577,,,,,3,1.0,,,,,,,,,2.0,,,,,0,,,,,,,,,,,,,139,,,2,,,,,,,,,,3.0,,2.0,,,,9
อุบลราชธานี,2,เขื่องใน,หัวดอน,11.0,,26.0,,5.0,,,,,,,,,19,,,200,,,,,331,479,,,,,2,0.0,,,,,,,,,1.0,,,,,0,,,,,,,,,,,,,74,,,0,,,,,,,,,,1.0,,0.0,,,,3
อุบลราชธานี,2,เขื่องใน,หัวดอน,2.0,,31.0,,0.0,,,,,,,,,8,,,105,,,,,226,324,,,,,8,0.0,,,,,,,,,1.0,,,,,0,,,,,,,,,,,,,61,,,1,,,,,,,,,,2.0,,0.0,,,,9
อุบลราชธานี,2,เขื่องใน,หัวดอน,3.0,,19.0,,0.0,,,,,,,,,12,,,167,,,,,273,427,,,,,9,0.0,,,,,,,,,1.0,,,,,0,,,,,,,,,,,,,59,,,3,,,,,,,,,,0.0,,0.0,,,,3
อุบลราชธานี,2,เขื่องใน,หัวดอน,4.0,,78.0,,3.0,,,,,,,,,17,,,228,,,,,460,653,,,,,13,0.0,,,,,,,,,1.0,,,,,0,,,,,,,,,,,,,104,,,1,,,,,,,,,,1.0,,1.0,,,,13
อุบลราชธานี,2,เขื่องใน,หัวดอน,5.0,,56.0,,0.0,,,,,,,,,14,,,197,,,,,414,566,,,,,1,0.0,,,,,,,,,7.0,,,,,0,,,,,,,,,,,,,128,,,1,,,,,,,,,,1.0,,2.0,,,,7
อุบลราชธานี,2,เขื่องใน,หัวดอน,6.0,,41.0,,0.0,,,,,,,,,14,,,147,,,,,322,525,,,,,2,1.0,,,,,,,,,3.0,,,,,0,,,,,,,,,,,,,106,,,3,,,,,,,,,,1.0,,1.0,,,,3
อุบลราชธานี,2,เขื่องใน,หัวดอน,7.0,,52.0,,0.0,,,,,,,,,14,,,117,,,,,331,554,,,,,5,2.0,,,,,,,,,3.0,,,,,0,,,,,,,,,,,,,131,,,1,,,,,,,,,,1.0,,1.0,,,,4
อุบลราชธานี,2,เขื่องใน,หัวดอน,8.0,,11.0,,0.0,,,,,,,,,5,,,58,,,,,122,176,,,,,2,0.0,,,,,,,,,0.0,,,,,0,,,,,,,,,,,,,45,,,0,,,,,,,,,,1.0,,0.0,,,,0
อุบลราชธานี,2,เขื่องใน,หัวดอน,9.0,,57.0,,1.0,,,,,,,,,35,,,263,,,,,554,793,,,,,5,0.0,,,,,,,,,2.0,,,,,0,,,,,,,,,,,,,183,,,2,,,,,,,,,,0.0,,3.0,,,,3
อุบลราชธานี,2,เขื่องใน,เขื่องใน,1.0,,32.0,,0.0,,,,,,,,,15,,,258,,,,,426,587,,,,,9,1.0,,,,,,,,,4.0,,,,,0,,,,,,,,,,,,,102,,,1,,,,,,,,,,0.0,,1.0,,,,3
อุบลราชธานี,2,เขื่องใน,เขื่องใน,2.0,,13.0,,0.0,,,,,,,,,11,,,164,,,,,236,375,,,,,2,0.0,,,,,,,,,1.0,,,,,0,,,,,,,,,,,,,42,,,0,,,,,,,,,,0.0,,1.0,,,,2
อุบลราชธานี,2,เขื่องใน,เขื่องใน,3.0,,47.0,,2.0,,,,,,,,,14,,,295,,,,,437,544,,,,,12,0.0,,,,,,,,,4.0,,,,,0,,,,,,,,,,,,,46,,,0,,,,,,,,,,2.0,,1.0,,,,14
อุบลราชธานี,2,เขื่องใน,เขื่องใน,4.0,,45.0,,0.0,,,,,,,,,10,,,214,,,,,423,579,,,,,14,0.0,,,,,,,,,1.0,,,,,0,,,,,,,,,,,,,124,,,3,,,,,,,,,,1.0,,0.0,,,,11
อุบลราชธานี,2,เขื่องใน,เขื่องใน,5.0,,76.0,,1.0,,,,,,,,,15,,,205,,,,,446,563,,,,,14,1.0,,,,,,,,,2.0,,,,,0,,,,,,,,,,,,,115,,,2,,,,,,,,,,1.0,,1.0,,,,13
อุบลราชธานี,2,เขื่องใน,เขื่องใน,6.0,,15.0,,0.0,,,,,,,,,14,,,242,,,,,345,474,,,,,2,0.0,,,,,,,,,4.0,,,,,0,,,,,,,,,,,,,62,,,1,,,,,,,,,,0.0,,1.0,,,,4
อุบลราชธานี,2,เขื่องใน,เขื่องใน,7.0,,39.0,,0.0,,,,,,,,,18,,,219,,,,,381,481,,,,,10,2.0,,,,,,,,,1.0,,,,,0,,,,,,,,,,,,,85,,,1,,,,,,,,,,1.0,,0.0,,,,5
อุบลราชธานี,2,เขื่องใน,เขื่องใน,8.0,,51.0,,0.0,,,,,,,,,17,,,385,,,,,573,703,,,,,12,1.0,,,,,,,,,3.0,,,,,0,,,,,,,,,,,,,92,,,0,,,,,,,,,,2.0,,3.0,,,,7
อุบลราชธานี,2,เขื่องใน,เขื่องใน,1.0,,0.0,,0.0,,,,,,,,,0,,,0,,,,,0,0,,,,,0,0.0,,,,,,,,,0.0,,,,,0,,,,,,,,,,,,,0,,,0,,,,,,,,,,0.0,,0.0,,,,0
อุบลราชธานี,2,เขื่องใน,เขื่องใน,10.0,,42.0,,0.0,,,,,,,,,31,,,331,,,,,615,903,,,,,9,1.0,,,,,,,,,3.0,,,,,0,,,,,,,,,,,,,194,,,1,,,,,,,,,,0.0,,0.0,,,,3
อุบลราชธานี,2,เขื่องใน,เขื่องใน,11.0,,7.0,,0.0,,,,,,,,,8,,,57,,,,,112,140,,,,,0,0.0,,,,,,,,,1.0,,,,,0,,,,,,,,,,,,,38,,,0,,,,,,,,,,1.0,,0.0,,,,0
อุบลราชธานี,2,เขื่องใน,เขื่องใน,12.0,,44.0,,1.0,,,,,,,,,20,,,274,,,,,495,726,,,,,2,0.0,,,,,,,,,4.0,,,,,0,,,,,,,,,,,,,138,,,3,,,,,,,,,,2.0,,3.0,,,,4
อุบลราชธานี,2,เขื่องใน,เขื่องใน,13.0,,23.0,,1.0,,,,,,,,,16,,,181,,,,,342,521,,,,,4,0.0,,,,,,,,,2.0,,,,,0,,,,,,,,,,,,,111,,,0,,,,,,,,,,0.0,,0.0,,,,4
อุบลราชธานี,2,เขื่องใน,เขื่องใน,2.0,,0.0,,0.0,,,,,,,,,0,,,0,,,,,0,0,,,,,0,0.0,,,,,,,,,0.0,,,,,0,,,,,,,,,,,,,0,,,0,,,,,,,,,,0.0,,0.0,,,,0
อุบลราชธานี,2,เขื่องใน,เขื่องใน,3.0,,0.0,,0.0,,,,,,,,,0,,,0,,,,,0,0,,,,,0,0.0,,,,,,,,,0.0,,,,,0,,,,,,,,,,,,,0,,,0,,,,,,,,,,0.0,,0.0,,,,0
อุบลราชธานี,2,เขื่องใน,เขื่องใน,4.0,,0.0,,0.0,,,,,,,,,0,,,0,,,,,0,0,,,,,0,0.0,,,,,,,,,0.0,,,,,0,,,,,,,,,,,,,0,,,0,,,,,,,,,,0.0,,0.0,,,,0
อุบลราชธานี,2,เขื่องใน,เขื่องใน,5.0,,39.0,,0.0,,,,,,,,,18,,,219,,,,,0,0,,,,,10,2.0,,,,,,,,,1.0,,,,,0,,,,,,,,,,,,,85,,,1,,,,,,,,,,1.0,,0.0,,,,5
อุบลราชธานี,2,เขื่องใน,เขื่องใน,6.0,,0.0,,0.0,,,,,,,,,0,,,0,,,,,0,0,,,,,0,0.0,,,,,,,,,0.0,,,,,0,,,,,,,,,,,,,0,,,0,,,,,,,,,,0.0,,0.0,,,,0
อุบลราชธานี,2,เขื่องใน,เขื่องใน,7.0,,20.0,,0.0,,,,,,,,,5,,,201,,,,,0,0,,,,,6,0.0,,,,,,,,,2.0,,,,,0,,,,,,,,,,,,,35,,,1,,,,,,,,,,0.0,,3.0,,,,5
อุบลราชธานี,2,เขื่องใน,เขื่องใน,8.0,,0.0,,0.0,,,,,,,,,0,,,0,,,,,0,0,,,,,0,0.0,,,,,,,,,0.0,,,,,0,,,,,,,,,,,,,0,,,0,,,,,,,,,,0.0,,0.0,,,,0
อุบลราชธานี,2,เขื่องใน,เขื่องใน,9.0,,20.0,,0.0,,,,,,,,,5,,,201,,,,,278,407,,,,,6,0.0,,,,,,,,,2.0,,,,,0,,,,,,,,,,,,,35,,,1,,,,,,,,,,0.0,,3.0,,,,5
อุบลราชธานี,2,เขื่องใน,แดงหม้อ,1.0,,39.0,,0.0,,,,,,,,,17,,,171,,,,,390,635,,,,,6,0.0,,,,,,,,,4.0,,,,,0,,,,,,,,,,,,,145,,,3,,,,,,,,,,1.0,,1.0,,,,3
อุบลราชธานี,2,เขื่องใน,แดงหม้อ,2.0,,33.0,,1.0,,,,,,,,,17,,,163,,,,,400,666,,,,,13,0.0,,,,,,,,,2.0,,,,,0,,,,,,,,,,,,,158,,,0,,,,,,,,,,0.0,,2.0,,,,11
อุบลราชธานี,2,เขื่องใน,แดงหม้อ,3.0,,15.0,,0.0,,,,,,,,,8,,,44,,,,,130,218,,,,,2,0.0,,,,,,,,,1.0,,,,,0,,,,,,,,,,,,,58,,,0,,,,,,,,,,0.0,,1.0,,,,1
อุบลราชธานี,2,เขื่องใน,แดงหม้อ,4.0,,8.0,,0.0,,,,,,,,,8,,,64,,,,,170,282,,,,,8,1.0,,,,,,,,,2.0,,,,,0,,,,,,,,,,,,,72,,,0,,,,,,,,,,1.0,,1.0,,,,5
อุบลราชธานี,2,เขื่องใน,แดงหม้อ,5.0,,39.0,,1.0,,,,,,,,,12,,,110,,,,,265,405,,,,,7,0.0,,,,,,,,,1.0,,,,,0,,,,,,,,,,,,,87,,,2,,,,,,,,,,0.0,,1.0,,,,5
อุบลราชธานี,2,เขื่องใน,แดงหม้อ,6.0,,24.0,,1.0,,,,,,,,,10,,,90,,,,,199,338,,,,,3,0.0,,,,,,,,,0.0,,,,,0,,,,,,,,,,,,,70,,,0,,,,,,,,,,0.0,,0.0,,,,1
อุบลราชธานี,2,เขื่องใน,โนนรัง,1.0,,39.0,,0.0,,,,,,,,,20,,,127,,,,,338,538,,,,,1,1.0,,,,,,,,,1.0,,,,,0,,,,,,,,,,,,,144,,,2,,,,,,,,,,2.0,,0.0,,,,1
อุบลราชธานี,2,เขื่องใน,โนนรัง,2.0,,63.0,,1.0,,,,,,,,,22,,,268,,,,,574,924,,,,,16,0.0,,,,,,,,,4.0,,,,,0,,,,,,,,,,,,,192,,,2,,,,,,,,,,0.0,,3.0,,,,3
อุบลราชธานี,2,เขื่องใน,โนนรัง,3.0,,38.0,,0.0,,,,,,,,,5,,,164,,,,,319,513,,,,,9,0.0,,,,,,,,,1.0,,,,,0,,,,,,,,,,,,,99,,,1,,,,,,,,,,0.0,,1.0,,,,1
อุบลราชธานี,2,เขื่องใน,โนนรัง,4.0,,29.0,,0.0,,,,,,,,,16,,,177,,,,,355,595,,,,,11,0.0,,,,,,,,,1.0,,,,,0,,,,,,,,,,,,,113,,,1,,,,,,,,,,1.0,,0.0,,,,6
อุบลราชธานี,2,เขื่องใน,โนนรัง,5.0,,13.0,,0.0,,,,,,,,,14,,,119,,,,,211,344,,,,,3,0.0,,,,,,,,,1.0,,,,,0,,,,,,,,,,,,,57,,,0,,,,,,,,,,0.0,,1.0,,,,3
อุบลราชธานี,2,เขื่องใน,โนนรัง,6.0,,9.0,,1.0,,,,,,,,,5,,,27,,,,,89,123,,,,,8,0.0,,,,,,,,,0.0,,,,,0,,,,,,,,,,,,,35,,,0,,,,,,,,,,0.0,,0.0,,,,4
อุบลราชธานี,2,เขื่องใน,โนนรัง,7.0,,15.0,,1.0,,,,,,,,,15,,,210,,,,,339,525,,,,,1,0.0,,,,,,,,,0.0,,,,,0,,,,,,,,,,,,,84,,,2,,,,,,,,,,0.0,,3.0,,,,8
อุบลราชธานี,2,เมืองอุบลราชธานี,ขี้เหล็ก,1.0,,54.0,,4.0,,,,,,,,,21,,,118,,,,,331,417,,,,,3,0.0,,,,,,,,,1.0,,,,,0,,,,,,,,,,,,,112,,,4,,,,,,,,,,0.0,,1.0,,,,13
อุบลราชธานี,2,เมืองอุบลราชธานี,ขี้เหล็ก,10.0,,17.0,,2.0,,,,,,,,,8,,,65,,,,,181,216,,,,,2,0.0,,,,,,,,,1.0,,,,,0,,,,,,,,,,,,,82,,,0,,,,,,,,,,1.0,,1.0,,,,2
อุบลราชธานี,2,เมืองอุบลราชธานี,ขี้เหล็ก,11.0,,63.0,,0.0,,,,,,,,,12,,,45,,,,,271,336,,,,,14,1.0,,,,,,,,,3.0,,,,,0,,,,,,,,,,,,,107,,,1,,,,,,,,,,0.0,,3.0,,,,22
อุบลราชธานี,2,เมืองอุบลราชธานี,ขี้เหล็ก,2.0,,106.0,,2.0,,,,,,,,,16,,,196,,,,,484,625,,,,,3,1.0,,,,,,,,,7.0,,,,,0,,,,,,,,,,,,,139,,,1,,,,,,,,,,0.0,,1.0,,,,12
อุบลราชธานี,2,เมืองอุบลราชธานี,ขี้เหล็ก,3.0,,70.0,,2.0,,,,,,,,,27,,,136,,,,,434,549,,,,,5,2.0,,,,,,,,,3.0,,,,,0,,,,,,,,,,,,,169,,,1,,,,,,,,,,2.0,,2.0,,,,15
อุบลราชธานี,2,เมืองอุบลราชธานี,ขี้เหล็ก,4.0,,87.0,,1.0,,,,,,,,,23,,,189,,,,,499,626,,,,,4,4.0,,,,,,,,,6.0,,,,,0,,,,,,,,,,,,,173,,,0,,,,,,,,,,1.0,,0.0,,,,11
อุบลราชธานี,2,เมืองอุบลราชธานี,ขี้เหล็ก,5.0,,98.0,,4.0,,,,,,,,,25,,,146,,,,,501,570,,,,,11,2.0,,,,,,,,,3.0,,,,,0,,,,,,,,,,,,,184,,,2,,,,,,,,,,1.0,,5.0,,,,20
อุบลราชธานี,2,เมืองอุบลราชธานี,ขี้เหล็ก,6.0,,138.0,,2.0,,,,,,,,,24,,,224,,,,,605,765,,,,,3,0.0,,,,,,,,,4.0,,,,,0,,,,,,,,,,,,,187,,,6,,,,,,,,,,1.0,,2.0,,,,14
อุบลราชธานี,2,เมืองอุบลราชธานี,ขี้เหล็ก,7.0,,73.0,,2.0,,,,,,,,,12,,,86,,,,,318,390,,,,,6,0.0,,,,,,,,,1.0,,,,,0,,,,,,,,,,,,,130,,,3,,,,,,,,,,0.0,,1.0,,,,4
อุบลราชธานี,2,เมืองอุบลราชธานี,ขี้เหล็ก,8.0,,87.0,,2.0,,,,,,,,,30,,,187,,,,,455,549,,,,,9,0.0,,,,,,,,,2.0,,,,,0,,,,,,,,,,,,,113,,,0,,,,,,,,,,0.0,,1.0,,,,24
อุบลราชธานี,2,เมืองอุบลราชธานี,ขี้เหล็ก,9.0,,54.0,,2.0,,,,,,,,,24,,,81,,,,,281,322,,,,,5,1.0,,,,,,,,,2.0,,,,,0,,,,,,,,,,,,,95,,,4,,,,,,,,,,0.0,,2.0,,,,11
อุบลราชธานี,2,เมืองอุบลราชธานี,ปะอาว,1.0,,32.0,,0.0,,,,,,,,,7,,,62,,,,,206,269,,,,,7,0.0,,,,,,,,,0.0,,,,,0,,,,,,,,,,,,,95,,,2,,,,,,,,,,0.0,,1.0,,,,0
อุบลราชธานี,2,เมืองอุบลราชธานี,ปะอาว,2.0,,31.0,,0.0,,,,,,,,,9,,,62,,,,,287,361,,,,,20,0.0,,,,,,,,,2.0,,,,,0,,,,,,,,,,,,,156,,,2,,,,,,,,,,0.0,,0.0,,,,5
อุบลราชธานี,2,เมืองอุบลราชธานี,ปะอาว,3.0,,62.0,,2.0,,,,,,,,,12,,,97,,,,,417,634,,,,,8,3.0,,,,,,,,,3.0,,,,,0,,,,,,,,,,,,,221,,,2,,,,,,,,,,0.0,,0.0,,,,7
อุบลราชธานี,2,เมืองอุบลราชธานี,ปะอาว,4.0,,56.0,,1.0,,,,,,,,,13,,,83,,,,,295,401,,,,,4,0.0,,,,,,,,,3.0,,,,,0,,,,,,,,,,,,,127,,,2,,,,,,,,,,2.0,,3.0,,,,1
อุบลราชธานี,2,เมืองอุบลราชธานี,ปะอาว,5.0,,69.0,,1.0,,,,,,,,,30,,,109,,,,,474,745,,,,,9,1.0,,,,,,,,,0.0,,,,,0,,,,,,,,,,,,,246,,,1,,,,,,,,,,2.0,,0.0,,,,6
อุบลราชธานี,2,เมืองอุบลราชธานี,ปะอาว,6.0,,45.0,,0.0,,,,,,,,,19,,,57,,,,,281,465,,,,,13,0.0,,,,,,,,,1.0,,,,,0,,,,,,,,,,,,,143,,,1,,,,,,,,,,0.0,,0.0,,,,2
อุบลราชธานี,2,เมืองอุบลราชธานี,ปะอาว,7.0,,57.0,,0.0,,,,,,,,,8,,,17,,,,,329,469,,,,,8,0.0,,,,,,,,,3.0,,,,,0,,,,,,,,,,,,,165,,,2,,,,,,,,,,1.0,,0.0,,,,8
อุบลราชธานี,2,เมืองอุบลราชธานี,ปะอาว,8.0,,68.0,,0.0,,,,,,,,,41,,,140,,,,,417,575,,,,,11,0.0,,,,,,,,,5.0,,,,,0,,,,,,,,,,,,,144,,,2,,,,,,,,,,1.0,,2.0,,,,3
อุบลราชธานี,2,เมืองอุบลราชธานี,ปะอาว,9.0,,46.0,,0.0,,,,,,,,,21,,,119,,,,,291,433,,,,,2,1.0,,,,,,,,,2.0,,,,,0,,,,,,,,,,,,,93,,,2,,,,,,,,,,1.0,,0.0,,,,4
อุบลราชธานี,2,เมืองอุบลราชธานี,หนองขอน,1.0,,0.0,,0.0,,,,,,,,,0,,,0,,,,,0,0,,,,,0,0.0,,,,,,,,,0.0,,,,,0,,,,,,,,,,,,,0,,,0,,,,,,,,,,0.0,,0.0,,,,0
อุบลราชธานี,2,เมืองอุบลราชธานี,หนองขอน,10.0,,121.0,,3.0,,,,,,,,,27,,,238,,,,,602,811,,,,,16,1.0,,,,,,,,,5.0,,,,,0,,,,,,,,,,,,,169,,,2,,,,,,,,,,2.0,,3.0,,,,15
อุบลราชธานี,2,เมืองอุบลราชธานี,หนองขอน,11.0,,114.0,,2.0,,,,,,,,,25,,,148,,,,,459,592,,,,,6,2.0,,,,,,,,,9.0,,,,,0,,,,,,,,,,,,,119,,,6,,,,,,,,,,3.0,,3.0,,,,22
อุบลราชธานี,2,เมืองอุบลราชธานี,หนองขอน,12.0,,40.0,,0.0,,,,,,,,,17,,,174,,,,,338,388,,,,,1,0.0,,,,,,,,,1.0,,,,,0,,,,,,,,,,,,,95,,,2,,,,,,,,,,0.0,,2.0,,,,6
อุบลราชธานี,2,เมืองอุบลราชธานี,หนองขอน,13.0,,34.0,,1.0,,,,,,,,,9,,,93,,,,,236,285,,,,,4,1.0,,,,,,,,,3.0,,,,,0,,,,,,,,,,,,,85,,,0,,,,,,,,,,0.0,,1.0,,,,5
อุบลราชธานี,2,เมืองอุบลราชธานี,หนองขอน,14.0,,40.0,,2.0,,,,,,,,,12,,,100,,,,,265,332,,,,,2,3.0,,,,,,,,,2.0,,,,,0,,,,,,,,,,,,,82,,,6,,,,,,,,,,1.0,,0.0,,,,15
อุบลราชธานี,2,เมืองอุบลราชธานี,หนองขอน,15.0,,46.0,,2.0,,,,,,,,,2,,,68,,,,,224,285,,,,,2,2.0,,,,,,,,,3.0,,,,,0,,,,,,,,,,,,,94,,,1,,,,,,,,,,2.0,,2.0,,,,0
อุบลราชธานี,2,เมืองอุบลราชธานี,หนองขอน,2.0,,81.0,,4.0,,,,,,,,,23,,,216,,,,,484,593,,,,,5,0.0,,,,,,,,,7.0,,,,,0,,,,,,,,,,,,,129,,,5,,,,,,,,,,1.0,,1.0,,,,12
อุบลราชธานี,2,เมืองอุบลราชธานี,หนองขอน,3.0,,151.0,,2.0,,,,,,,,,42,,,208,,,,,702,841,,,,,14,2.0,,,,,,,,,7.0,,,,,0,,,,,,,,,,,,,215,,,4,,,,,,,,,,3.0,,1.0,,,,53
อุบลราชธานี,2,เมืองอุบลราชธานี,หนองขอน,4.0,,71.0,,2.0,,,,,,,,,24,,,167,,,,,375,475,,,,,2,1.0,,,,,,,,,2.0,,,,,0,,,,,,,,,,,,,86,,,9,,,,,,,,,,1.0,,1.0,,,,9
อุบลราชธานี,2,เมืองอุบลราชธานี,หนองขอน,5.0,,62.0,,4.0,,,,,,,,,20,,,105,,,,,356,462,,,,,3,3.0,,,,,,,,,4.0,,,,,0,,,,,,,,,,,,,137,,,2,,,,,,,,,,2.0,,0.0,,,,14
อุบลราชธานี,2,เมืองอุบลราชธานี,หนองขอน,6.0,,82.0,,2.0,,,,,,,,,23,,,141,,,,,395,570,,,,,1,1.0,,,,,,,,,4.0,,,,,0,,,,,,,,,,,,,116,,,3,,,,,,,,,,0.0,,2.0,,,,20
อุบลราชธานี,2,เมืองอุบลราชธานี,หนองขอน,7.0,,99.0,,2.0,,,,,,,,,23,,,91,,,,,411,534,,,,,9,0.0,,,,,,,,,4.0,,,,,0,,,,,,,,,,,,,168,,,1,,,,,,,,,,2.0,,2.0,,,,10
อุบลราชธานี,2,เมืองอุบลราชธานี,หนองขอน,8.0,,106.0,,1.0,,,,,,,,,16,,,111,,,,,384,493,,,,,10,0.0,,,,,,,,,0.0,,,,,0,,,,,,,,,,,,,126,,,0,,,,,,,,,,1.0,,1.0,,,,12
อุบลราชธานี,2,เมืองอุบลราชธานี,หนองขอน,9.0,,84.0,,2.0,,,,,,,,,13,,,112,,,,,379,493,,,,,8,2.0,,,,,,,,,2.0,,,,,0,,,,,,,,,,,,,114,,,2,,,,,,,,,,4.0,,2.0,,,,34
อุบลราชธานี,2,เมืองอุบลราชธานี,หัวเรือ,1.0,,90.0,,1.0,,,,,,,,,25,,,146,,,,,455,577,,,,,14,0.0,,,,,,,,,5.0,,,,,0,,,,,,,,,,,,,140,,,2,,,,,,,,,,2.0,,2.0,,,,18
อุบลราชธานี,2,เมืองอุบลราชธานี,หัวเรือ,10.0,,36.0,,0.0,,,,,,,,,11,,,142,,,,,282,340,,,,,3,0.0,,,,,,,,,0.0,,,,,0,,,,,,,,,,,,,80,,,2,,,,,,,,,,3.0,,1.0,,,,4
อุบลราชธานี,2,เมืองอุบลราชธานี,หัวเรือ,11.0,,92.0,,2.0,,,,,,,,,17,,,212,,,,,476,579,,,,,7,1.0,,,,,,,,,3.0,,,,,0,,,,,,,,,,,,,127,,,1,,,,,,,,,,0.0,,2.0,,,,12
อุบลราชธานี,2,เมืองอุบลราชธานี,หัวเรือ,12.0,,82.0,,2.0,,,,,,,,,19,,,164,,,,,412,495,,,,,7,3.0,,,,,,,,,4.0,,,,,0,,,,,,,,,,,,,109,,,1,,,,,,,,,,1.0,,4.0,,,,16
อุบลราชธานี,2,เมืองอุบลราชธานี,หัวเรือ,13.0,,36.0,,3.0,,,,,,,,,16,,,139,,,,,318,399,,,,,4,2.0,,,,,,,,,1.0,,,,,0,,,,,,,,,,,,,113,,,1,,,,,,,,,,0.0,,0.0,,,,3
อุบลราชธานี,2,เมืองอุบลราชธานี,หัวเรือ,14.0,,37.0,,1.0,,,,,,,,,16,,,79,,,,,269,332,,,,,1,0.0,,,,,,,,,3.0,,,,,0,,,,,,,,,,,,,131,,,0,,,,,,,,,,1.0,,0.0,,,,0
อุบลราชธานี,2,เมืองอุบลราชธานี,หัวเรือ,15.0,,54.0,,1.0,,,,,,,,,13,,,81,,,,,317,389,,,,,6,1.0,,,,,,,,,0.0,,,,,0,,,,,,,,,,,,,156,,,0,,,,,,,,,,0.0,,2.0,,,,3
อุบลราชธานี,2,เมืองอุบลราชธานี,หัวเรือ,16.0,,56.0,,0.0,,,,,,,,,16,,,145,,,,,302,361,,,,,2,1.0,,,,,,,,,1.0,,,,,0,,,,,,,,,,,,,74,,,0,,,,,,,,,,2.0,,2.0,,,,3
อุบลราชธานี,2,เมืองอุบลราชธานี,หัวเรือ,2.0,,107.0,,0.0,,,,,,,,,27,,,121,,,,,480,581,,,,,11,2.0,,,,,,,,,5.0,,,,,0,,,,,,,,,,,,,195,,,1,,,,,,,,,,1.0,,1.0,,,,9
อุบลราชธานี,2,เมืองอุบลราชธานี,หัวเรือ,3.0,,70.0,,0.0,,,,,,,,,10,,,161,,,,,332,430,,,,,4,1.0,,,,,,,,,0.0,,,,,0,,,,,,,,,,,,,75,,,2,,,,,,,,,,2.0,,0.0,,,,7
อุบลราชธานี,2,เมืองอุบลราชธานี,หัวเรือ,4.0,,96.0,,1.0,,,,,,,,,19,,,120,,,,,411,508,,,,,4,0.0,,,,,,,,,1.0,,,,,0,,,,,,,,,,,,,158,,,2,,,,,,,,,,2.0,,0.0,,,,8
อุบลราชธานี,2,เมืองอุบลราชธานี,หัวเรือ,5.0,,91.0,,3.0,,,,,,,,,24,,,200,,,,,542,681,,,,,13,3.0,,,,,,,,,2.0,,,,,0,,,,,,,,,,,,,189,,,2,,,,,,,,,,5.0,,1.0,,,,9
อุบลราชธานี,2,เมืองอุบลราชธานี,หัวเรือ,6.0,,100.0,,1.0,,,,,,,,,17,,,117,,,,,446,533,,,,,15,1.0,,,,,,,,,2.0,,,,,0,,,,,,,,,,,,,174,,,3,,,,,,,,,,2.0,,2.0,,,,12
อุบลราชธานี,2,เมืองอุบลราชธานี,หัวเรือ,7.0,,103.0,,1.0,,,,,,,,,22,,,223,,,,,494,644,,,,,11,2.0,,,,,,,,,1.0,,,,,0,,,,,,,,,,,,,110,,,3,,,,,,,,,,0.0,,4.0,,,,14
อุบลราชธานี,2,เมืองอุบลราชธานี,หัวเรือ,8.0,,55.0,,0.0,,,,,,,,,20,,,97,,,,,296,375,,,,,8,2.0,,,,,,,,,5.0,,,,,0,,,,,,,,,,,,,104,,,1,,,,,,,,,,0.0,,1.0,,,,3
อุบลราชธานี,2,เมืองอุบลราชธานี,หัวเรือ,9.0,,73.0,,0.0,,,,,,,,,19,,,9,,,,,273,334,,,,,3,1.0,,,,,,,,,1.0,,,,,0,,,,,,,,,,,,,67,,,4,,,,,,,,,,1.0,,1.0,,,,12
อุบลราชธานี,2,เมืองอุบลราชธานี,ไร่น้อย,1.0,,281.0,,3.0,,,,,,,,,34,,,65,,,,,667,900,,,,,15,4.0,,,,,,,,,14.0,,,,,0,,,,,,,,,,,,,184,,,9,,,,,,,,,,7.0,,2.0,,,,49
อุบลราชธานี,2,เมืองอุบลราชธานี,ไร่น้อย,10.0,,137.0,,3.0,,,,,,,,,32,,,292,,,,,673,841,,,,,12,2.0,,,,,,,,,3.0,,,,,0,,,,,,,,,,,,,167,,,3,,,,,,,,,,4.0,,3.0,,,,15
อุบลราชธานี,2,เมืองอุบลราชธานี,ไร่น้อย,11.0,,86.0,,5.0,,,,,,,,,34,,,130,,,,,404,515,,,,,5,2.0,,,,,,,,,4.0,,,,,0,,,,,,,,,,,,,123,,,3,,,,,,,,,,1.0,,2.0,,,,9
อุบลราชธานี,2,เมืองอุบลราชธานี,ไร่น้อย,12.0,,60.0,,3.0,,,,,,,,,19,,,147,,,,,416,528,,,,,5,0.0,,,,,,,,,5.0,,,,,0,,,,,,,,,,,,,163,,,3,,,,,,,,,,2.0,,6.0,,,,3
อุบลราชธานี,2,เมืองอุบลราชธานี,ไร่น้อย,13.0,,77.0,,1.0,,,,,,,,,16,,,181,,,,,406,545,,,,,3,1.0,,,,,,,,,3.0,,,,,0,,,,,,,,,,,,,118,,,2,,,,,,,,,,1.0,,0.0,,,,3
อุบลราชธานี,2,เมืองอุบลราชธานี,ไร่น้อย,14.0,,24.0,,0.0,,,,,,,,,11,,,78,,,,,164,222,,,,,1,0.0,,,,,,,,,1.0,,,,,0,,,,,,,,,,,,,42,,,0,,,,,,,,,,1.0,,3.0,,,,3
อุบลราชธานี,2,เมืองอุบลราชธานี,ไร่น้อย,15.0,,91.0,,3.0,,,,,,,,,43,,,116,,,,,479,698,,,,,7,3.0,,,,,,,,,5.0,,,,,0,,,,,,,,,,,,,187,,,3,,,,,,,,,,3.0,,1.0,,,,17
อุบลราชธานี,2,เมืองอุบลราชธานี,ไร่น้อย,16.0,,140.0,,8.0,,,,,,,,,35,,,149,,,,,544,715,,,,,14,2.0,,,,,,,,,6.0,,,,,0,,,,,,,,,,,,,164,,,5,,,,,,,,,,0.0,,3.0,,,,18
อุบลราชธานี,2,เมืองอุบลราชธานี,ไร่น้อย,17.0,,174.0,,5.0,,,,,,,,,29,,,96,,,,,496,668,,,,,6,8.0,,,,,,,,,8.0,,,,,0,,,,,,,,,,,,,122,,,10,,,,,,,,,,2.0,,3.0,,,,33
อุบลราชธานี,2,เมืองอุบลราชธานี,ไร่น้อย,18.0,,206.0,,8.0,,,,,,,,,15,,,89,,,,,508,678,,,,,12,3.0,,,,,,,,,9.0,,,,,0,,,,,,,,,,,,,134,,,5,,,,,,,,,,4.0,,1.0,,,,22
อุบลราชธานี,2,เมืองอุบลราชธานี,ไร่น้อย,19.0,,220.0,,5.0,,,,,,,,,17,,,118,,,,,600,802,,,,,7,0.0,,,,,,,,,6.0,,,,,0,,,,,,,,,,,,,176,,,8,,,,,,,,,,7.0,,0.0,,,,36
อุบลราชธานี,2,เมืองอุบลราชธานี,ไร่น้อย,2.0,,349.0,,6.0,,,,,,,,,16,,,61,,,,,693,901,,,,,21,2.0,,,,,,,,,11.0,,,,,0,,,,,,,,,,,,,150,,,13,,,,,,,,,,14.0,,2.0,,,,48
อุบลราชธานี,2,เมืองอุบลราชธานี,ไร่น้อย,20.0,,249.0,,9.0,,,,,,,,,18,,,88,,,,,629,829,,,,,13,1.0,,,,,,,,,3.0,,,,,0,,,,,,,,,,,,,179,,,17,,,,,,,,,,10.0,,0.0,,,,42
อุบลราชธานี,2,เมืองอุบลราชธานี,ไร่น้อย,21.0,,312.0,,3.0,,,,,,,,,16,,,53,,,,,640,793,,,,,19,5.0,,,,,,,,,7.0,,,,,0,,,,,,,,,,,,,167,,,9,,,,,,,,,,5.0,,1.0,,,,43
อุบลราชธานี,2,เมืองอุบลราชธานี,ไร่น้อย,22.0,,92.0,,5.0,,,,,,,,,22,,,157,,,,,399,509,,,,,2,0.0,,,,,,,,,0.0,,,,,0,,,,,,,,,,,,,104,,,6,,,,,,,,,,1.0,,2.0,,,,8
อุบลราชธานี,2,เมืองอุบลราชธานี,ไร่น้อย,23.0,,63.0,,3.0,,,,,,,,,15,,,144,,,,,366,455,,,,,5,1.0,,,,,,,,,5.0,,,,,0,,,,,,,,,,,,,121,,,3,,,,,,,,,,0.0,,2.0,,,,4
อุบลราชธานี,2,เมืองอุบลราชธานี,ไร่น้อย,24.0,,93.0,,2.0,,,,,,,,,20,,,113,,,,,355,461,,,,,3,1.0,,,,,,,,,2.0,,,,,0,,,,,,,,,,,,,89,,,6,,,,,,,,,,2.0,,0.0,,,,24
อุบลราชธานี,2,เมืองอุบลราชธานี,ไร่น้อย,25.0,,161.0,,8.0,,,,,,,,,22,,,131,,,,,482,685,,,,,7,3.0,,,,,,,,,6.0,,,,,0,,,,,,,,,,,,,108,,,4,,,,,,,,,,6.0,,0.0,,,,26
อุบลราชธานี,2,เมืองอุบลราชธานี,ไร่น้อย,26.0,,146.0,,7.0,,,,,,,,,27,,,133,,,,,496,680,,,,,10,1.0,,,,,,,,,8.0,,,,,0,,,,,,,,,,,,,125,,,8,,,,,,,,,,0.0,,4.0,,,,27
อุบลราชธานี,2,เมืองอุบลราชธานี,ไร่น้อย,27.0,,217.0,,12.0,,,,,,,,,19,,,78,,,,,515,680,,,,,8,2.0,,,,,,,,,10.0,,,,,0,,,,,,,,,,,,,117,,,5,,,,,,,,,,4.0,,0.0,,,,43
อุบลราชธานี,2,เมืองอุบลราชธานี,ไร่น้อย,28.0,,127.0,,8.0,,,,,,,,,30,,,96,,,,,445,614,,,,,8,4.0,,,,,,,,,8.0,,,,,0,,,,,,,,,,,,,126,,,2,,,,,,,,,,6.0,,4.0,,,,26
อุบลราชธานี,2,เมืองอุบลราชธานี,ไร่น้อย,29.0,,193.0,,4.0,,,,,,,,,14,,,111,,,,,472,614,,,,,7,2.0,,,,,,,,,10.0,,,,,0,,,,,,,,,,,,,105,,,3,,,,,,,,,,1.0,,3.0,,,,19
อุบลราชธานี,2,เมืองอุบลราชธานี,ไร่น้อย,3.0,,179.0,,6.0,,,,,,,,,38,,,95,,,,,533,757,,,,,8,3.0,,,,,,,,,7.0,,,,,0,,,,,,,,,,,,,150,,,9,,,,,,,,,,9.0,,2.0,,,,27
อุบลราชธานี,2,เมืองอุบลราชธานี,ไร่น้อย,30.0,,166.0,,8.0,,,,,,,,,16,,,61,,,,,453,641,,,,,10,1.0,,,,,,,,,4.0,,,,,0,,,,,,,,,,,,,150,,,3,,,,,,,,,,1.0,,1.0,,,,32
อุบลราชธานี,2,เมืองอุบลราชธานี,ไร่น้อย,31.0,,197.0,,8.0,,,,,,,,,22,,,66,,,,,495,650,,,,,12,1.0,,,,,,,,,0.0,,,,,0,,,,,,,,,,,,,130,,,15,,,,,,,,,,10.0,,1.0,,,,33
อุบลราชธานี,2,เมืองอุบลราชธานี,ไร่น้อย,32.0,,157.0,,7.0,,,,,,,,,24,,,100,,,,,468,630,,,,,5,7.0,,,,,,,,,8.0,,,,,0,,,,,,,,,,,,,122,,,8,,,,,,,,,,5.0,,1.0,,,,24
อุบลราชธานี,2,เมืองอุบลราชธานี,ไร่น้อย,33.0,,181.0,,7.0,,,,,,,,,34,,,66,,,,,465,633,,,,,6,1.0,,,,,,,,,12.0,,,,,0,,,,,,,,,,,,,112,,,3,,,,,,,,,,4.0,,4.0,,,,35
อุบลราชธานี,2,เมืองอุบลราชธานี,ไร่น้อย,34.0,,264.0,,3.0,,,,,,,,,32,,,147,,,,,687,922,,,,,13,5.0,,,,,,,,,12.0,,,,,0,,,,,,,,,,,,,164,,,1,,,,,,,,,,6.0,,2.0,,,,38
อุบลราชธานี,2,เมืองอุบลราชธานี,ไร่น้อย,4.0,,158.0,,5.0,,,,,,,,,10,,,101,,,,,235,888,,,,,5,4.0,,,,,,,,,5.0,,,,,0,,,,,,,,,,,,,46,,,4,,,,,,,,,,2.0,,4.0,,,,9
อุบลราชธานี,2,เมืองอุบลราชธานี,ไร่น้อย,5.0,,260.0,,6.0,,,,,,,,,35,,,69,,,,,690,945,,,,,15,1.0,,,,,,,,,11.0,,,,,0,,,,,,,,,,,,,231,,,10,,,,,,,,,,3.0,,5.0,,,,44
อุบลราชธานี,2,เมืองอุบลราชธานี,ไร่น้อย,6.0,,321.0,,10.0,,,,,,,,,24,,,62,,,,,700,944,,,,,14,2.0,,,,,,,,,9.0,,,,,0,,,,,,,,,,,,,176,,,9,,,,,,,,,,7.0,,6.0,,,,60
อุบลราชธานี,2,เมืองอุบลราชธานี,ไร่น้อย,7.0,,148.0,,4.0,,,,,,,,,48,,,158,,,,,515,714,,,,,6,2.0,,,,,,,,,5.0,,,,,0,,,,,,,,,,,,,114,,,5,,,,,,,,,,2.0,,0.0,,,,24
อุบลราชธานี,2,เมืองอุบลราชธานี,ไร่น้อย,8.0,,201.0,,6.0,,,,,,,,,28,,,141,,,,,555,718,,,,,5,6.0,,,,,,,,,5.0,,,,,0,,,,,,,,,,,,,126,,,4,,,,,,,,,,2.0,,3.0,,,,28
อุบลราชธานี,2,เมืองอุบลราชธานี,ไร่น้อย,9.0,,73.0,,3.0,,,,,,,,,19,,,39,,,,,260,341,,,,,7,0.0,,,,,,,,,3.0,,,,,0,,,,,,,,,,,,,96,,,4,,,,,,,,,,1.0,,2.0,,,,13
อุบลราชธานี,2,,,,,5.0,,0.0,,,,,,,,,0,,,2,,,,,9,9,,,,,0,0.0,,,,,,,,,0.0,,,,,0,,,,,,,,,,,,,2,,,0,,,,,,,,,,0.0,,0.0,,,,0
อุบลราชธานี,2,,,,,341.0,,10.0,,,,,,,,,25,,,110,,,,,714,780,,,,,12,7.0,,,,,,,,,8.0,,,,,0,,,,,,,,,,,,,200,,,14,,,,,,,,,,4.0,,5.0,,,,41
อุบลราชธานี,2,,,,,295.0,,5.0,,,,,,,,,38,,,118,,,,,722,780,,,,,9,5.0,,,,,,,,,11.0,,,,,0,,,,,,,,,,,,,245,,,24,,,,,,,,,,7.0,,3.0,,,,20
อุบลราชธานี,2,,,,,338.0,,8.0,,,,,,,,,23,,,119,,,,,739,780,,,,,23,4.0,,,,,,,,,9.0,,,,,0,,,,,,,,,,,,,216,,,12,,,,,,,,,,6.0,,4.0,,,,18
อุบลราชธานี,2,,,,,339.0,,4.0,,,,,,,,,34,,,111,,,,,717,779,,,,,13,10.0,,,,,,,,,13.0,,,,,0,,,,,,,,,,,,,194,,,20,,,,,,,,,,10.0,,3.0,,,,28
อุบลราชธานี,2,,,,,312.0,,9.0,,,,,,,,,21,,,114,,,,,725,780,,,,,18,7.0,,,,,,,,,6.0,,,,,0,,,,,,,,,,,,,230,,,18,,,,,,,,,,7.0,,4.0,,,,34
อุบลราชธานี,2,,,,,311.0,,1.0,,,,,,,,,28,,,118,,,,,732,780,,,,,7,10.0,,,,,,,,,16.0,,,,,0,,,,,,,,,,,,,242,,,14,,,,,,,,,,7.0,,6.0,,,,20
อุบลราชธานี,2,,,,,328.0,,11.0,,,,,,,,,41,,,121,,,,,740,810,,,,,9,5.0,,,,,,,,,8.0,,,,,0,,,,,,,,,,,,,231,,,15,,,,,,,,,,7.0,,5.0,,,,29
อุบลราชธานี,2,,,,,320.0,,9.0,,,,,,,,,31,,,125,,,,,708,770,,,,,21,9.0,,,,,,,,,10.0,,,,,0,,,,,,,,,,,,,192,,,10,,,,,,,,,,7.0,,5.0,,,,31
อุบลราชธานี,2,,,,,354.0,,7.0,,,,,,,,,22,,,111,,,,,723,779,,,,,15,6.0,,,,,,,,,8.0,,,,,0,,,,,,,,,,,,,199,,,12,,,,,,,,,,6.0,,5.0,,,,34
