error,file,retry_count,rows,status,total_seconds,total_votes
,rawData\อำเภอเขื่องใน\ตำบลกลางใหญ่\หน่วยเลือกตั้งที่ 1\5ทับ18(บช).pdf,1,57,REVIEW,30.005,264
,rawData\อำเภอเขื่องใน\ตำบลกลางใหญ่\หน่วยเลือกตั้งที่ 1\5ทับ18.pdf,1,10,REVIEW,8.106,253
,rawData\อำเภอเขื่องใน\ตำบลกลางใหญ่\หน่วยเลือกตั้งที่ 10\5ทับ18(บช).pdf,1,57,REVIEW,29.966,117
,rawData\อำเภอเขื่องใน\ตำบลกลางใหญ่\หน่วยเลือกตั้งที่ 10\5ทับ18.pdf,1,10,REVIEW,8.298,254
,rawData\อำเภอเขื่องใน\ตำบลกลางใหญ่\หน่วยเลือกตั้งที่ 11\5ทับ18(บช).pdf,1,57,REVIEW,27.81,145
,rawData\อำเภอเขื่องใน\ตำบลกลางใหญ่\หน่วยเลือกตั้งที่ 11\5ทับ18.pdf,1,10,REVIEW,7.447,181
,rawData\อำเภอเขื่องใน\ตำบลกลางใหญ่\หน่วยเลือกตั้งที่ 2\5ทับ18(บช).pdf,1,57,REVIEW,27.69,305
,rawData\อำเภอเขื่องใน\ตำบลกลางใหญ่\หน่วยเลือกตั้งที่ 2\5ทับ18.pdf,0,10,PASS,3.954,155
,rawData\อำเภอเขื่องใน\ตำบลกลางใหญ่\หน่วยเลือกตั้งที่ 3\5ทับ18(บช).pdf,0,57,WARNING,13.963,213
,rawData\อำเภอเขื่องใน\ตำบลกลางใหญ่\หน่วยเลือกตั้งที่ 3\5ทับ18.pdf,1,10,REVIEW,8.916,357
,rawData\อำเภอเขื่องใน\ตำบลกลางใหญ่\หน่วยเลือกตั้งที่ 4\5ทับ18(บช).pdf,1,57,REVIEW,30.737,251
,rawData\อำเภอเขื่องใน\ตำบลกลางใหญ่\หน่วยเลือกตั้งที่ 4\5ทับ18.pdf,0,10,PASS,4.107,179
,rawData\อำเภอเขื่องใน\ตำบลกลางใหญ่\หน่วยเลือกตั้งที่ 5\5ทับ18(บช).pdf,1,33,REVIEW,20.507,173
,rawData\อำเภอเขื่องใน\ตำบลกลางใหญ่\หน่วยเลือกตั้งที่ 5\5ทับ18.pdf,1,10,REVIEW,8.913,214
,rawData\อำเภอเขื่องใน\ตำบลกลางใหญ่\หน่วยเลือกตั้งที่ 6\5ทับ18(บช).pdf,0,57,PASS,13.96,185
,rawData\อำเภอเขื่องใน\ตำบลกลางใหญ่\หน่วยเลือกตั้งที่ 6\5ทับ18.pdf,0,10,PASS,3.826,188
,rawData\อำเภอเขื่องใน\ตำบลกลางใหญ่\หน่วยเลือกตั้งที่ 7\5ทับ18(บช).pdf,1,33,REVIEW,16.502,89
,rawData\อำเภอเขื่องใน\ตำบลกลางใหญ่\หน่วยเลือกตั้งที่ 7\5ทับ18.pdf,1,10,REVIEW,9.047,4673
,rawData\อำเภอเขื่องใน\ตำบลกลางใหญ่\หน่วยเลือกตั้งที่ 8\5ทับ18(บช).pdf,1,57,REVIEW,31.828,389
,rawData\อำเภอเขื่องใน\ตำบลกลางใหญ่\หน่วยเลือกตั้งที่ 8\5ทับ18.pdf,0,10,PASS,3.815,206
,rawData\อำเภอเขื่องใน\ตำบลกลางใหญ่\หน่วยเลือกตั้งที่ 9\5ทับ18(บช).pdf,1,57,REVIEW,25.834,2062
,rawData\อำเภอเขื่องใน\ตำบลกลางใหญ่\หน่วยเลือกตั้งที่ 9\5ทับ18.pdf,1,10,REVIEW,9.013,243
,rawData\อำเภอเขื่องใน\ตำบลก่อเอ้\หน่วยเลือกตั้งที่ 1\5 ทับ 18 (บช).pdf,1,57,REVIEW,32.472,340
,rawData\อำเภอเขื่องใน\ตำบลก่อเอ้\หน่วยเลือกตั้งที่ 1\5 ทับ 18.pdf,0,10,PASS,4.241,356
,rawData\อำเภอเขื่องใน\ตำบลก่อเอ้\หน่วยเลือกตั้งที่ 10\5 ทับ 18 (บช).pdf,1,33,REVIEW,21.488,310
,rawData\อำเภอเขื่องใน\ตำบลก่อเอ้\หน่วยเลือกตั้งที่ 10\5 ทับ 18.pdf,1,10,REVIEW,8.12,472
,rawData\อำเภอเขื่องใน\ตำบลก่อเอ้\หน่วยเลือกตั้งที่ 11\5 ทับ 18 (บช).pdf,1,57,REVIEW,38.88,1391
,rawData\อำเภอเขื่องใน\ตำบลก่อเอ้\หน่วยเลือกตั้งที่ 11\5 ทับ 18.pdf,1,10,REVIEW,8.198,472
,rawData\อำเภอเขื่องใน\ตำบลก่อเอ้\หน่วยเลือกตั้งที่ 12\5 ทับ 18 (บช).pdf,1,57,REVIEW,31.825,688
,rawData\อำเภอเขื่องใน\ตำบลก่อเอ้\หน่วยเลือกตั้งที่ 12\5 ทับ 18.pdf,0,10,PASS,4.056,399
,rawData\อำเภอเขื่องใน\ตำบลก่อเอ้\หน่วยเลือกตั้งที่ 2\5 ทับ 18 (บช).pdf,1,33,REVIEW,18.359,296
,rawData\อำเภอเขื่องใน\ตำบลก่อเอ้\หน่วยเลือกตั้งที่ 2\5 ทับ 18.pdf,0,10,PASS,3.946,197
,rawData\อำเภอเขื่องใน\ตำบลก่อเอ้\หน่วยเลือกตั้งที่ 3\5 ทับ 18 (บช).pdf,1,57,REVIEW,33.075,456
,rawData\อำเภอเขื่องใน\ตำบลก่อเอ้\หน่วยเลือกตั้งที่ 3\5 ทับ 18.pdf,1,10,REVIEW,7.8,214
,rawData\อำเภอเขื่องใน\ตำบลก่อเอ้\หน่วยเลือกตั้งที่ 4\5 ทับ 18 (บช).pdf,1,19,REVIEW,10.236,143
,rawData\อำเภอเขื่องใน\ตำบลก่อเอ้\หน่วยเลือกตั้งที่ 4\5 ทับ 18.pdf,1,10,REVIEW,7.983,322
,rawData\อำเภอเขื่องใน\ตำบลก่อเอ้\หน่วยเลือกตั้งที่ 5\5 ทับ 18 (บช).pdf,1,33,REVIEW,17.837,549
,rawData\อำเภอเขื่องใน\ตำบลก่อเอ้\หน่วยเลือกตั้งที่ 5\5 ทับ 18.pdf,1,10,REVIEW,8.739,614
,rawData\อำเภอเขื่องใน\ตำบลก่อเอ้\หน่วยเลือกตั้งที่ 6\5 ทับ 18 (บช).pdf,1,57,REVIEW,30.371,1391
,rawData\อำเภอเขื่องใน\ตำบลก่อเอ้\หน่วยเลือกตั้งที่ 6\5 ทับ 18.pdf,1,10,REVIEW,8.855,1202
,rawData\อำเภอเขื่องใน\ตำบลก่อเอ้\หน่วยเลือกตั้งที่ 7\5 ทับ 18 (บช).pdf,1,55,REVIEW,27.972,379
,rawData\อำเภอเขื่องใน\ตำบลก่อเอ้\หน่วยเลือกตั้งที่ 7\5 ทับ18.pdf,1,10,REVIEW,8.075,421
,rawData\อำเภอเขื่องใน\ตำบลก่อเอ้\หน่วยเลือกตั้งที่ 8\5 ทับ 18 (บช).pdf,1,31,REVIEW,17.493,165
,rawData\อำเภอเขื่องใน\ตำบลก่อเอ้\หน่วยเลือกตั้งที่ 8\5 ทับ 18.pdf,1,10,REVIEW,8.455,614
,rawData\อำเภอเขื่องใน\ตำบลก่อเอ้\หน่วยเลือกตั้งที่ 9\5 ทับ 18 (บช).pdf,1,57,REVIEW,28.012,317
,rawData\อำเภอเขื่องใน\ตำบลก่อเอ้\หน่วยเลือกตั้งที่ 9\5 ทับ 18.pdf,1,10,REVIEW,16.694,966
,rawData\อำเภอเขื่องใน\ตำบลกลางใหญ่\หน่วยเลือกตั้งที่ 1\5ทับ18(บช).pdf,0,57,WARNING,13.882,264
,rawData\อำเภอเขื่องใน\ตำบลกลางใหญ่\หน่วยเลือกตั้งที่ 1\5ทับ18.pdf,0,10,WARNING,5.295,253
,rawData\อำเภอเขื่องใน\ตำบลกลางใหญ่\หน่วยเลือกตั้งที่ 10\5ทับ18(บช).pdf,1,57,REVIEW,29.241,158
,rawData\อำเภอเขื่องใน\ตำบลกลางใหญ่\หน่วยเลือกตั้งที่ 10\5ทับ18.pdf,1,10,REVIEW,7.475,254
,rawData\อำเภอเขื่องใน\ตำบลกลางใหญ่\หน่วยเลือกตั้งที่ 11\5ทับ18(บช).pdf,1,57,REVIEW,30.268,145
,rawData\อำเภอเขื่องใน\ตำบลกลางใหญ่\หน่วยเลือกตั้งที่ 11\5ทับ18.pdf,1,10,REVIEW,8.706,181
,rawData\อำเภอเขื่องใน\ตำบลกลางใหญ่\หน่วยเลือกตั้งที่ 2\5ทับ18(บช).pdf,1,57,REVIEW,31.58,305
,rawData\อำเภอเขื่องใน\ตำบลกลางใหญ่\หน่วยเลือกตั้งที่ 2\5ทับ18.pdf,0,10,PASS,4.601,155
,rawData\อำเภอเขื่องใน\ตำบลกลางใหญ่\หน่วยเลือกตั้งที่ 3\5ทับ18(บช).pdf,0,57,WARNING,16.848,213
,rawData\อำเภอเขื่องใน\ตำบลกลางใหญ่\หน่วยเลือกตั้งที่ 3\5ทับ18.pdf,1,10,REVIEW,9.443,357
,rawData\อำเภอเขื่องใน\ตำบลกลางใหญ่\หน่วยเลือกตั้งที่ 4\5ทับ18(บช).pdf,1,57,REVIEW,35.08,251
,rawData\อำเภอเขื่องใน\ตำบลกลางใหญ่\หน่วยเลือกตั้งที่ 4\5ทับ18.pdf,0,10,PASS,4.002,179
,rawData\อำเภอเขื่องใน\ตำบลกลางใหญ่\หน่วยเลือกตั้งที่ 5\5ทับ18(บช).pdf,1,33,REVIEW,18.39,398
,rawData\อำเภอเขื่องใน\ตำบลกลางใหญ่\หน่วยเลือกตั้งที่ 5\5ทับ18.pdf,1,10,REVIEW,9.114,214
,rawData\อำเภอเขื่องใน\ตำบลกลางใหญ่\หน่วยเลือกตั้งที่ 6\5ทับ18(บช).pdf,0,57,PASS,17.512,185
,rawData\อำเภอเขื่องใน\ตำบลกลางใหญ่\หน่วยเลือกตั้งที่ 6\5ทับ18.pdf,0,10,PASS,4.54,188
,rawData\อำเภอเขื่องใน\ตำบลกลางใหญ่\หน่วยเลือกตั้งที่ 7\5ทับ18(บช).pdf,1,33,REVIEW,17.326,468
,rawData\อำเภอเขื่องใน\ตำบลกลางใหญ่\หน่วยเลือกตั้งที่ 7\5ทับ18.pdf,1,10,REVIEW,8.351,4673
,rawData\อำเภอเขื่องใน\ตำบลกลางใหญ่\หน่วยเลือกตั้งที่ 8\5ทับ18(บช).pdf,1,57,REVIEW,29.739,441
,rawData\อำเภอเขื่องใน\ตำบลกลางใหญ่\หน่วยเลือกตั้งที่ 8\5ทับ18.pdf,0,10,PASS,4.337,206
,rawData\อำเภอเขื่องใน\ตำบลกลางใหญ่\หน่วยเลือกตั้งที่ 9\5ทับ18(บช).pdf,1,52,REVIEW,27.997,1377
,rawData\อำเภอเขื่องใน\ตำบลกลางใหญ่\หน่วยเลือกตั้งที่ 9\5ทับ18.pdf,1,10,REVIEW,8.544,263
,rawData\อำเภอเขื่องใน\ตำบลก่อเอ้\หน่วยเลือกตั้งที่ 1\5 ทับ 18 (บช).pdf,0,57,WARNING,14.78,340
,rawData\อำเภอเขื่องใน\ตำบลก่อเอ้\หน่วยเลือกตั้งที่ 1\5 ทับ 18.pdf,0,10,PASS,3.853,356
,rawData\อำเภอเขื่องใน\ตำบลก่อเอ้\หน่วยเลือกตั้งที่ 10\5 ทับ 18 (บช).pdf,1,33,REVIEW,15.785,330
,rawData\อำเภอเขื่องใน\ตำบลก่อเอ้\หน่วยเลือกตั้งที่ 10\5 ทับ 18.pdf,1,10,REVIEW,10.029,472
,rawData\อำเภอเขื่องใน\ตำบลก่อเอ้\หน่วยเลือกตั้งที่ 11\5 ทับ 18 (บช).pdf,1,57,REVIEW,30.951,1391
,rawData\อำเภอเขื่องใน\ตำบลก่อเอ้\หน่วยเลือกตั้งที่ 11\5 ทับ 18.pdf,1,10,REVIEW,8.629,472
,rawData\อำเภอเขื่องใน\ตำบลก่อเอ้\หน่วยเลือกตั้งที่ 12\5 ทับ 18 (บช).pdf,1,57,REVIEW,29.661,46243
,rawData\อำเภอเขื่องใน\ตำบลก่อเอ้\หน่วยเลือกตั้งที่ 12\5 ทับ 18.pdf,0,10,PASS,4.212,399
,rawData\อำเภอเขื่องใน\ตำบลก่อเอ้\หน่วยเลือกตั้งที่ 2\5 ทับ 18 (บช).pdf,1,33,REVIEW,17.877,296
,rawData\อำเภอเขื่องใน\ตำบลก่อเอ้\หน่วยเลือกตั้งที่ 2\5 ทับ 18.pdf,0,10,PASS,3.798,197
,rawData\อำเภอเขื่องใน\ตำบลก่อเอ้\หน่วยเลือกตั้งที่ 3\5 ทับ 18 (บช).pdf,1,57,REVIEW,28.769,1316
,rawData\อำเภอเขื่องใน\ตำบลก่อเอ้\หน่วยเลือกตั้งที่ 3\5 ทับ 18.pdf,0,10,WARNING,4.285,214
,rawData\อำเภอเขื่องใน\ตำบลก่อเอ้\หน่วยเลือกตั้งที่ 4\5 ทับ 18 (บช).pdf,1,32,REVIEW,16.531,143
,rawData\อำเภอเขื่องใน\ตำบลก่อเอ้\หน่วยเลือกตั้งที่ 4\5 ทับ 18.pdf,1,10,REVIEW,7.908,319
,rawData\อำเภอเขื่องใน\ตำบลก่อเอ้\หน่วยเลือกตั้งที่ 5\5 ทับ 18 (บช).pdf,1,33,REVIEW,18.403,479
,rawData\อำเภอเขื่องใน\ตำบลก่อเอ้\หน่วยเลือกตั้งที่ 5\5 ทับ 18.pdf,1,10,REVIEW,9.142,614
,rawData\อำเภอเขื่องใน\ตำบลก่อเอ้\หน่วยเลือกตั้งที่ 6\5 ทับ 18 (บช).pdf,1,57,REVIEW,33.385,2096
,rawData\อำเภอเขื่องใน\ตำบลก่อเอ้\หน่วยเลือกตั้งที่ 6\5 ทับ 18.pdf,1,10,REVIEW,8.186,1202
,rawData\อำเภอเขื่องใน\ตำบลก่อเอ้\หน่วยเลือกตั้งที่ 7\5 ทับ 18 (บช).pdf,1,55,REVIEW,29.69,379
,rawData\อำเภอเขื่องใน\ตำบลก่อเอ้\หน่วยเลือกตั้งที่ 7\5 ทับ18.pdf,1,10,REVIEW,9.27,421
,rawData\อำเภอเขื่องใน\ตำบลก่อเอ้\หน่วยเลือกตั้งที่ 8\5 ทับ 18 (บช).pdf,1,31,REVIEW,17.319,155
,rawData\อำเภอเขื่องใน\ตำบลก่อเอ้\หน่วยเลือกตั้งที่ 8\5 ทับ 18.pdf,1,10,REVIEW,8.594,614
,rawData\อำเภอเขื่องใน\ตำบลก่อเอ้\หน่วยเลือกตั้งที่ 9\5 ทับ 18 (บช).pdf,1,57,REVIEW,29.23,354
,rawData\อำเภอเขื่องใน\ตำบลก่อเอ้\หน่วยเลือกตั้งที่ 9\5 ทับ 18.pdf,1,10,REVIEW,8.727,966
,rawData\อำเภอเขื่องใน\ตำบลค้อทอง\หน่วยเลือกตั้งที่ 1\5ทับ18(บช).pdf,1,57,REVIEW,34.503,210
,rawData\อำเภอเขื่องใน\ตำบลค้อทอง\หน่วยเลือกตั้งที่ 1\5ทับ18.pdf,1,10,REVIEW,8.843,699
,rawData\อำเภอเขื่องใน\ตำบลค้อทอง\หน่วยเลือกตั้งที่ 10\5 ทับ 18 (บช).pdf,1,57,REVIEW,36.62,4207
,rawData\อำเภอเขื่องใน\ตำบลค้อทอง\หน่วยเลือกตั้งที่ 10\5 ทับ 18.pdf,0,10,WARNING,4.294,373
,rawData\อำเภอเขื่องใน\ตำบลค้อทอง\หน่วยเลือกตั้งที่ 11\5 ทับ 18 (บช).pdf,1,33,REVIEW,18.315,323
,rawData\อำเภอเขื่องใน\ตำบลค้อทอง\หน่วยเลือกตั้งที่ 11\5 ทับ 18.pdf,1,10,REVIEW,8.574,826
,rawData\อำเภอเขื่องใน\ตำบลค้อทอง\หน่วยเลือกตั้งที่ 2\5ทับ18(บช).pdf,1,57,REVIEW,40.944,738
,rawData\อำเภอเขื่องใน\ตำบลค้อทอง\หน่วยเลือกตั้งที่ 2\5ทับ18.pdf,1,10,REVIEW,9.485,383
,rawData\อำเภอเขื่องใน\ตำบลค้อทอง\หน่วยเลือกตั้งที่ 3\5 ทับ 18 (บช).pdf,1,57,REVIEW,34.282,710
,rawData\อำเภอเขื่องใน\ตำบลค้อทอง\หน่วยเลือกตั้งที่ 3\5 ทับ 18.pdf,0,10,PASS,3.993,350
,rawData\อำเภอเขื่องใน\ตำบลค้อทอง\หน่วยเลือกตั้งที่ 4\5 ทับ 18 (บช).pdf,1,33,REVIEW,21.81,1097
,rawData\อำเภอเขื่องใน\ตำบลค้อทอง\หน่วยเลือกตั้งที่ 4\5 ทับ 18.pdf,1,10,REVIEW,7.211,244
,rawData\อำเภอเขื่องใน\ตำบลค้อทอง\หน่วยเลือกตั้งที่ 5\5 ทับ 18 (บช).pdf,1,57,REVIEW,34.786,405
,rawData\อำเภอเขื่องใน\ตำบลค้อทอง\หน่วยเลือกตั้งที่ 5\5 ทับ 18.pdf,0,10,PASS,4.389,210
,rawData\อำเภอเขื่องใน\ตำบลค้อทอง\หน่วยเลือกตั้งที่ 6\5 ทับ 18 (บช).pdf,1,57,REVIEW,32.02,298
,rawData\อำเภอเขื่องใน\ตำบลค้อทอง\หน่วยเลือกตั้งที่ 6\5 ทับ 18.pdf,0,10,PASS,3.685,314
,rawData\อำเภอเขื่องใน\ตำบลค้อทอง\หน่วยเลือกตั้งที่ 7\5 ทับ 18 (บช).pdf,1,33,REVIEW,20.969,83
,rawData\อำเภอเขื่องใน\ตำบลค้อทอง\หน่วยเลือกตั้งที่ 7\5 ทับ 18.pdf,1,10,PASS,9.617,137
,rawData\อำเภอเขื่องใน\ตำบลค้อทอง\หน่วยเลือกตั้งที่ 8\5 ทับ 18 (บช).pdf,1,57,REVIEW,40.715,216
,rawData\อำเภอเขื่องใน\ตำบลค้อทอง\หน่วยเลือกตั้งที่ 8\5 ทับ 18.pdf,0,10,PASS,3.954,214
,rawData\อำเภอเขื่องใน\ตำบลค้อทอง\หน่วยเลือกตั้งที่ 9\5 ทับ 18 (บช).pdf,1,57,REVIEW,36.329,349
,rawData\อำเภอเขื่องใน\ตำบลค้อทอง\หน่วยเลือกตั้งที่ 9\5 ทับ 18.pdf,1,10,REVIEW,11.194,622
,rawData\อำเภอเขื่องใน\ตำบลชีทวน\หน่วยเลือกตั้งที่ 1\5ทับ18(บช).pdf,1,33,REVIEW,19.601,113
,rawData\อำเภอเขื่องใน\ตำบลชีทวน\หน่วยเลือกตั้งที่ 1\5ทับ18.pdf,0,10,WARNING,4.753,229
,rawData\อำเภอเขื่องใน\ตำบลชีทวน\หน่วยเลือกตั้งที่ 10\5ทับ18(บช).pdf,1,33,REVIEW,25.109,238
,rawData\อำเภอเขื่องใน\ตำบลชีทวน\หน่วยเลือกตั้งที่ 10\5ทับ18.pdf,0,10,WARNING,5.353,345
,rawData\อำเภอเขื่องใน\ตำบลชีทวน\หน่วยเลือกตั้งที่ 11\5ทับ18(บช).pdf,1,57,REVIEW,40.395,691
,rawData\อำเภอเขื่องใน\ตำบลชีทวน\หน่วยเลือกตั้งที่ 11\5ทับ18.pdf,0,10,PASS,5.005,359
,rawData\อำเภอเขื่องใน\ตำบลชีทวน\หน่วยเลือกตั้งที่ 2\5ทับ18(บช).pdf,1,32,REVIEW,21.768,370
,rawData\อำเภอเขื่องใน\ตำบลชีทวน\หน่วยเลือกตั้งที่ 2\5ทับ18.pdf,0,10,WARNING,5.222,265
,rawData\อำเภอเขื่องใน\ตำบลชีทวน\หน่วยเลือกตั้งที่ 3\5ทับ18(บช).pdf,1,57,REVIEW,32.474,1038
,rawData\อำเภอเขื่องใน\ตำบลชีทวน\หน่วยเลือกตั้งที่ 3\5ทับ18.pdf,1,10,REVIEW,8.329,527
,rawData\อำเภอเขื่องใน\ตำบลชีทวน\หน่วยเลือกตั้งที่ 4\5ทับ18(บช).pdf,1,32,REVIEW,21.475,208
,rawData\อำเภอเขื่องใน\ตำบลชีทวน\หน่วยเลือกตั้งที่ 4\5ทับ18.pdf,1,10,REVIEW,8.452,402
,rawData\อำเภอเขื่องใน\ตำบลชีทวน\หน่วยเลือกตั้งที่ 5\5ทับ18(บช).pdf,1,57,REVIEW,35.93,400
,rawData\อำเภอเขื่องใน\ตำบลชีทวน\หน่วยเลือกตั้งที่ 5\5ทับ18.pdf,1,10,REVIEW,8.364,424
,rawData\อำเภอเขื่องใน\ตำบลชีทวน\หน่วยเลือกตั้งที่ 6\5ทับ18(บช).pdf,1,33,REVIEW,17.911,193
,rawData\อำเภอเขื่องใน\ตำบลชีทวน\หน่วยเลือกตั้งที่ 6\5ทับ18.pdf,1,10,REVIEW,9.618,301
,rawData\อำเภอเขื่องใน\ตำบลชีทวน\หน่วยเลือกตั้งที่ 7\5ทับ18(บช).pdf,1,57,REVIEW,32.069,118
,rawData\อำเภอเขื่องใน\ตำบลชีทวน\หน่วยเลือกตั้งที่ 7\5ทับ18.pdf,1,10,REVIEW,7.944,426
,rawData\อำเภอเขื่องใน\ตำบลชีทวน\หน่วยเลือกตั้งที่ 8\5ทับ18(บช).pdf,1,57,REVIEW,32.612,33
,rawData\อำเภอเขื่องใน\ตำบลชีทวน\หน่วยเลือกตั้งที่ 8\5ทับ18.pdf,0,10,WARNING,5.031,201
,rawData\อำเภอเขื่องใน\ตำบลชีทวน\หน่วยเลือกตั้งที่ 9\5ทับ18(บช).pdf,1,57,REVIEW,32.681,564
,rawData\อำเภอเขื่องใน\ตำบลชีทวน\หน่วยเลือกตั้งที่ 9\5ทับ18.pdf,0,10,PASS,4.157,162
,rawData\อำเภอเขื่องใน\ตำบลท่าไห\หน่วยเลือกตั้งที่ 1\50ทับ18.pdf,1,10,REVIEW,8.079,136
,rawData\อำเภอเขื่องใน\ตำบลท่าไห\หน่วยเลือกตั้งที่ 1\5ทับ18(บช).pdf,1,57,REVIEW,30.767,270
,rawData\อำเภอเขื่องใน\ตำบลท่าไห\หน่วยเลือกตั้งที่ 10\5ทับ18(บช).pdf,1,33,REVIEW,16.84,158
,rawData\อำเภอเขื่องใน\ตำบลท่าไห\หน่วยเลือกตั้งที่ 10\5ทับ18.pdf,0,10,PASS,4.31,280
,rawData\อำเภอเขื่องใน\ตำบลท่าไห\หน่วยเลือกตั้งที่ 11\5ทับ18(บช).pdf,0,57,WARNING,15.07,239
,rawData\อำเภอเขื่องใน\ตำบลท่าไห\หน่วยเลือกตั้งที่ 11\5ทับ18.pdf,0,10,PASS,4.22,248
,rawData\อำเภอเขื่องใน\ตำบลท่าไห\หน่วยเลือกตั้งที่ 12\5 ทับ 18 (บช).pdf,1,33,REVIEW,20.559,53
,rawData\อำเภอเขื่องใน\ตำบลท่าไห\หน่วยเลือกตั้งที่ 12\5 ทับ 18.pdf,0,10,PASS,4.856,237
,rawData\อำเภอเขื่องใน\ตำบลท่าไห\หน่วยเลือกตั้งที่ 13\5 ทับ 18 (บช).pdf,1,57,REVIEW,26.402,20756
,rawData\อำเภอเขื่องใน\ตำบลท่าไห\หน่วยเลือกตั้งที่ 13\5 ทับ 18.pdf,1,10,REVIEW,8.364,516
,rawData\อำเภอเขื่องใน\ตำบลท่าไห\หน่วยเลือกตั้งที่ 2\5ทับ18(บช).pdf,1,57,REVIEW,29.83,13116
,rawData\อำเภอเขื่องใน\ตำบลท่าไห\หน่วยเลือกตั้งที่ 2\5ทับ18.pdf,1,10,REVIEW,8.023,258
,rawData\อำเภอเขื่องใน\ตำบลท่าไห\หน่วยเลือกตั้งที่ 3\5ทับ18(บช).pdf,0,47,WARNING,12.82,385
,rawData\อำเภอเขื่องใน\ตำบลท่าไห\หน่วยเลือกตั้งที่ 3\5ทับ18.pdf,1,10,REVIEW,7.88,209
,rawData\อำเภอเขื่องใน\ตำบลท่าไห\หน่วยเลือกตั้งที่ 4\5ทับ18(บช).pdf,1,57,REVIEW,28.198,406
,rawData\อำเภอเขื่องใน\ตำบลท่าไห\หน่วยเลือกตั้งที่ 4\5ทับ18.pdf,1,10,REVIEW,7.667,434
,rawData\อำเภอเขื่องใน\ตำบลท่าไห\หน่วยเลือกตั้งที่ 5\5ทับ18(บช).pdf,1,57,REVIEW,31.7,287
,rawData\อำเภอเขื่องใน\ตำบลท่าไห\หน่วยเลือกตั้งที่ 5\5ทับ18.pdf,0,10,PASS,3.81,309
,rawData\อำเภอเขื่องใน\ตำบลท่าไห\หน่วยเลือกตั้งที่ 6\5ทับ18(บช).pdf,1,22,REVIEW,14.035,179
,rawData\อำเภอเขื่องใน\ตำบลท่าไห\หน่วยเลือกตั้งที่ 6\5ทับ18.pdf,1,10,REVIEW,8.225,640
,rawData\อำเภอเขื่องใน\ตำบลท่าไห\หน่วยเลือกตั้งที่ 7\5ทับ18(บช).pdf,1,57,REVIEW,30.988,3012
,rawData\อำเภอเขื่องใน\ตำบลท่าไห\หน่วยเลือกตั้งที่ 7\5ทับ18.pdf,0,10,WARNING,3.711,214
,rawData\อำเภอเขื่องใน\ตำบลท่าไห\หน่วยเลือกตั้งที่ 8\5ทับ18(บช).pdf,1,57,REVIEW,35.348,720
,rawData\อำเภอเขื่องใน\ตำบลท่าไห\หน่วยเลือกตั้งที่ 8\5ทับ18.pdf,1,10,REVIEW,7.973,295
,rawData\อำเภอเขื่องใน\ตำบลท่าไห\หน่วยเลือกตั้งที่ 9\5ทับ18(บช).pdf,1,57,WARNING,30.974,199
,rawData\อำเภอเขื่องใน\ตำบลท่าไห\หน่วยเลือกตั้งที่ 9\5ทับ18.pdf,0,10,PASS,3.691,201
,rawData\อำเภอเขื่องใน\ตำบลธาตุน้อย\หน่วยเลือกตั้งที่ 1\5ทับ18(บช).pdf,1,57,REVIEW,36.095,540
,rawData\อำเภอเขื่องใน\ตำบลธาตุน้อย\หน่วยเลือกตั้งที่ 1\5ทับ18.pdf,1,10,REVIEW,9.034,310
,rawData\อำเภอเขื่องใน\ตำบลธาตุน้อย\หน่วยเลือกตั้งที่ 10\5ทับ18(บช).pdf,1,57,REVIEW,26.52,376
,rawData\อำเภอเขื่องใน\ตำบลธาตุน้อย\หน่วยเลือกตั้งที่ 10\5ทับ18.pdf,1,10,REVIEW,7.703,388
,rawData\อำเภอเขื่องใน\ตำบลธาตุน้อย\หน่วยเลือกตั้งที่ 2\5ทับ18(บช).pdf,1,33,REVIEW,19.504,95
,rawData\อำเภอเขื่องใน\ตำบลธาตุน้อย\หน่วยเลือกตั้งที่ 2\5ทับ18.pdf,1,10,REVIEW,7.783,871
,rawData\อำเภอเขื่องใน\ตำบลธาตุน้อย\หน่วยเลือกตั้งที่ 3\5ทับ18(บช).pdf,1,33,REVIEW,19.604,609
,rawData\อำเภอเขื่องใน\ตำบลธาตุน้อย\หน่วยเลือกตั้งที่ 3\5ทับ18.pdf,0,10,WARNING,4.402,442
,rawData\อำเภอเขื่องใน\ตำบลธาตุน้อย\หน่วยเลือกตั้งที่ 4\5ทับ18(บช).pdf,1,57,REVIEW,33.741,16773
,rawData\อำเภอเขื่องใน\ตำบลธาตุน้อย\หน่วยเลือกตั้งที่ 4\5ทับ18.pdf,1,10,REVIEW,8.201,169
,rawData\อำเภอเขื่องใน\ตำบลธาตุน้อย\หน่วยเลือกตั้งที่ 5\5ทับ18(บช).pdf,1,57,REVIEW,33.558,764
,rawData\อำเภอเขื่องใน\ตำบลธาตุน้อย\หน่วยเลือกตั้งที่ 5\5ทับ18.pdf,1,11,REVIEW,9.318,532
,rawData\อำเภอเขื่องใน\ตำบลธาตุน้อย\หน่วยเลือกตั้งที่ 6\5ทับ18(บช).pdf,1,10,REVIEW,7.623,40
,rawData\อำเภอเขื่องใน\ตำบลธาตุน้อย\หน่วยเลือกตั้งที่ 6\5ทับ18.pdf,0,10,PASS,5.078,179
,rawData\อำเภอเขื่องใน\ตำบลธาตุน้อย\หน่วยเลือกตั้งที่ 7\5ทับ18(บช).pdf,1,33,REVIEW,17.701,578
,rawData\อำเภอเขื่องใน\ตำบลธาตุน้อย\หน่วยเลือกตั้งที่ 7\5ทับ18.pdf,0,10,WARNING,5.531,196
,rawData\อำเภอเขื่องใน\ตำบลธาตุน้อย\หน่วยเลือกตั้งที่ 8\5ทับ18(บช).pdf,1,57,REVIEW,35.678,761
,rawData\อำเภอเขื่องใน\ตำบลธาตุน้อย\หน่วยเลือกตั้งที่ 8\5ทับ18.pdf,0,10,WARNING,4.048,386
,rawData\อำเภอเขื่องใน\ตำบลธาตุน้อย\หน่วยเลือกตั้งที่ 9\5ทับ18(บช).pdf,1,33,REVIEW,18.99,211
,rawData\อำเภอเขื่องใน\ตำบลธาตุน้อย\หน่วยเลือกตั้งที่ 9\5ทับ18.pdf,0,10,WARNING,4.108,333
,rawData\อำเภอเขื่องใน\ตำบลนาคำใหญ่\หน่วยเลือกตั้งที่ 1\5 ทับ 18 (บช).pdf,1,57,REVIEW,31.836,502
,rawData\อำเภอเขื่องใน\ตำบลนาคำใหญ่\หน่วยเลือกตั้งที่ 1\5 ทับ 18.pdf,0,10,WARNING,3.867,252
,rawData\อำเภอเขื่องใน\ตำบลนาคำใหญ่\หน่วยเลือกตั้งที่ 2\5 ทับ 18 (บช).pdf,1,57,REVIEW,23.655,3460
,rawData\อำเภอเขื่องใน\ตำบลนาคำใหญ่\หน่วยเลือกตั้งที่ 2\5 ทับ 18.pdf,1,10,REVIEW,9.434,388
,rawData\อำเภอเขื่องใน\ตำบลนาคำใหญ่\หน่วยเลือกตั้งที่ 3\5ทับ18(บช).pdf,1,57,REVIEW,37.14,66
,rawData\อำเภอเขื่องใน\ตำบลนาคำใหญ่\หน่วยเลือกตั้งที่ 3\5ทับ18.pdf,1,10,REVIEW,9.295,63
,rawData\อำเภอเขื่องใน\ตำบลนาคำใหญ่\หน่วยเลือกตั้งที่ 4\5ทับ18(บช).pdf,1,57,REVIEW,23.276,258
,rawData\อำเภอเขื่องใน\ตำบลนาคำใหญ่\หน่วยเลือกตั้งที่ 4\5ทับ18.pdf,0,10,WARNING,4.959,130
,rawData\อำเภอเขื่องใน\ตำบลนาคำใหญ่\หน่วยเลือกตั้งที่ 5\5ทับ18(บช).pdf,0,57,WARNING,15.457,146
,rawData\อำเภอเขื่องใน\ตำบลนาคำใหญ่\หน่วยเลือกตั้งที่ 5\5ทับ18.pdf,0,10,WARNING,3.946,152
,rawData\อำเภอเขื่องใน\ตำบลนาคำใหญ่\หน่วยเลือกตั้งที่ 6\5ทับ18(บช).pdf,1,33,REVIEW,18.513,193
,rawData\อำเภอเขื่องใน\ตำบลนาคำใหญ่\หน่วยเลือกตั้งที่ 6\5ทับ18.pdf,1,10,REVIEW,9.065,339
,rawData\อำเภอเขื่องใน\ตำบลนาคำใหญ่\หน่วยเลือกตั้งที่ 7\5ทับ18(บช).pdf,1,33,REVIEW,18.574,13027
,rawData\อำเภอเขื่องใน\ตำบลนาคำใหญ่\หน่วยเลือกตั้งที่ 7\5ทับ18.pdf,1,10,REVIEW,9.172,600
,rawData\อำเภอเขื่องใน\ตำบลนาคำใหญ่\หน่วยเลือกตั้งที่ 8\5ทับ18(บช).pdf,1,57,REVIEW,35.372,177
,rawData\อำเภอเขื่องใน\ตำบลนาคำใหญ่\หน่วยเลือกตั้งที่ 8\5ทับ18.pdf,0,10,WARNING,4.41,277
,rawData\อำเภอเขื่องใน\ตำบลบ้านกอก\หน่วยเลือกตั้งที่ 1\5ทับ18(บช).pdf,1,34,REVIEW,22.72,281
,rawData\อำเภอเขื่องใน\ตำบลบ้านกอก\หน่วยเลือกตั้งที่ 1\5ทับ18.pdf,1,10,REVIEW,8.351,528
,rawData\อำเภอเขื่องใน\ตำบลบ้านกอก\หน่วยเลือกตั้งที่ 2\5ทับ18(บช).pdf,1,57,REVIEW,34.829,2994
,rawData\อำเภอเขื่องใน\ตำบลบ้านกอก\หน่วยเลือกตั้งที่ 2\5ทับ18.pdf,0,10,WARNING,3.945,516
,rawData\อำเภอเขื่องใน\ตำบลบ้านกอก\หน่วยเลือกตั้งที่ 3\5ทับ18(บช).pdf,0,57,PASS,16.111,161
,rawData\อำเภอเขื่องใน\ตำบลบ้านกอก\หน่วยเลือกตั้งที่ 3\5ทับ18.pdf,0,10,PASS,4.38,168
,rawData\อำเภอเขื่องใน\ตำบลบ้านกอก\หน่วยเลือกตั้งที่ 4\5ทับ18(บช).pdf,1,33,REVIEW,16.83,1029
,rawData\อำเภอเขื่องใน\ตำบลบ้านกอก\หน่วยเลือกตั้งที่ 4\5ทับ18.pdf,0,10,PASS,4.399,389
,rawData\อำเภอเขื่องใน\ตำบลบ้านกอก\หน่วยเลือกตั้งที่ 5\5ทับ18(บช).pdf,1,57,REVIEW,31.257,325
,rawData\อำเภอเขื่องใน\ตำบลบ้านกอก\หน่วยเลือกตั้งที่ 5\5ทับ18.pdf,1,10,REVIEW,7.837,299
,rawData\อำเภอเขื่องใน\ตำบลบ้านกอก\หน่วยเลือกตั้งที่ 6\5ทับ18(บช).pdf,1,57,WARNING,29.045,267
,rawData\อำเภอเขื่องใน\ตำบลบ้านกอก\หน่วยเลือกตั้งที่ 6\5ทับ18.pdf,0,10,WARNING,4.461,267
,rawData\อำเภอเขื่องใน\ตำบลบ้านไทย\หน่วยเลือกตั้งที่ 1\5ทับ18(บช).pdf,1,33,REVIEW,19.365,223
,rawData\อำเภอเขื่องใน\ตำบลบ้านไทย\หน่วยเลือกตั้งที่ 1\5ทับ18.pdf,1,10,PASS,7.771,142
,rawData\อำเภอเขื่องใน\ตำบลบ้านไทย\หน่วยเลือกตั้งที่ 10\5ทับ18(บช).pdf,1,57,REVIEW,31.513,8923
,rawData\อำเภอเขื่องใน\ตำบลบ้านไทย\หน่วยเลือกตั้งที่ 10\5ทับ18.pdf,1,10,REVIEW,8.315,239
,rawData\อำเภอเขื่องใน\ตำบลบ้านไทย\หน่วยเลือกตั้งที่ 11\5ทับ18(บช).pdf,1,57,REVIEW,34.713,378
,rawData\อำเภอเขื่องใน\ตำบลบ้านไทย\หน่วยเลือกตั้งที่ 11\5ทับ18.pdf,0,10,PASS,5.321,191
,rawData\อำเภอเขื่องใน\ตำบลบ้านไทย\หน่วยเลือกตั้งที่ 12\5ทับ18(บช).pdf,1,57,REVIEW,25.23,171
,rawData\อำเภอเขื่องใน\ตำบลบ้านไทย\หน่วยเลือกตั้งที่ 12\5ทับ18.pdf,0,10,WARNING,5.274,166
,rawData\อำเภอเขื่องใน\ตำบลบ้านไทย\หน่วยเลือกตั้งที่ 2\5 ทับ18.pdf,1,10,REVIEW,9.743,623
,rawData\อำเภอเขื่องใน\ตำบลบ้านไทย\หน่วยเลือกตั้งที่ 2\5ทับ18(บช).pdf,1,57,REVIEW,33.245,188
,rawData\อำเภอเขื่องใน\ตำบลบ้านไทย\หน่วยเลือกตั้งที่ 3\5ทับ18(บช).pdf,1,57,REVIEW,26.64,425
,rawData\อำเภอเขื่องใน\ตำบลบ้านไทย\หน่วยเลือกตั้งที่ 3\5ทับ18.pdf,0,10,PASS,4.161,362
,rawData\อำเภอเขื่องใน\ตำบลบ้านไทย\หน่วยเลือกตั้งที่ 4\5ทับ18(บช).pdf,1,33,REVIEW,18.95,470152
,rawData\อำเภอเขื่องใน\ตำบลบ้านไทย\หน่วยเลือกตั้งที่ 4\5ทับ18.pdf,0,10,PASS,4.005,363
,rawData\อำเภอเขื่องใน\ตำบลบ้านไทย\หน่วยเลือกตั้งที่ 5\5ทับ18(บช).pdf,1,57,REVIEW,32.941,3268
,rawData\อำเภอเขื่องใน\ตำบลบ้านไทย\หน่วยเลือกตั้งที่ 5\5ทับ18.pdf,1,10,REVIEW,8.131,157
,rawData\อำเภอเขื่องใน\ตำบลบ้านไทย\หน่วยเลือกตั้งที่ 6\5ทับ18(บช).pdf,1,33,REVIEW,14.876,350
,rawData\อำเภอเขื่องใน\ตำบลบ้านไทย\หน่วยเลือกตั้งที่ 6\5ทับ18.pdf,1,10,REVIEW,8.0,415
,rawData\อำเภอเขื่องใน\ตำบลบ้านไทย\หน่วยเลือกตั้งที่ 7\5ทับ18(บช).pdf,1,47,REVIEW,28.517,453
,rawData\อำเภอเขื่องใน\ตำบลบ้านไทย\หน่วยเลือกตั้งที่ 7\5ทับ18.pdf,1,10,REVIEW,9.182,259
,rawData\อำเภอเขื่องใน\ตำบลบ้านไทย\หน่วยเลือกตั้งที่ 8\5ทับ18(บช).pdf,1,57,REVIEW,32.059,367
,rawData\อำเภอเขื่องใน\ตำบลบ้านไทย\หน่วยเลือกตั้งที่ 8\5ทับ18.pdf,1,10,REVIEW,8.131,318
,rawData\อำเภอเขื่องใน\ตำบลบ้านไทย\หน่วยเลือกตั้งที่ 9\5ทับ18(บช).pdf,1,33,REVIEW,19.036,675
,rawData\อำเภอเขื่องใน\ตำบลบ้านไทย\หน่วยเลือกตั้งที่ 9\5ทับ18.pdf,0,10,PASS,5.207,454
,rawData\อำเภอเขื่องใน\ตำบลยางขี้นก\หน่วยเลือกตั้งที่ 1\5ทับ18(บช).pdf,1,57,REVIEW,36.114,7372
,rawData\อำเภอเขื่องใน\ตำบลยางขี้นก\หน่วยเลือกตั้งที่ 1\5ทับ18.pdf,1,10,REVIEW,8.625,231
,rawData\อำเภอเขื่องใน\ตำบลยางขี้นก\หน่วยเลือกตั้งที่ 10\5ทับ18(บช).pdf,1,57,REVIEW,33.022,380
,rawData\อำเภอเขื่องใน\ตำบลยางขี้นก\หน่วยเลือกตั้งที่ 10\5ทับ18.pdf,1,10,REVIEW,9.016,192
,rawData\อำเภอเขื่องใน\ตำบลยางขี้นก\หน่วยเลือกตั้งที่ 2\5ทับ18(บช).pdf,1,57,REVIEW,34.434,140033
,rawData\อำเภอเขื่องใน\ตำบลยางขี้นก\หน่วยเลือกตั้งที่ 2\5ทับ18.pdf,1,10,REVIEW,12.399,164
,rawData\อำเภอเขื่องใน\ตำบลยางขี้นก\หน่วยเลือกตั้งที่ 3\5ทับ18(บช).pdf,1,57,REVIEW,30.957,482
,rawData\อำเภอเขื่องใน\ตำบลยางขี้นก\หน่วยเลือกตั้งที่ 3\5ทับ18.pdf,0,10,PASS,3.842,415
,rawData\อำเภอเขื่องใน\ตำบลยางขี้นก\หน่วยเลือกตั้งที่ 4\5ทับ18(บช).pdf,1,33,REVIEW,19.323,267
,rawData\อำเภอเขื่องใน\ตำบลยางขี้นก\หน่วยเลือกตั้งที่ 4\5ทับ18.pdf,1,10,REVIEW,7.327,123
,rawData\อำเภอเขื่องใน\ตำบลยางขี้นก\หน่วยเลือกตั้งที่ 5\5ทับ18(บช).pdf,1,57,REVIEW,33.183,176
,rawData\อำเภอเขื่องใน\ตำบลยางขี้นก\หน่วยเลือกตั้งที่ 5\5ทับ18.pdf,0,0,PASS,0.745,0
,rawData\อำเภอเขื่องใน\ตำบลยางขี้นก\หน่วยเลือกตั้งที่ 6\5ทับ18(บช).pdf,1,33,REVIEW,20.45,528
,rawData\อำเภอเขื่องใน\ตำบลยางขี้นก\หน่วยเลือกตั้งที่ 6\5ทับ18.pdf,1,10,REVIEW,9.74,696
,rawData\อำเภอเขื่องใน\ตำบลยางขี้นก\หน่วยเลือกตั้งที่ 7\5ทับ18(บช).pdf,1,57,REVIEW,30.89,595
,rawData\อำเภอเขื่องใน\ตำบลยางขี้นก\หน่วยเลือกตั้งที่ 7\5ทับ18.pdf,1,10,REVIEW,8.901,253
,rawData\อำเภอเขื่องใน\ตำบลยางขี้นก\หน่วยเลือกตั้งที่ 8\5ทับ18(บช).pdf,1,57,REVIEW,32.244,465
,rawData\อำเภอเขื่องใน\ตำบลยางขี้นก\หน่วยเลือกตั้งที่ 8\5ทับ18.pdf,1,10,REVIEW,8.54,296
,rawData\อำเภอเขื่องใน\ตำบลยางขี้นก\หน่วยเลือกตั้งที่ 9\5ทับ18 (บช).pdf,1,33,REVIEW,20.262,95
,rawData\อำเภอเขื่องใน\ตำบลยางขี้นก\หน่วยเลือกตั้งที่ 9\5ทับ18.pdf,1,10,REVIEW,8.411,177
,rawData\อำเภอเขื่องใน\ตำบลศรีสุข\หน่วยเลือกตั้งที่ 1\5ทับ18(บช).pdf,1,57,REVIEW,32.718,294
,rawData\อำเภอเขื่องใน\ตำบลศรีสุข\หน่วยเลือกตั้งที่ 1\5ทับ18.pdf,1,10,REVIEW,8.733,276
,rawData\อำเภอเขื่องใน\ตำบลศรีสุข\หน่วยเลือกตั้งที่ 2\5ทับ18(บช).pdf,1,57,REVIEW,31.341,290
,rawData\อำเภอเขื่องใน\ตำบลศรีสุข\หน่วยเลือกตั้งที่ 2\5ทับ18.pdf,0,10,WARNING,4.616,314
,rawData\อำเภอเขื่องใน\ตำบลศรีสุข\หน่วยเลือกตั้งที่ 3\5ทับ18(บช).pdf,1,33,REVIEW,15.761,514
,rawData\อำเภอเขื่องใน\ตำบลศรีสุข\หน่วยเลือกตั้งที่ 3\5ทับ18.pdf,0,10,PASS,3.953,352
,rawData\อำเภอเขื่องใน\ตำบลศรีสุข\หน่วยเลือกตั้งที่ 4\5ทับ18(บช).pdf,1,10,REVIEW,5.512,111
,rawData\อำเภอเขื่องใน\ตำบลศรีสุข\หน่วยเลือกตั้งที่ 4\5ทับ18.pdf,0,10,PASS,4.929,383
,rawData\อำเภอเขื่องใน\ตำบลศรีสุข\หน่วยเลือกตั้งที่ 5\5ทับ18(บช).pdf,1,57,REVIEW,28.344,428
,rawData\อำเภอเขื่องใน\ตำบลศรีสุข\หน่วยเลือกตั้งที่ 5\5ทับ18.pdf,0,10,PASS,4.171,230
,rawData\อำเภอเขื่องใน\ตำบลศรีสุข\หน่วยเลือกตั้งที่ 6\5ทับ18(บช).pdf,1,57,REVIEW,32.35,3445
,rawData\อำเภอเขื่องใน\ตำบลศรีสุข\หน่วยเลือกตั้งที่ 6\5ทับ18.pdf,1,10,REVIEW,9.855,349
,rawData\อำเภอเขื่องใน\ตำบลศรีสุข\หน่วยเลือกตั้งที่ 7\5ทับ18(บช).pdf,1,57,REVIEW,31.644,122
,rawData\อำเภอเขื่องใน\ตำบลศรีสุข\หน่วยเลือกตั้งที่ 7\5ทับ18.pdf,1,10,REVIEW,9.254,532
,rawData\อำเภอเขื่องใน\ตำบลศรีสุข\หน่วยเลือกตั้งที่ 8\5 ทับ18.pdf,0,10,WARNING,5.301,392
,rawData\อำเภอเขื่องใน\ตำบลศรีสุข\หน่วยเลือกตั้งที่ 8\5ทับ18(บช).pdf,1,33,REVIEW,17.167,260
,rawData\อำเภอเขื่องใน\ตำบลสร้างถ่อ\หน่วยเลือกตั้งที่ 1\5ทับ18(บช).pdf,1,57,REVIEW,35.285,673
,rawData\อำเภอเขื่องใน\ตำบลสร้างถ่อ\หน่วยเลือกตั้งที่ 1\5ทับ18.pdf,1,10,REVIEW,8.569,284
,rawData\อำเภอเขื่องใน\ตำบลสร้างถ่อ\หน่วยเลือกตั้งที่ 10\5ทับ18(บช).pdf,1,31,REVIEW,16.717,27
,rawData\อำเภอเขื่องใน\ตำบลสร้างถ่อ\หน่วยเลือกตั้งที่ 10\5ทับ18.pdf,0,10,PASS,3.725,161
,rawData\อำเภอเขื่องใน\ตำบลสร้างถ่อ\หน่วยเลือกตั้งที่ 11\5ทับ18(บช).pdf,1,53,REVIEW,32.487,268
,rawData\อำเภอเขื่องใน\ตำบลสร้างถ่อ\หน่วยเลือกตั้งที่ 11\5ทับ18.pdf,0,10,PASS,4.126,261
,rawData\อำเภอเขื่องใน\ตำบลสร้างถ่อ\หน่วยเลือกตั้งที่ 12\5ทับ18(บช).pdf,1,57,REVIEW,31.755,408
,rawData\อำเภอเขื่องใน\ตำบลสร้างถ่อ\หน่วยเลือกตั้งที่ 12\5ทับ18.pdf,1,10,REVIEW,10.097,732
,rawData\อำเภอเขื่องใน\ตำบลสร้างถ่อ\หน่วยเลือกตั้งที่ 13\5ทับ18(บช).pdf,1,57,REVIEW,33.726,754
,rawData\อำเภอเขื่องใน\ตำบลสร้างถ่อ\หน่วยเลือกตั้งที่ 13\5ทับ18.pdf,0,10,PASS,4.901,365
,rawData\อำเภอเขื่องใน\ตำบลสร้างถ่อ\หน่วยเลือกตั้งที่ 14\5ทับ18(บช).pdf,1,34,REVIEW,20.091,173
,rawData\อำเภอเขื่องใน\ตำบลสร้างถ่อ\หน่วยเลือกตั้งที่ 14\5ทับ18.pdf,1,10,REVIEW,7.696,364
,rawData\อำเภอเขื่องใน\ตำบลสร้างถ่อ\หน่วยเลือกตั้งที่ 15\5ทับ18(บช).pdf,1,57,REVIEW,26.383,542
,rawData\อำเภอเขื่องใน\ตำบลสร้างถ่อ\หน่วยเลือกตั้งที่ 15\5ทับ18.pdf,0,10,WARNING,3.874,291
,rawData\อำเภอเขื่องใน\ตำบลสร้างถ่อ\หน่วยเลือกตั้งที่ 16\5ทับ18(บช).pdf,1,57,REVIEW,31.791,497
,rawData\อำเภอเขื่องใน\ตำบลสร้างถ่อ\หน่วยเลือกตั้งที่ 16\5ทับ18.pdf,1,10,REVIEW,9.313,249
,rawData\อำเภอเขื่องใน\ตำบลสร้างถ่อ\หน่วยเลือกตั้งที่ 17\5ทับ18(บช).pdf,1,57,REVIEW,30.412,546
,rawData\อำเภอเขื่องใน\ตำบลสร้างถ่อ\หน่วยเลือกตั้งที่ 17\5ทับ18.pdf,0,10,WARNING,4.161,278
,rawData\อำเภอเขื่องใน\ตำบลสร้างถ่อ\หน่วยเลือกตั้งที่ 2\5ทับ18(บช).pdf,1,52,REVIEW,39.242,337940
,rawData\อำเภอเขื่องใน\ตำบลสร้างถ่อ\หน่วยเลือกตั้งที่ 2\5ทับ18.pdf,1,10,REVIEW,10.317,420
,rawData\อำเภอเขื่องใน\ตำบลสร้างถ่อ\หน่วยเลือกตั้งที่ 3\5ทับ18(บช).pdf,0,57,WARNING,14.972,365
,rawData\อำเภอเขื่องใน\ตำบลสร้างถ่อ\หน่วยเลือกตั้งที่ 3\5ทับ18.pdf,0,10,PASS,4.47,388
,rawData\อำเภอเขื่องใน\ตำบลสร้างถ่อ\หน่วยเลือกตั้งที่ 4\5ทับ18(บช).pdf,1,10,REVIEW,7.357,37
,rawData\อำเภอเขื่องใน\ตำบลสร้างถ่อ\หน่วยเลือกตั้งที่ 4\5ทับ18.pdf,0,10,WARNING,4.264,230
,rawData\อำเภอเขื่องใน\ตำบลสร้างถ่อ\หน่วยเลือกตั้งที่ 5\5ทับ18(บช).pdf,0,52,WARNING,15.12,241
,rawData\อำเภอเขื่องใน\ตำบลสร้างถ่อ\หน่วยเลือกตั้งที่ 5\5ทับ18.pdf,0,10,PASS,6.706,250
,rawData\อำเภอเขื่องใน\ตำบลสร้างถ่อ\หน่วยเลือกตั้งที่ 6\5ทับ18(บช).pdf,1,33,REVIEW,15.351,547
,rawData\อำเภอเขื่องใน\ตำบลสร้างถ่อ\หน่วยเลือกตั้งที่ 6\5ทับ18.pdf,1,10,REVIEW,8.146,690
,rawData\อำเภอเขื่องใน\ตำบลสร้างถ่อ\หน่วยเลือกตั้งที่ 7\5ทับ18(บช).pdf,1,50,REVIEW,28.931,543
,rawData\อำเภอเขื่องใน\ตำบลสร้างถ่อ\หน่วยเลือกตั้งที่ 7\5ทับ18.pdf,1,10,REVIEW,10.034,243
,rawData\อำเภอเขื่องใน\ตำบลสร้างถ่อ\หน่วยเลือกตั้งที่ 8\5ทับ18(บช).pdf,1,10,REVIEW,8.057,18
,rawData\อำเภอเขื่องใน\ตำบลสร้างถ่อ\หน่วยเลือกตั้งที่ 8\5ทับ18..pdf,1,10,REVIEW,8.862,243
,rawData\อำเภอเขื่องใน\ตำบลสร้างถ่อ\หน่วยเลือกตั้งที่ 9\5ทับ18(บช).pdf,1,57,REVIEW,33.439,445
,rawData\อำเภอเขื่องใน\ตำบลสร้างถ่อ\หน่วยเลือกตั้งที่ 9\5ทับ18.pdf,0,10,PASS,4.113,227
,rawData\อำเภอเขื่องใน\ตำบลสหธาตุ\หน่วยเลือกตั้งที่ 1\5ทับ18(บช).pdf,1,57,REVIEW,29.991,261
,rawData\อำเภอเขื่องใน\ตำบลสหธาตุ\หน่วยเลือกตั้งที่ 1\5ทับ18.pdf,1,10,REVIEW,9.18,385
,rawData\อำเภอเขื่องใน\ตำบลสหธาตุ\หน่วยเลือกตั้งที่ 2\5ทับ18(บช).pdf,1,57,REVIEW,33.81,266
,rawData\อำเภอเขื่องใน\ตำบลสหธาตุ\หน่วยเลือกตั้งที่ 2\5ทับ18.pdf,1,10,REVIEW,7.488,222
,rawData\อำเภอเขื่องใน\ตำบลสหธาตุ\หน่วยเลือกตั้งที่ 3\5ทับ18(บช).pdf,1,33,REVIEW,18.186,437
,rawData\อำเภอเขื่องใน\ตำบลสหธาตุ\หน่วยเลือกตั้งที่ 3\5ทับ18.pdf,0,10,PASS,3.793,277
,rawData\อำเภอเขื่องใน\ตำบลสหธาตุ\หน่วยเลือกตั้งที่ 4\5ทับ18(บช).pdf,1,57,REVIEW,32.979,633
,rawData\อำเภอเขื่องใน\ตำบลสหธาตุ\หน่วยเลือกตั้งที่ 4\5ทับ18.pdf,0,10,PASS,17.604,320
,rawData\อำเภอเขื่องใน\ตำบลสหธาตุ\หน่วยเลือกตั้งที่ 5\5ทับ18(บช).pdf,1,57,REVIEW,30.716,497
,rawData\อำเภอเขื่องใน\ตำบลสหธาตุ\หน่วยเลือกตั้งที่ 5\5ทับ18.pdf,0,0,PASS,5.66,0
,rawData\อำเภอเขื่องใน\ตำบลสหธาตุ\หน่วยเลือกตั้งที่ 6\5ทับ18(บช).pdf,1,33,REVIEW,19.475,241
,rawData\อำเภอเขื่องใน\ตำบลสหธาตุ\หน่วยเลือกตั้งที่ 6\5ทับ18.pdf,1,10,REVIEW,7.205,67
,rawData\อำเภอเขื่องใน\ตำบลสหธาตุ\หน่วยเลือกตั้งที่ 7\5ทับ18(บช).pdf,1,57,REVIEW,38.158,86
,rawData\อำเภอเขื่องใน\ตำบลสหธาตุ\หน่วยเลือกตั้งที่ 7\5ทับ18.pdf,1,10,REVIEW,17.106,252
,rawData\อำเภอเขื่องใน\ตำบลหนองเหล่า\หน่วยเลือกตั้งที่ 1\5ทับ18(บช).pdf,0,57,WARNING,19.523,319
,rawData\อำเภอเขื่องใน\ตำบลหนองเหล่า\หน่วยเลือกตั้งที่ 1\5ทับ18.pdf,1,10,REVIEW,9.459,1840
,rawData\อำเภอเขื่องใน\ตำบลหนองเหล่า\หน่วยเลือกตั้งที่ 10\5ทับ18(บช).pdf,0,57,WARNING,13.841,272
,rawData\อำเภอเขื่องใน\ตำบลหนองเหล่า\หน่วยเลือกตั้งที่ 10\5ทับ18.pdf,1,10,REVIEW,9.698,776
,rawData\อำเภอเขื่องใน\ตำบลหนองเหล่า\หน่วยเลือกตั้งที่ 11\5ทับ18(บช).pdf,1,33,REVIEW,19.756,21518
,rawData\อำเภอเขื่องใน\ตำบลหนองเหล่า\หน่วยเลือกตั้งที่ 11\5ทับ18.pdf,1,10,REVIEW,11.057,606
,rawData\อำเภอเขื่องใน\ตำบลหนองเหล่า\หน่วยเลือกตั้งที่ 2\5ทับ18(บช).pdf,0,57,WARNING,14.212,390
,rawData\อำเภอเขื่องใน\ตำบลหนองเหล่า\หน่วยเลือกตั้งที่ 2\5ทับ18.pdf,0,10,WARNING,4.46,406
,rawData\อำเภอเขื่องใน\ตำบลหนองเหล่า\หน่วยเลือกตั้งที่ 3\5ทับ18(บช).pdf,1,57,REVIEW,31.427,316
,rawData\อำเภอเขื่องใน\ตำบลหนองเหล่า\หน่วยเลือกตั้งที่ 3\5ทับ18.pdf,1,10,REVIEW,9.465,374
,rawData\อำเภอเขื่องใน\ตำบลหนองเหล่า\หน่วยเลือกตั้งที่ 4\5ทับ18(บช).pdf,0,57,PASS,17.911,280
,rawData\อำเภอเขื่องใน\ตำบลหนองเหล่า\หน่วยเลือกตั้งที่ 4\5ทับ18.pdf,0,10,WARNING,4.166,286
,rawData\อำเภอเขื่องใน\ตำบลหนองเหล่า\หน่วยเลือกตั้งที่ 5\5ทับ18(บช).pdf,1,57,REVIEW,36.757,22616739
,rawData\อำเภอเขื่องใน\ตำบลหนองเหล่า\หน่วยเลือกตั้งที่ 5\5ทับ18.pdf,1,10,REVIEW,9.136,231
,rawData\อำเภอเขื่องใน\ตำบลหนองเหล่า\หน่วยเลือกตั้งที่ 6\5ทับ18(บช).pdf,1,57,REVIEW,33.463,168
"Expecting ',' delimiter: line 41 column 6 (char 830)",rawData\อำเภอเขื่องใน\ตำบลหนองเหล่า\หน่วยเลือกตั้งที่ 6\5ทับ18.pdf,,0,FAIL,23.852,
,rawData\อำเภอเขื่องใน\ตำบลหนองเหล่า\หน่วยเลือกตั้งที่ 7\5ทับ18(บช).pdf,1,57,REVIEW,58.557,1902
,rawData\อำเภอเขื่องใน\ตำบลหนองเหล่า\หน่วยเลือกตั้งที่ 7\5ทับ18.pdf,1,10,REVIEW,14.258,891
,rawData\อำเภอเขื่องใน\ตำบลหนองเหล่า\หน่วยเลือกตั้งที่ 8\5ทับ18(บช).pdf,1,33,REVIEW,21.796,27716
,rawData\อำเภอเขื่องใน\ตำบลหนองเหล่า\หน่วยเลือกตั้งที่ 8\5ทับ18.pdf,1,10,REVIEW,8.717,419
,rawData\อำเภอเขื่องใน\ตำบลหนองเหล่า\หน่วยเลือกตั้งที่ 9\5ทับ18(บช).pdf,1,33,REVIEW,18.748,470
,rawData\อำเภอเขื่องใน\ตำบลหนองเหล่า\หน่วยเลือกตั้งที่ 9\5ทับ8.pdf,1,10,REVIEW,8.226,374
,rawData\อำเภอเขื่องใน\ตำบลหัวดอน\หน่วยเลือกตั้งที่ 1\5 ทับ 18 (บช).pdf,0,47,WARNING,12.038,189
,rawData\อำเภอเขื่องใน\ตำบลหัวดอน\หน่วยเลือกตั้งที่ 1\5 ทับ 18.pdf,0,10,PASS,3.89,239
,rawData\อำเภอเขื่องใน\ตำบลหัวดอน\หน่วยเลือกตั้งที่ 10\5ทับ18(บช).pdf,1,57,WARNING,30.772,378
,rawData\อำเภอเขื่องใน\ตำบลหัวดอน\หน่วยเลือกตั้งที่ 10\5ทับ18.pdf,0,10,PASS,3.684,368
,rawData\อำเภอเขื่องใน\ตำบลหัวดอน\หน่วยเลือกตั้งที่ 11\5ทับ18(บช).pdf,0,57,WARNING,17.711,324
,rawData\อำเภอเขื่องใน\ตำบลหัวดอน\หน่วยเลือกตั้งที่ 11\5ทับ18.pdf,1,10,REVIEW,8.747,334
,rawData\อำเภอเขื่องใน\ตำบลหัวดอน\หน่วยเลือกตั้งที่ 2\5 ทับ 18 (บช).pdf,0,57,WARNING,15.558,198
,rawData\อำเภอเขื่องใน\ตำบลหัวดอน\หน่วยเลือกตั้งที่ 2\5 ทับ 18.pdf,1,10,REVIEW,17.302,211
,rawData\อำเภอเขื่องใน\ตำบลหัวดอน\หน่วยเลือกตั้งที่ 3\5 ทับ 18 (บช).pdf,1,50,REVIEW,29.684,2131
,rawData\อำเภอเขื่องใน\ตำบลหัวดอน\หน่วยเลือกตั้งที่ 3\5 ทับ 18.pdf,0,10,PASS,5.205,275
,rawData\อำเภอเขื่องใน\ตำบลหัวดอน\หน่วยเลือกตั้งที่ 4\5 ทับ 18 (บช).pdf,1,57,REVIEW,37.215,468
,rawData\อำเภอเขื่องใน\ตำบลหัวดอน\หน่วยเลือกตั้งที่ 4\5 ทับ 18.pdf,1,10,REVIEW,7.995,440
,rawData\อำเภอเขื่องใน\ตำบลหัวดอน\หน่วยเลือกตั้งที่ 5\5 ทับ 18 (บช).pdf,1,33,REVIEW,17.384,576
,rawData\อำเภอเขื่องใน\ตำบลหัวดอน\หน่วยเลือกตั้งที่ 5\5 ทับ 18.pdf,1,10,REVIEW,7.802,383
,rawData\อำเภอเขื่องใน\ตำบลหัวดอน\หน่วยเลือกตั้งที่ 6\5 ทับ18 (บช).pdf,0,57,WARNING,15.574,302
,rawData\อำเภอเขื่องใน\ตำบลหัวดอน\หน่วยเลือกตั้งที่ 6\5 ทับ18.pdf,1,10,REVIEW,8.611,256
,rawData\อำเภอเขื่องใน\ตำบลหัวดอน\หน่วยเลือกตั้งที่ 7\5ทับ18(บช).pdf,1,57,REVIEW,31.212,524
,rawData\อำเภอเขื่องใน\ตำบลหัวดอน\หน่วยเลือกตั้งที่ 7\5ทับ18.pdf,0,10,WARNING,6.091,259
,rawData\อำเภอเขื่องใน\ตำบลหัวดอน\หน่วยเลือกตั้งที่ 8\5ทับ18(บช).pdf,1,57,REVIEW,41.005,2420
,rawData\อำเภอเขื่องใน\ตำบลหัวดอน\หน่วยเลือกตั้งที่ 8\5ทับ18.pdf,1,10,REVIEW,8.275,212
,rawData\อำเภอเขื่องใน\ตำบลหัวดอน\หน่วยเลือกตั้งที่ 9\5ทับ18 (บช).pdf,1,57,REVIEW,33.381,732
,rawData\อำเภอเขื่องใน\ตำบลหัวดอน\หน่วยเลือกตั้งที่ 9\5ทับ18.pdf,1,10,REVIEW,8.942,493
,rawData\อำเภอเขื่องใน\ตำบลเขื่องใน\เขตตำบลเขื่องใน\หน่วยเลือกตั้งที่ 10\5ทับ18(บช).pdf,1,57,WARNING,30.112,415
,rawData\อำเภอเขื่องใน\ตำบลเขื่องใน\เขตตำบลเขื่องใน\หน่วยเลือกตั้งที่ 10\5ทับ18.pdf,1,10,REVIEW,8.682,416
,rawData\อำเภอเขื่องใน\ตำบลเขื่องใน\เขตตำบลเขื่องใน\หน่วยเลือกตั้งที่ 11\5ทับ18(บช).pdf,1,56,REVIEW,30.563,279
,rawData\อำเภอเขื่องใน\ตำบลเขื่องใน\เขตตำบลเขื่องใน\หน่วยเลือกตั้งที่ 11\5ทับ18.pdf,1,10,REVIEW,8.367,630
,rawData\อำเภอเขื่องใน\ตำบลเขื่องใน\เขตตำบลเขื่องใน\หน่วยเลือกตั้งที่ 12\5ทับ18(บช).pdf,1,57,REVIEW,32.962,653
,rawData\อำเภอเขื่องใน\ตำบลเขื่องใน\เขตตำบลเขื่องใน\หน่วยเลือกตั้งที่ 12\5ทับ18.pdf,0,10,WARNING,5.103,342
,rawData\อำเภอเขื่องใน\ตำบลเขื่องใน\เขตตำบลเขื่องใน\หน่วยเลือกตั้งที่ 13\5ทับ18(บช).pdf,1,57,REVIEW,31.024,588
,rawData\อำเภอเขื่องใน\ตำบลเขื่องใน\เขตตำบลเขื่องใน\หน่วยเลือกตั้งที่ 13\5ทับ18.pdf,1,10,REVIEW,7.954,624
,rawData\อำเภอเขื่องใน\ตำบลเขื่องใน\เขตตำบลเขื่องใน\หน่วยเลือกตั้งที่ 7\5ทับ18(บช).pdf,1,33,REVIEW,22.736,188
,rawData\อำเภอเขื่องใน\ตำบลเขื่องใน\เขตตำบลเขื่องใน\หน่วยเลือกตั้งที่ 7\5ทับ18.pdf,0,10,PASS,4.909,278
,rawData\อำเภอเขื่องใน\ตำบลเขื่องใน\เขตตำบลเขื่องใน\หน่วยเลือกตั้งที่ 8\5ทับ18(บช).pdf,0,57,WARNING,18.496,557
,rawData\อำเภอเขื่องใน\ตำบลเขื่องใน\เขตตำบลเขื่องใน\หน่วยเลือกตั้งที่ 8\5ทับ18.pdf,1,10,REVIEW,8.841,585
,rawData\อำเภอเขื่องใน\ตำบลเขื่องใน\เขตตำบลเขื่องใน\หน่วยเลือกตั้งที่ 9\5ทับ18(บช).pdf,1,34,REVIEW,15.609,57
,rawData\อำเภอเขื่องใน\ตำบลเขื่องใน\เขตตำบลเขื่องใน\หน่วยเลือกตั้งที่ 9\5ทับ18.pdf,1,10,REVIEW,8.71,96
,rawData\อำเภอเขื่องใน\ตำบลเขื่องใน\เขตเทศบาล และนอกเขต\หน่วยเลือกตั้งที่ 1 (เทศบาล)\5ทับ18(บช).pdf,1,57,REVIEW,32.239,641
,rawData\อำเภอเขื่องใน\ตำบลเขื่องใน\เขตเทศบาล และนอกเขต\หน่วยเลือกตั้งที่ 1 (เทศบาล)\5ทับ18.pdf,1,10,REVIEW,9.125,406
,rawData\อำเภอเขื่องใน\ตำบลเขื่องใน\เขตเทศบาล และนอกเขต\หน่วยเลือกตั้งที่ 2 (เทศบาล)\5ทับ18(บช).pdf,0,57,PASS,18.119,226
,rawData\อำเภอเขื่องใน\ตำบลเขื่องใน\เขตเทศบาล และนอกเขต\หน่วยเลือกตั้งที่ 2 (เทศบาล)\5ทับ18.pdf,0,10,PASS,4.046,243
,rawData\อำเภอเขื่องใน\ตำบลเขื่องใน\เขตเทศบาล และนอกเขต\หน่วยเลือกตั้งที่ 3 (เทศบาล)\5ทับ18(บช).pdf,1,57,REVIEW,31.109,13095
,rawData\อำเภอเขื่องใน\ตำบลเขื่องใน\เขตเทศบาล และนอกเขต\หน่วยเลือกตั้งที่ 3 (เทศบาล)\5ทับ18.pdf,0,10,WARNING,10.273,408
,rawData\อำเภอเขื่องใน\ตำบลเขื่องใน\เขตเทศบาล และนอกเขต\หน่วยเลือกตั้งที่ 4 (เทศบาล)\5ทับ18(บช).pdf,0,57,WARNING,13.642,393
,rawData\อำเภอเขื่องใน\ตำบลเขื่องใน\เขตเทศบาล และนอกเขต\หน่วยเลือกตั้งที่ 4 (เทศบาล)\5ทับ18.pdf,1,10,REVIEW,13.162,969
,rawData\อำเภอเขื่องใน\ตำบลเขื่องใน\เขตเทศบาล และนอกเขต\หน่วยเลือกตั้งที่ 5 (เทศบาล)\5ทับ18(บช).pdf,1,33,REVIEW,16.782,281
,rawData\อำเภอเขื่องใน\ตำบลเขื่องใน\เขตเทศบาล และนอกเขต\หน่วยเลือกตั้งที่ 5 (เทศบาล)\5ทับ18.pdf,0,10,PASS,10.619,407
,rawData\อำเภอเขื่องใน\ตำบลเขื่องใน\เขตเทศบาล และนอกเขต\หน่วยเลือกตั้งที่ 6 (เทศบาล)\5ทับ18(บช).pdf,1,57,REVIEW,42.962,192
,rawData\อำเภอเขื่องใน\ตำบลเขื่องใน\เขตเทศบาล และนอกเขต\หน่วยเลือกตั้งที่ 6 (เทศบาล)\5ทับ18.pdf,0,10,PASS,4.5,317
,rawData\อำเภอเขื่องใน\ตำบลเขื่องใน\เขตเทศบาล และนอกเขต\หน่วยเลือกตั้งที่ 7 (เทศบาล)\5ทับ18(บช).pdf,0,57,PASS,18.246,339
,rawData\อำเภอเขื่องใน\ตำบลเขื่องใน\เขตเทศบาล และนอกเขต\หน่วยเลือกตั้งที่ 7 (เทศบาล)\5ทับ8.pdf,0,10,PASS,4.396,363
,rawData\อำเภอเขื่องใน\ตำบลเขื่องใน\เขตเทศบาล และนอกเขต\หน่วยเลือกตั้งที่ 8 (เทศบาล)\5ทับ18(บช).pdf,1,57,REVIEW,32.331,483
,rawData\อำเภอเขื่องใน\ตำบลเขื่องใน\เขตเทศบาล และนอกเขต\หน่วยเลือกตั้งที่ 8 (เทศบาล)\5ทับ18.pdf,1,10,REVIEW,8.962,1733
,rawData\อำเภอเขื่องใน\ตำบลแดงหม้อ\หน่วยเลือกตั้งที่ 1\5ทับ18(บช).pdf,1,57,REVIEW,35.081,456
,rawData\อำเภอเขื่องใน\ตำบลแดงหม้อ\หน่วยเลือกตั้งที่ 1\5ทับ18.pdf,0,10,PASS,3.79,335
,rawData\อำเภอเขื่องใน\ตำบลแดงหม้อ\หน่วยเลือกตั้งที่ 2\5ทับ18(บช).pdf,1,57,REVIEW,28.864,625
,rawData\อำเภอเขื่องใน\ตำบลแดงหม้อ\หน่วยเลือกตั้งที่ 2\5ทับ18.pdf,1,10,REVIEW,7.89,366
,rawData\อำเภอเขื่องใน\ตำบลแดงหม้อ\หน่วยเลือกตั้งที่ 3\5ทับ18(บช).pdf,1,10,REVIEW,7.975,8
,rawData\อำเภอเขื่องใน\ตำบลแดงหม้อ\หน่วยเลือกตั้งที่ 3\5ทับ18.pdf,0,10,WARNING,5.195,118
,rawData\อำเภอเขื่องใน\ตำบลแดงหม้อ\หน่วยเลือกตั้งที่ 4\5ทับ18(บช).pdf,0,57,WARNING,17.81,175
,rawData\อำเภอเขื่องใน\ตำบลแดงหม้อ\หน่วยเลือกตั้งที่ 4\5ทับ18.pdf,0,10,WARNING,4.045,173
,rawData\อำเภอเขื่องใน\ตำบลแดงหม้อ\หน่วยเลือกตั้งที่ 5\5ทับ18(บช).pdf,1,33,REVIEW,30.736,151
,rawData\อำเภอเขื่องใน\ตำบลแดงหม้อ\หน่วยเลือกตั้งที่ 5\5ทับ18.pdf,0,9,PASS,3.831,241
,rawData\อำเภอเขื่องใน\ตำบลแดงหม้อ\หน่วยเลือกตั้งที่ 6\5ทับ18(บช).pdf,1,33,REVIEW,17.623,1180
,rawData\อำเภอเขื่องใน\ตำบลแดงหม้อ\หน่วยเลือกตั้งที่ 6\5ทับ18.pdf,1,10,PASS,18.63,193
,rawData\อำเภอเขื่องใน\ตำบลโนนรัง\หน่วยเลือกตั้งที่ 1\5ทับ18(บช).pdf,1,33,REVIEW,24.258,498
,rawData\อำเภอเขื่องใน\ตำบลโนนรัง\หน่วยเลือกตั้งที่ 1\5ทับ18.pdf,0,10,PASS,4.044,309
,rawData\อำเภอเขื่องใน\ตำบลโนนรัง\หน่วยเลือกตั้งที่ 2\5ทับ18(บช).pdf,1,57,REVIEW,37.966,1099
,rawData\อำเภอเขื่องใน\ตำบลโนนรัง\หน่วยเลือกตั้งที่ 2\5ทับ18.pdf,0,10,WARNING,3.852,356
,rawData\อำเภอเขื่องใน\ตำบลโนนรัง\หน่วยเลือกตั้งที่ 3\5ทับ18(บช).pdf,1,33,REVIEW,18.872,376
,rawData\อำเภอเขื่องใน\ตำบลโนนรัง\หน่วยเลือกตั้งที่ 3\5ทับ18.pdf,0,10,PASS,5.023,298
,rawData\อำเภอเขื่องใน\ตำบลโนนรัง\หน่วยเลือกตั้งที่ 4\5ทับ18(บช).pdf,1,33,REVIEW,18.17,570
,rawData\อำเภอเขื่องใน\ตำบลโนนรัง\หน่วยเลือกตั้งที่ 4\5ทับ18.pdf,0,10,WARNING,3.952,332
,rawData\อำเภอเขื่องใน\ตำบลโนนรัง\หน่วยเลือกตั้งที่ 5\5ทับ18(บช).pdf,1,33,REVIEW,21.663,377
,rawData\อำเภอเขื่องใน\ตำบลโนนรัง\หน่วยเลือกตั้งที่ 5\5ทับ18.pdf,1,10,REVIEW,9.401,408
,rawData\อำเภอเขื่องใน\ตำบลโนนรัง\หน่วยเลือกตั้งที่ 6\5ทับ18(บช).pdf,1,34,REVIEW,15.359,25
,rawData\อำเภอเขื่องใน\ตำบลโนนรัง\หน่วยเลือกตั้งที่ 6\5ทับ18.pdf,0,10,PASS,4.893,87
,rawData\อำเภอเขื่องใน\ตำบลโนนรัง\หน่วยเลือกตั้งที่ 7\5ทับ18(บช).pdf,1,57,REVIEW,37.257,630
,rawData\อำเภอเขื่องใน\ตำบลโนนรัง\หน่วยเลือกตั้งที่ 7\5ทับ18.pdf,1,10,REVIEW,8.317,631
Missing OCR text: ocr_texts_v2\เขต 2 อ.เมืองฯ\ตำบลขี้เหล็ก\ตำบลขี้เหล็ก\หน่วยเลือกตั้งที่ 1\5ทับ18(บช)_ocr.txt,rawData\เขต 2 อ.เมืองฯ\ตำบลขี้เหล็ก\ตำบลขี้เหล็ก\หน่วยเลือกตั้งที่ 1\5ทับ18(บช).pdf,,0,FAIL,0.001,
,rawData\เขต 2 อ.เมืองฯ\ตำบลขี้เหล็ก\ตำบลขี้เหล็ก\หน่วยเลือกตั้งที่ 1\5ทับ18.pdf,1,10,REVIEW,12.523,335
,rawData\เขต 2 อ.เมืองฯ\ตำบลขี้เหล็ก\ตำบลขี้เหล็ก\หน่วยเลือกตั้งที่ 10\5ทับ18(บช).pdf,1,57,REVIEW,40.059,220308
,rawData\เขต 2 อ.เมืองฯ\ตำบลขี้เหล็ก\ตำบลขี้เหล็ก\หน่วยเลือกตั้งที่ 10\5ทับ18.pdf,1,10,REVIEW,17.32,384
,rawData\เขต 2 อ.เมืองฯ\ตำบลขี้เหล็ก\ตำบลขี้เหล็ก\หน่วยเลือกตั้งที่ 11\5ทับ18(บช).pdf,1,57,REVIEW,29.508,1810
,rawData\เขต 2 อ.เมืองฯ\ตำบลขี้เหล็ก\ตำบลขี้เหล็ก\หน่วยเลือกตั้งที่ 11\5ทับ18.pdf,0,10,PASS,4.07,257
,rawData\เขต 2 อ.เมืองฯ\ตำบลขี้เหล็ก\ตำบลขี้เหล็ก\หน่วยเลือกตั้งที่ 2\5ทับ18(บช).pdf,1,57,REVIEW,32.574,1310
,rawData\เขต 2 อ.เมืองฯ\ตำบลขี้เหล็ก\ตำบลขี้เหล็ก\หน่วยเลือกตั้งที่ 2\5ทับ18.pdf,1,10,REVIEW,8.406,453
,rawData\เขต 2 อ.เมืองฯ\ตำบลขี้เหล็ก\ตำบลขี้เหล็ก\หน่วยเลือกตั้งที่ 3\5ทับ18(บช).pdf,1,34,REVIEW,23.337,272
,rawData\เขต 2 อ.เมืองฯ\ตำบลขี้เหล็ก\ตำบลขี้เหล็ก\หน่วยเลือกตั้งที่ 3\5ทับ18.pdf,0,10,WARNING,3.987,401
,rawData\เขต 2 อ.เมืองฯ\ตำบลขี้เหล็ก\ตำบลขี้เหล็ก\หน่วยเลือกตั้งที่ 4\5ทับ18(บช).pdf,1,34,REVIEW,18.052,269
,rawData\เขต 2 อ.เมืองฯ\ตำบลขี้เหล็ก\ตำบลขี้เหล็ก\หน่วยเลือกตั้งที่ 4\5ทับ18.pdf,0,10,WARNING,6.895,469
,rawData\เขต 2 อ.เมืองฯ\ตำบลขี้เหล็ก\ตำบลขี้เหล็ก\หน่วยเลือกตั้งที่ 5\5ทับ18(บช).pdf,0,57,WARNING,14.253,447
,rawData\เขต 2 อ.เมืองฯ\ตำบลขี้เหล็ก\ตำบลขี้เหล็ก\หน่วยเลือกตั้งที่ 5\5ทับ18.pdf,0,10,WARNING,4.122,438
,rawData\เขต 2 อ.เมืองฯ\ตำบลขี้เหล็ก\ตำบลขี้เหล็ก\หน่วยเลือกตั้งที่ 6\5ทับ18(บช).pdf,1,33,REVIEW,15.279,9264
,rawData\เขต 2 อ.เมืองฯ\ตำบลขี้เหล็ก\ตำบลขี้เหล็ก\หน่วยเลือกตั้งที่ 6\5ทับ18.pdf,0,10,WARNING,3.975,560
,rawData\เขต 2 อ.เมืองฯ\ตำบลขี้เหล็ก\ตำบลขี้เหล็ก\หน่วยเลือกตั้งที่ 7\5ทับ18(บช).pdf,1,57,REVIEW,32.714,475
,rawData\เขต 2 อ.เมืองฯ\ตำบลขี้เหล็ก\ตำบลขี้เหล็ก\หน่วยเลือกตั้งที่ 7\5ทับ18.pdf,0,10,WARNING,3.991,248
,rawData\เขต 2 อ.เมืองฯ\ตำบลขี้เหล็ก\ตำบลขี้เหล็ก\หน่วยเลือกตั้งที่ 8\5ทับ18(บช).pdf,1,57,REVIEW,27.903,862
,rawData\เขต 2 อ.เมืองฯ\ตำบลขี้เหล็ก\ตำบลขี้เหล็ก\หน่วยเลือกตั้งที่ 8\5ทับ18.pdf,0,10,PASS,4.097,444
,rawData\เขต 2 อ.เมืองฯ\ตำบลขี้เหล็ก\ตำบลขี้เหล็ก\หน่วยเลือกตั้งที่ 9\5ทับ18(บช).pdf,0,0,PASS,1.098,0
,rawData\เขต 2 อ.เมืองฯ\ตำบลขี้เหล็ก\ตำบลขี้เหล็ก\หน่วยเลือกตั้งที่ 9\5ทับ18.pdf,1,57,REVIEW,30.316,515
,rawData\เขต 2 อ.เมืองฯ\ตำบลปะอาว\ตำบลปะอาว\หน่วยเลือกตั้งที่ 1\5 ทับ 18 (บช).pdf,0,10,PASS,4.785,252
,rawData\เขต 2 อ.เมืองฯ\ตำบลปะอาว\ตำบลปะอาว\หน่วยเลือกตั้งที่ 1\5 ทับ 18.pdf,0,10,PASS,3.836,188
,rawData\เขต 2 อ.เมืองฯ\ตำบลปะอาว\ตำบลปะอาว\หน่วยเลือกตั้งที่ 2\5ทับ18(บช).pdf,0,57,WARNING,17.855,245
,rawData\เขต 2 อ.เมืองฯ\ตำบลปะอาว\ตำบลปะอาว\หน่วยเลือกตั้งที่ 2\5ทับ18.pdf,0,10,PASS,4.575,252
,rawData\เขต 2 อ.เมืองฯ\ตำบลปะอาว\ตำบลปะอาว\หน่วยเลือกตั้งที่ 3\5ทับ18(บช).pdf,1,57,REVIEW,40.619,287
,rawData\เขต 2 อ.เมืองฯ\ตำบลปะอาว\ตำบลปะอาว\หน่วยเลือกตั้งที่ 3\5ทับ18.pdf,0,10,PASS,23.22,368
Missing OCR text: ocr_texts_v2\เขต 2 อ.เมืองฯ\ตำบลปะอาว\ตำบลปะอาว\หน่วยเลือกตั้งที่ 4\5ทับ18(บช)_ocr.txt,rawData\เขต 2 อ.เมืองฯ\ตำบลปะอาว\ตำบลปะอาว\หน่วยเลือกตั้งที่ 4\5ทับ18(บช).pdf,,0,FAIL,0.001,
,rawData\เขต 2 อ.เมืองฯ\ตำบลปะอาว\ตำบลปะอาว\หน่วยเลือกตั้งที่ 4\5ทับ18.pdf,0,10,WARNING,5.709,274
Missing OCR text: ocr_texts_v2\เขต 2 อ.เมืองฯ\ตำบลปะอาว\ตำบลปะอาว\หน่วยเลือกตั้งที่ 5\5ทับ18(บช)_ocr.txt,rawData\เขต 2 อ.เมืองฯ\ตำบลปะอาว\ตำบลปะอาว\หน่วยเลือกตั้งที่ 5\5ทับ18(บช).pdf,,0,FAIL,0.001,
,rawData\เขต 2 อ.เมืองฯ\ตำบลปะอาว\ตำบลปะอาว\หน่วยเลือกตั้งที่ 5\5ทับ18.pdf,0,10,PASS,3.988,416
,rawData\เขต 2 อ.เมืองฯ\ตำบลปะอาว\ตำบลปะอาว\หน่วยเลือกตั้งที่ 6\5ทับ18(บช).pdf,1,57,REVIEW,40.863,247
,rawData\เขต 2 อ.เมืองฯ\ตำบลปะอาว\ตำบลปะอาว\หน่วยเลือกตั้งที่ 6\5ทับ18.pdf,0,10,PASS,4.289,246
,rawData\เขต 2 อ.เมืองฯ\ตำบลปะอาว\ตำบลปะอาว\หน่วยเลือกตั้งที่ 7\5ทับ18(บช).pdf,1,33,REVIEW,21.153,507
,rawData\เขต 2 อ.เมืองฯ\ตำบลปะอาว\ตำบลปะอาว\หน่วยเลือกตั้งที่ 7\5ทับ18.pdf,0,10,WARNING,6.764,291
,rawData\เขต 2 อ.เมืองฯ\ตำบลปะอาว\ตำบลปะอาว\หน่วยเลือกตั้งที่ 8\5ทับ18(บช).pdf,1,57,REVIEW,42.068,891
,rawData\เขต 2 อ.เมืองฯ\ตำบลปะอาว\ตำบลปะอาว\หน่วยเลือกตั้งที่ 8\5ทับ18.pdf,0,10,WARNING,4.025,399
,rawData\เขต 2 อ.เมืองฯ\ตำบลปะอาว\ตำบลปะอาว\หน่วยเลือกตั้งที่ 9\5ทับ18(บช).pdf,1,57,REVIEW,24.456,318
,rawData\เขต 2 อ.เมืองฯ\ตำบลปะอาว\ตำบลปะอาว\หน่วยเลือกตั้งที่ 9\5ทับ18.pdf,1,57,REVIEW,34.279,326
,rawData\เขต 2 อ.เมืองฯ\ตำบลหนองขอน\หน่วยเลือกตั้งที่ 1\5ทับ18(บช).pdf,1,57,REVIEW,36.839,532
,rawData\เขต 2 อ.เมืองฯ\ตำบลหนองขอน\หน่วยเลือกตั้งที่ 1\5ทับ18.pdf,0,10,WARNING,4.326,282
,rawData\เขต 2 อ.เมืองฯ\ตำบลหนองขอน\หน่วยเลือกตั้งที่ 10\5ทับ18  (บช).pdf,1,93,REVIEW,49.229,46
,rawData\เขต 2 อ.เมืองฯ\ตำบลหนองขอน\หน่วยเลือกตั้งที่ 10\5ทับ18.pdf,0,10,WARNING,23.009,355
"Expecting ',' delimiter: line 594 column 6 (char 10785)",rawData\เขต 2 อ.เมืองฯ\ตำบลหนองขอน\หน่วยเลือกตั้งที่ 11\5ทับ 18( บช).pdf,,0,FAIL,61.298,
,rawData\เขต 2 อ.เมืองฯ\ตำบลหนองขอน\หน่วยเลือกตั้งที่ 11\5ทับ18.pdf,0,10,PASS,12.068,521
,rawData\เขต 2 อ.เมืองฯ\ตำบลหนองขอน\หน่วยเลือกตั้งที่ 12\5ทับ18(บช).pdf,1,30,REVIEW,60.358,59
,rawData\เขต 2 อ.เมืองฯ\ตำบลหนองขอน\หน่วยเลือกตั้งที่ 12\5ทับ18.pdf,0,10,PASS,4.158,424
,rawData\เขต 2 อ.เมืองฯ\ตำบลหนองขอน\หน่วยเลือกตั้งที่ 13\5ทับ18(บช).pdf,1,9,REVIEW,7.215,20
,rawData\เขต 2 อ.เมืองฯ\ตำบลหนองขอน\หน่วยเลือกตั้งที่ 13\5ทับ18.pdf,0,10,PASS,4.223,326
,rawData\เขต 2 อ.เมืองฯ\ตำบลหนองขอน\หน่วยเลือกตั้งที่ 14\5ทับ18(บช).pdf,1,43,REVIEW,23.233,145
,rawData\เขต 2 อ.เมืองฯ\ตำบลหนองขอน\หน่วยเลือกตั้งที่ 14\5ทับ18.pdf,0,10,PASS,6.519,213
,rawData\เขต 2 อ.เมืองฯ\ตำบลหนองขอน\หน่วยเลือกตั้งที่ 15\5ทับ18(บช).pdf,1,51,REVIEW,53.413,554
,rawData\เขต 2 อ.เมืองฯ\ตำบลหนองขอน\หน่วยเลือกตั้งที่ 15\5ทับ18.pdf,1,10,PASS,9.898,223
,rawData\เขต 2 อ.เมืองฯ\ตำบลหนองขอน\หน่วยเลือกตั้งที่ 16\5ทับ18(บช).pdf,1,29,REVIEW,51.69,38968
,rawData\เขต 2 อ.เมืองฯ\ตำบลหนองขอน\หน่วยเลือกตั้งที่ 16\5ทับ18.pdf,1,10,REVIEW,39.984,184
,rawData\เขต 2 อ.เมืองฯ\ตำบลหนองขอน\หน่วยเลือกตั้งที่ 2\5ทับ18.pdf,1,10,REVIEW,21.848,1004
,rawData\เขต 2 อ.เมืองฯ\ตำบลหนองขอน\หน่วยเลือกตั้งที่ 2\5ทับ188(บช)2.pdf,0,57,WARNING,15.545,419
,rawData\เขต 2 อ.เมืองฯ\ตำบลหนองขอน\หน่วยเลือกตั้งที่ 3\5ทับ18(บช).pdf,0,57,WARNING,16.313,312
,rawData\เขต 2 อ.เมืองฯ\ตำบลหนองขอน\หน่วยเลือกตั้งที่ 3\5ทับ18.pdf,1,10,REVIEW,15.028,72
,rawData\เขต 2 อ.เมืองฯ\ตำบลหนองขอน\หน่วยเลือกตั้งที่ 4\5ทับ18(บช).pdf,1,33,REVIEW,14.977,160
,rawData\เขต 2 อ.เมืองฯ\ตำบลหนองขอน\หน่วยเลือกตั้งที่ 4\5ทับ18.pdf,0,10,PASS,5.297,306
,rawData\เขต 2 อ.เมืองฯ\ตำบลหนองขอน\หน่วยเลือกตั้งที่ 5\5ทับ18(บช).pdf,1,59,REVIEW,55.529,1213
,rawData\เขต 2 อ.เมืองฯ\ตำบลหนองขอน\หน่วยเลือกตั้งที่ 5\5ทับ18.pdf,1,10,REVIEW,55.453,333
,rawData\เขต 2 อ.เมืองฯ\ตำบลหนองขอน\หน่วยเลือกตั้งที่ 6\5ทับ18(บช).pdf,1,32,REVIEW,52.156,243
,rawData\เขต 2 อ.เมืองฯ\ตำบลหนองขอน\หน่วยเลือกตั้งที่ 6\5ทับ18.pdf,1,10,REVIEW,34.213,323
,rawData\เขต 2 อ.เมืองฯ\ตำบลหนองขอน\หน่วยเลือกตั้งที่ 7\5ทับ 18( บช).pdf,1,41,REVIEW,28.355,259
,rawData\เขต 2 อ.เมืองฯ\ตำบลหนองขอน\หน่วยเลือกตั้งที่ 7\5ทับ18.pdf,1,10,REVIEW,9.594,356
,rawData\เขต 2 อ.เมืองฯ\ตำบลหนองขอน\หน่วยเลือกตั้งที่ 8\5ทับ18( บช).pdf,0,4,WARNING,1.601,136
,rawData\เขต 2 อ.เมืองฯ\ตำบลหนองขอน\หน่วยเลือกตั้งที่ 8\5ทับ18.pdf,1,10,WARNING,10.682,343
,rawData\เขต 2 อ.เมืองฯ\ตำบลหนองขอน\หน่วยเลือกตั้งที่ 9\5ทับ18 ( บช).pdf,1,6,REVIEW,5.193,2
,rawData\เขต 2 อ.เมืองฯ\ตำบลหนองขอน\หน่วยเลือกตั้งที่ 9\5ทับ18.pdf,0,10,PASS,4.339,318
,rawData\เขต 2 อ.เมืองฯ\ตำบลหัวเรือ\ตำบลหัวเรือ\หน่วยเลือกตั้งที่1\5ทับ18(บช).pdf,1,33,REVIEW,18.118,677
,rawData\เขต 2 อ.เมืองฯ\ตำบลหัวเรือ\ตำบลหัวเรือ\หน่วยเลือกตั้งที่1\5ทับ18.pdf,0,10,PASS,5.292,406
,rawData\เขต 2 อ.เมืองฯ\ตำบลหัวเรือ\ตำบลหัวเรือ\หน่วยเลือกตั้งที่10\5ทับ18(บช).pdf,1,57,REVIEW,38.278,379
,rawData\เขต 2 อ.เมืองฯ\ตำบลหัวเรือ\ตำบลหัวเรือ\หน่วยเลือกตั้งที่10\5ทับ18.pdf,1,10,REVIEW,23.264,308
,rawData\เขต 2 อ.เมืองฯ\ตำบลหัวเรือ\ตำบลหัวเรือ\หน่วยเลือกตั้งที่11\5ทับ18(บช).pdf,1,33,REVIEW,17.852,324
,rawData\เขต 2 อ.เมืองฯ\ตำบลหัวเรือ\ตำบลหัวเรือ\หน่วยเลือกตั้งที่11\5ทับ18.pdf,0,10,WARNING,6.203,455
,rawData\เขต 2 อ.เมืองฯ\ตำบลหัวเรือ\ตำบลหัวเรือ\หน่วยเลือกตั้งที่12\5ทับ18(บช).pdf,1,57,REVIEW,32.631,1081
,rawData\เขต 2 อ.เมืองฯ\ตำบลหัวเรือ\ตำบลหัวเรือ\หน่วยเลือกตั้งที่12\5ทับ18.pdf,1,10,REVIEW,10.783,398
,rawData\เขต 2 อ.เมืองฯ\ตำบลหัวเรือ\ตำบลหัวเรือ\หน่วยเลือกตั้งที่13\5ทับ18(บช).pdf,1,33,REVIEW,25.578,196
,rawData\เขต 2 อ.เมืองฯ\ตำบลหัวเรือ\ตำบลหัวเรือ\หน่วยเลือกตั้งที่13\5ทับ18.pdf,1,10,REVIEW,32.358,582
,rawData\เขต 2 อ.เมืองฯ\ตำบลหัวเรือ\ตำบลหัวเรือ\หน่วยเลือกตั้งที่14\5ทับ18(บช).pdf,1,57,REVIEW,31.935,595
,rawData\เขต 2 อ.เมืองฯ\ตำบลหัวเรือ\ตำบลหัวเรือ\หน่วยเลือกตั้งที่14\5ทับ18.pdf,0,10,PASS,19.886,264
,rawData\เขต 2 อ.เมืองฯ\ตำบลหัวเรือ\ตำบลหัวเรือ\หน่วยเลือกตั้งที่15\5ทับ18(บช).pdf,1,57,REVIEW,49.217,660
,rawData\เขต 2 อ.เมืองฯ\ตำบลหัวเรือ\ตำบลหัวเรือ\หน่วยเลือกตั้งที่15\5ทับ18.pdf,0,10,WARNING,7.275,315
,rawData\เขต 2 อ.เมืองฯ\ตำบลหัวเรือ\ตำบลหัวเรือ\หน่วยเลือกตั้งที่16\5ทับ18(บช).pdf,1,33,REVIEW,19.844,434
,rawData\เขต 2 อ.เมืองฯ\ตำบลหัวเรือ\ตำบลหัวเรือ\หน่วยเลือกตั้งที่16\5ทับ18.pdf,1,10,REVIEW,9.24,585
,rawData\เขต 2 อ.เมืองฯ\ตำบลหัวเรือ\ตำบลหัวเรือ\หน่วยเลือกตั้งที่2\5ทับ18(บช).pdf,0,57,PASS,19.535,451
,rawData\เขต 2 อ.เมืองฯ\ตำบลหัวเรือ\ตำบลหัวเรือ\หน่วยเลือกตั้งที่2\5ทับ18.pdf,0,10,WARNING,5.821,463
,rawData\เขต 2 อ.เมืองฯ\ตำบลหัวเรือ\ตำบลหัวเรือ\หน่วยเลือกตั้งที่3\5ทับ18(บช).pdf,1,57,REVIEW,33.365,660
,rawData\เขต 2 อ.เมืองฯ\ตำบลหัวเรือ\ตำบลหัวเรือ\หน่วยเลือกตั้งที่3\5ทับ18.pdf,1,10,REVIEW,10.578,693
,rawData\เขต 2 อ.เมืองฯ\ตำบลหัวเรือ\ตำบลหัวเรือ\หน่วยเลือกตั้งที่4\5ทับ18(บช).pdf,1,57,REVIEW,37.837,14262
,rawData\เขต 2 อ.เมืองฯ\ตำบลหัวเรือ\ตำบลหัวเรือ\หน่วยเลือกตั้งที่4\5ทับ18.pdf,1,10,REVIEW,8.134,400
,rawData\เขต 2 อ.เมืองฯ\ตำบลหัวเรือ\ตำบลหัวเรือ\หน่วยเลือกตั้งที่5\5ทับ18(บช).pdf,1,57,REVIEW,43.438,1019
,rawData\เขต 2 อ.เมืองฯ\ตำบลหัวเรือ\ตำบลหัวเรือ\หน่วยเลือกตั้งที่5\5ทับ18.pdf,0,10,PASS,5.613,498
,rawData\เขต 2 อ.เมืองฯ\ตำบลหัวเรือ\ตำบลหัวเรือ\หน่วยเลือกตั้งที่6\5ทับ18(บช).pdf,1,56,REVIEW,31.67,407
,rawData\เขต 2 อ.เมืองฯ\ตำบลหัวเรือ\ตำบลหัวเรือ\หน่วยเลือกตั้งที่6\5ทับ18.pdf,1,10,REVIEW,43.585,420
,rawData\เขต 2 อ.เมืองฯ\ตำบลหัวเรือ\ตำบลหัวเรือ\หน่วยเลือกตั้งที่7\5ทับ18(บช).pdf,1,33,REVIEW,18.79,286
,rawData\เขต 2 อ.เมืองฯ\ตำบลหัวเรือ\ตำบลหัวเรือ\หน่วยเลือกตั้งที่7\5ทับ18.pdf,0,10,PASS,3.995,461
,rawData\เขต 2 อ.เมืองฯ\ตำบลหัวเรือ\ตำบลหัวเรือ\หน่วยเลือกตั้งที่8\5ทับ18(บช).pdf,1,57,REVIEW,34.267,250
,rawData\เขต 2 อ.เมืองฯ\ตำบลหัวเรือ\ตำบลหัวเรือ\หน่วยเลือกตั้งที่8\5ทับ18.pdf,1,10,REVIEW,13.902,308
,rawData\เขต 2 อ.เมืองฯ\ตำบลหัวเรือ\ตำบลหัวเรือ\หน่วยเลือกตั้งที่9\5ทับ18(บช).pdf,1,9,REVIEW,8.591,6000
,rawData\เขต 2 อ.เมืองฯ\ตำบลหัวเรือ\ตำบลหัวเรือ\หน่วยเลือกตั้งที่9\5ทับ18.pdf,1,10,REVIEW,12.877,714
,rawData\เขต 2 อ.เมืองฯ\เขตไร่น้อย\เขตไร่น้อย\หน่วยเลือกตั้งที่ 1\5ทับ18(บช).pdf,1,57,REVIEW,28.949,594
,rawData\เขต 2 อ.เมืองฯ\เขตไร่น้อย\เขตไร่น้อย\หน่วยเลือกตั้งที่ 1\5ทับ18.pdf,0,10,PASS,6.79,461
,rawData\เขต 2 อ.เมืองฯ\เขตไร่น้อย\เขตไร่น้อย\หน่วยเลือกตั้งที่ 10\5ทับ18(บช).pdf,1,57,REVIEW,30.556,550
,rawData\เขต 2 อ.เมืองฯ\เขตไร่น้อย\เขตไร่น้อย\หน่วยเลือกตั้งที่ 10\5ทับ18.pdf,0,10,PASS,4.793,275
,rawData\เขต 2 อ.เมืองฯ\เขตไร่น้อย\เขตไร่น้อย\หน่วยเลือกตั้งที่ 11\5ทับ18(บช).pdf,1,33,REVIEW,19.108,218
,rawData\เขต 2 อ.เมืองฯ\เขตไร่น้อย\เขตไร่น้อย\หน่วยเลือกตั้งที่ 11\5ทับ18.pdf,1,10,REVIEW,10.034,264
,rawData\เขต 2 อ.เมืองฯ\เขตไร่น้อย\เขตไร่น้อย\หน่วยเลือกตั้งที่ 12\5ทับ18(บช).pdf,1,34,REVIEW,23.567,171
,rawData\เขต 2 อ.เมืองฯ\เขตไร่น้อย\เขตไร่น้อย\หน่วยเลือกตั้งที่ 12\5ทับ18.pdf,0,10,WARNING,7.714,322
,rawData\เขต 2 อ.เมืองฯ\เขตไร่น้อย\เขตไร่น้อย\หน่วยเลือกตั้งที่ 13\5ทับ18(บช).pdf,1,57,REVIEW,36.519,492
,rawData\เขต 2 อ.เมืองฯ\เขตไร่น้อย\เขตไร่น้อย\หน่วยเลือกตั้งที่ 13\5ทับ18.pdf,1,10,REVIEW,40.434,536
,rawData\เขต 2 อ.เมืองฯ\เขตไร่น้อย\เขตไร่น้อย\หน่วยเลือกตั้งที่ 14\5ทับ18(บช).pdf,1,57,REVIEW,36.605,543
,rawData\เขต 2 อ.เมืองฯ\เขตไร่น้อย\เขตไร่น้อย\หน่วยเลือกตั้งที่ 14\5ทับ18.pdf,0,10,PASS,4.156,289
Missing OCR text: ocr_texts_v2\เขต 2 อ.เมืองฯ\เขตไร่น้อย\เขตไร่น้อย\หน่วยเลือกตั้งที่ 15\5ทับ18(บช)_ocr.txt,rawData\เขต 2 อ.เมืองฯ\เขตไร่น้อย\เขตไร่น้อย\หน่วยเลือกตั้งที่ 15\5ทับ18(บช).pdf,,0,FAIL,0.001,
Missing OCR text: ocr_texts_v2\เขต 2 อ.เมืองฯ\เขตไร่น้อย\เขตไร่น้อย\หน่วยเลือกตั้งที่ 15\5ทับ18_ocr.txt,rawData\เขต 2 อ.เมืองฯ\เขตไร่น้อย\เขตไร่น้อย\หน่วยเลือกตั้งที่ 15\5ทับ18.pdf,,0,FAIL,0.0,
,rawData\เขต 2 อ.เมืองฯ\เขตไร่น้อย\เขตไร่น้อย\หน่วยเลือกตั้งที่ 16\5ทับ18(บช).pdf,1,57,REVIEW,24.668,455
,rawData\เขต 2 อ.เมืองฯ\เขตไร่น้อย\เขตไร่น้อย\หน่วยเลือกตั้งที่ 16\5ทับ18.pdf,0,10,PASS,6.814,398
,rawData\เขต 2 อ.เมืองฯ\เขตไร่น้อย\เขตไร่น้อย\หน่วยเลือกตั้งที่ 17\5ทับ18(บช).pdf,0,57,WARNING,48.427,371
,rawData\เขต 2 อ.เมืองฯ\เขตไร่น้อย\เขตไร่น้อย\หน่วยเลือกตั้งที่ 17\5ทับ18.pdf,0,10,WARNING,3.834,385
,rawData\เขต 2 อ.เมืองฯ\เขตไร่น้อย\เขตไร่น้อย\หน่วยเลือกตั้งที่ 18\5ทับ18(บช).pdf,1,57,REVIEW,23.83,809
,rawData\เขต 2 อ.เมืองฯ\เขตไร่น้อย\เขตไร่น้อย\หน่วยเลือกตั้งที่ 18\5ทับ18.pdf,1,10,REVIEW,9.038,450
,rawData\เขต 2 อ.เมืองฯ\เขตไร่น้อย\เขตไร่น้อย\หน่วยเลือกตั้งที่ 19\5ทับ18(บช).pdf,0,57,WARNING,15.341,137
,rawData\เขต 2 อ.เมืองฯ\เขตไร่น้อย\เขตไร่น้อย\หน่วยเลือกตั้งที่ 19\5ทับ18.pdf,1,34,REVIEW,23.161,45039
,rawData\เขต 2 อ.เมืองฯ\เขตไร่น้อย\เขตไร่น้อย\หน่วยเลือกตั้งที่ 2\5ทับ18(บช).pdf,1,57,REVIEW,34.109,487
,rawData\เขต 2 อ.เมืองฯ\เขตไร่น้อย\เขตไร่น้อย\หน่วยเลือกตั้งที่ 2\5ทับ18.pdf,1,10,REVIEW,8.689,1064
,rawData\เขต 2 อ.เมืองฯ\เขตไร่น้อย\เขตไร่น้อย\หน่วยเลือกตั้งที่ 20\5ทับ18(บช).pdf,1,33,REVIEW,19.051,227
,rawData\เขต 2 อ.เมืองฯ\เขตไร่น้อย\เขตไร่น้อย\หน่วยเลือกตั้งที่ 20\5ทับ18.pdf,0,10,PASS,4.361,312
,rawData\เขต 2 อ.เมืองฯ\เขตไร่น้อย\เขตไร่น้อย\หน่วยเลือกตั้งที่ 21\5ทับ18(บช).pdf,0,57,PASS,14.913,309
,rawData\เขต 2 อ.เมืองฯ\เขตไร่น้อย\เขตไร่น้อย\หน่วยเลือกตั้งที่ 21\5ทับ18.pdf,1,10,REVIEW,8.638,357
,rawData\เขต 2 อ.เมืองฯ\เขตไร่น้อย\เขตไร่น้อย\หน่วยเลือกตั้งที่ 22\5ทับ18(บช).pdf,0,57,WARNING,14.533,273
,rawData\เขต 2 อ.เมืองฯ\เขตไร่น้อย\เขตไร่น้อย\หน่วยเลือกตั้งที่ 22\5ทับ18.pdf,0,10,PASS,4.036,268
,rawData\เขต 2 อ.เมืองฯ\เขตไร่น้อย\เขตไร่น้อย\หน่วยเลือกตั้งที่ 23\5ทับ18(บช).pdf,1,57,REVIEW,28.647,131
,rawData\เขต 2 อ.เมืองฯ\เขตไร่น้อย\เขตไร่น้อย\หน่วยเลือกตั้งที่ 23\5ทับ18.pdf,0,10,WARNING,3.839,272
,rawData\เขต 2 อ.เมืองฯ\เขตไร่น้อย\เขตไร่น้อย\หน่วยเลือกตั้งที่ 24\5ทับ18(บช).pdf,1,57,REVIEW,31.083,271
,rawData\เขต 2 อ.เมืองฯ\เขตไร่น้อย\เขตไร่น้อย\หน่วยเลือกตั้งที่ 24\5ทับ18.pdf,1,10,REVIEW,8.661,514
,rawData\เขต 2 อ.เมืองฯ\เขตไร่น้อย\เขตไร่น้อย\หน่วยเลือกตั้งที่ 25\5ทับ18(บช).pdf,1,57,REVIEW,36.633,552
,rawData\เขต 2 อ.เมืองฯ\เขตไร่น้อย\เขตไร่น้อย\หน่วยเลือกตั้งที่ 25\5ทับ18.pdf,0,10,WARNING,4.022,284
,rawData\เขต 2 อ.เมืองฯ\เขตไร่น้อย\เขตไร่น้อย\หน่วยเลือกตั้งที่ 26\5ทับ18(บช).pdf,1,57,REVIEW,30.527,321
,rawData\เขต 2 อ.เมืองฯ\เขตไร่น้อย\เขตไร่น้อย\หน่วยเลือกตั้งที่ 26\5ทับ18.pdf,0,10,WARNING,4.922,358
,rawData\เขต 2 อ.เมืองฯ\เขตไร่น้อย\เขตไร่น้อย\หน่วยเลือกตั้งที่ 27\5ทับ18(บช).pdf,1,57,REVIEW,29.587,158
,rawData\เขต 2 อ.เมืองฯ\เขตไร่น้อย\เขตไร่น้อย\หน่วยเลือกตั้งที่ 27\5ทับ18.pdf,0,10,PASS,3.79,356
,rawData\เขต 2 อ.เมืองฯ\เขตไร่น้อย\เขตไร่น้อย\หน่วยเลือกตั้งที่ 28\5ทับ18(บช).pdf,1,33,REVIEW,20.876,1015
,rawData\เขต 2 อ.เมืองฯ\เขตไร่น้อย\เขตไร่น้อย\หน่วยเลือกตั้งที่ 28\5ทับ18.pdf,1,10,REVIEW,10.761,407
,rawData\เขต 2 อ.เมืองฯ\เขตไร่น้อย\เขตไร่น้อย\หน่วยเลือกตั้งที่ 29\5ทับ18(บช).pdf,1,57,REVIEW,24.467,386
,rawData\เขต 2 อ.เมืองฯ\เขตไร่น้อย\เขตไร่น้อย\หน่วยเลือกตั้งที่ 29\5ทับ18.pdf,1,10,REVIEW,9.391,340
,rawData\เขต 2 อ.เมืองฯ\เขตไร่น้อย\เขตไร่น้อย\หน่วยเลือกตั้งที่ 3\5ทับ18(บช).pdf,0,57,WARNING,16.704,449
,rawData\เขต 2 อ.เมืองฯ\เขตไร่น้อย\เขตไร่น้อย\หน่วยเลือกตั้งที่ 3\5ทับ18.pdf,1,10,REVIEW,9.542,434
,rawData\เขต 2 อ.เมืองฯ\เขตไร่น้อย\เขตไร่น้อย\หน่วยเลือกตั้งที่ 30\5ทับ18(บช).pdf,1,57,REVIEW,34.902,395
,rawData\เขต 2 อ.เมืองฯ\เขตไร่น้อย\เขตไร่น้อย\หน่วยเลือกตั้งที่ 30\5ทับ18.pdf,1,10,REVIEW,10.088,349
,rawData\เขต 2 อ.เมืองฯ\เขตไร่น้อย\เขตไร่น้อย\หน่วยเลือกตั้งที่ 31\5ทับ18(บช).pdf,0,57,PASS,17.223,361
,rawData\เขต 2 อ.เมืองฯ\เขตไร่น้อย\เขตไร่น้อย\หน่วยเลือกตั้งที่ 31\5ทับ18.pdf,0,10,PASS,4.886,362
,rawData\เขต 2 อ.เมืองฯ\เขตไร่น้อย\เขตไร่น้อย\หน่วยเลือกตั้งที่ 32\5ทับ18(บช).pdf,1,57,REVIEW,31.171,342
,rawData\เขต 2 อ.เมืองฯ\เขตไร่น้อย\เขตไร่น้อย\หน่วยเลือกตั้งที่ 32\5ทับ18.pdf,0,10,PASS,3.698,314
,rawData\เขต 2 อ.เมืองฯ\เขตไร่น้อย\เขตไร่น้อย\หน่วยเลือกตั้งที่ 33\5ทับ18(บช).pdf,0,57,WARNING,16.027,300
,rawData\เขต 2 อ.เมืองฯ\เขตไร่น้อย\เขตไร่น้อย\หน่วยเลือกตั้งที่ 33\5ทับ18.pdf,1,10,REVIEW,7.998,324
,rawData\เขต 2 อ.เมืองฯ\เขตไร่น้อย\เขตไร่น้อย\หน่วยเลือกตั้งที่ 34\5ทับ18(บช).pdf,1,57,PASS,27.002,315
,rawData\เขต 2 อ.เมืองฯ\เขตไร่น้อย\เขตไร่น้อย\หน่วยเลือกตั้งที่ 34\5ทับ18.pdf,0,10,WARNING,4.616,295
,rawData\เขต 2 อ.เมืองฯ\เขตไร่น้อย\เขตไร่น้อย\หน่วยเลือกตั้งที่ 35\5ทับ18(บช).pdf,1,57,REVIEW,34.724,1794
,rawData\เขต 2 อ.เมืองฯ\เขตไร่น้อย\เขตไร่น้อย\หน่วยเลือกตั้งที่ 35\5ทับ18.pdf,0,10,WARNING,3.724,334
,rawData\เขต 2 อ.เมืองฯ\เขตไร่น้อย\เขตไร่น้อย\หน่วยเลือกตั้งที่ 36\5ทับ18(บช).pdf,0,10,WARNING,3.23,349
,rawData\เขต 2 อ.เมืองฯ\เขตไร่น้อย\เขตไร่น้อย\หน่วยเลือกตั้งที่ 36\5ทับ18.pdf,0,10,WARNING,3.779,349
,rawData\เขต 2 อ.เมืองฯ\เขตไร่น้อย\เขตไร่น้อย\หน่วยเลือกตั้งที่ 37\5ทับ18(บช).pdf,0,47,WARNING,11.682,861
,rawData\เขต 2 อ.เมืองฯ\เขตไร่น้อย\เขตไร่น้อย\หน่วยเลือกตั้งที่ 37\5ทับ18.pdf,1,10,REVIEW,9.86,344
,rawData\เขต 2 อ.เมืองฯ\เขตไร่น้อย\เขตไร่น้อย\หน่วยเลือกตั้งที่ 38\5ทับ18(บช).pdf,1,23,REVIEW,13.513,616
,rawData\เขต 2 อ.เมืองฯ\เขตไร่น้อย\เขตไร่น้อย\หน่วยเลือกตั้งที่ 38\5ทับ18.pdf,0,10,PASS,3.952,439
,rawData\เขต 2 อ.เมืองฯ\เขตไร่น้อย\เขตไร่น้อย\หน่วยเลือกตั้งที่ 39\5ทับ18(บช).pdf,0,57,WARNING,17.97,460
,rawData\เขต 2 อ.เมืองฯ\เขตไร่น้อย\เขตไร่น้อย\หน่วยเลือกตั้งที่ 39\5ทับ18.pdf,1,10,REVIEW,9.494,340
,rawData\เขต 2 อ.เมืองฯ\เขตไร่น้อย\เขตไร่น้อย\หน่วยเลือกตั้งที่ 4\5ทับ18(บช).pdf,1,33,REVIEW,17.467,287
,rawData\เขต 2 อ.เมืองฯ\เขตไร่น้อย\เขตไร่น้อย\หน่วยเลือกตั้งที่ 4\5ทับ18.pdf,1,10,REVIEW,8.277,343
,rawData\เขต 2 อ.เมืองฯ\เขตไร่น้อย\เขตไร่น้อย\หน่วยเลือกตั้งที่ 41\5ทับ18(บช).pdf,0,57,WARNING,15.633,415
,rawData\เขต 2 อ.เมืองฯ\เขตไร่น้อย\เขตไร่น้อย\หน่วยเลือกตั้งที่ 41\5ทับ18.pdf,1,10,REVIEW,8.534,339
,rawData\เขต 2 อ.เมืองฯ\เขตไร่น้อย\เขตไร่น้อย\หน่วยเลือกตั้งที่ 42\5ทับ18(บช).pdf,1,57,REVIEW,31.331,386
,rawData\เขต 2 อ.เมืองฯ\เขตไร่น้อย\เขตไร่น้อย\หน่วยเลือกตั้งที่ 42\5ทับ18.pdf,1,10,REVIEW,9.092,418
,rawData\เขต 2 อ.เมืองฯ\เขตไร่น้อย\เขตไร่น้อย\หน่วยเลือกตั้งที่ 43\5ทับ18(บช).pdf,0,57,WARNING,18.099,408
,rawData\เขต 2 อ.เมืองฯ\เขตไร่น้อย\เขตไร่น้อย\หน่วยเลือกตั้งที่ 43\5ทับ18.pdf,0,10,PASS,3.972,401
,rawData\เขต 2 อ.เมืองฯ\เขตไร่น้อย\เขตไร่น้อย\หน่วยเลือกตั้งที่ 44\5ทับ18(บช).pdf,1,57,REVIEW,32.634,154
,rawData\เขต 2 อ.เมืองฯ\เขตไร่น้อย\เขตไร่น้อย\หน่วยเลือกตั้งที่ 44\5ทับ18.pdf,0,10,WARNING,4.566,317
,rawData\เขต 2 อ.เมืองฯ\เขตไร่น้อย\เขตไร่น้อย\หน่วยเลือกตั้งที่ 45\5ทับ18(บช).pdf,0,57,WARNING,15.168,338
,rawData\เขต 2 อ.เมืองฯ\เขตไร่น้อย\เขตไร่น้อย\หน่วยเลือกตั้งที่ 45\5ทับ18.pdf,0,10,PASS,3.951,310
,rawData\เขต 2 อ.เมืองฯ\เขตไร่น้อย\เขตไร่น้อย\หน่วยเลือกตั้งที่ 5\5ทับ18(บช).pdf,0,57,PASS,17.636,229
,rawData\เขต 2 อ.เมืองฯ\เขตไร่น้อย\เขตไร่น้อย\หน่วยเลือกตั้งที่ 5\5ทับ18.pdf,0,10,PASS,5.217,206
,rawData\เขต 2 อ.เมืองฯ\เขตไร่น้อย\เขตไร่น้อย\หน่วยเลือกตั้งที่ 6\5ทับ18(บช).pdf,1,57,REVIEW,22.493,517
,rawData\เขต 2 อ.เมืองฯ\เขตไร่น้อย\เขตไร่น้อย\หน่วยเลือกตั้งที่ 6\5ทับ18.pdf,1,10,REVIEW,10.454,366
,rawData\เขต 2 อ.เมืองฯ\เขตไร่น้อย\เขตไร่น้อย\หน่วยเลือกตั้งที่ 7\5ทับ18(บช).pdf,1,57,WARNING,32.077,311
,rawData\เขต 2 อ.เมืองฯ\เขตไร่น้อย\เขตไร่น้อย\หน่วยเลือกตั้งที่ 7\5ทับ18.pdf,0,10,PASS,4.083,312
,rawData\เขต 2 อ.เมืองฯ\เขตไร่น้อย\เขตไร่น้อย\หน่วยเลือกตั้งที่ 8\5ทับ18(บช).pdf,0,33,WARNING,8.713,350
,rawData\เขต 2 อ.เมืองฯ\เขตไร่น้อย\เขตไร่น้อย\หน่วยเลือกตั้งที่ 8\5ทับ18.pdf,1,10,REVIEW,8.583,452
,rawData\เขต 2 อ.เมืองฯ\เขตไร่น้อย\เขตไร่น้อย\หน่วยเลือกตั้งที่ 9\5ทับ18(บช).pdf,1,57,REVIEW,24.559,485
,rawData\เขต 2 อ.เมืองฯ\เขตไร่น้อย\เขตไร่น้อย\หน่วยเลือกตั้งที่ 9\5ทับ18.pdf,0,10,PASS,4.285,320
,rawData\เขต 2 อ.เมืองฯ\เขตไร่น้อย\เขตไร่น้อย\หน่วยเลือกตั้งที่ิ 40\5ทับ18(บช).pdf,1,57,REVIEW,31.531,384
,rawData\เขต 2 อ.เมืองฯ\เขตไร่น้อย\เขตไร่น้อย\หน่วยเลือกตั้งที่ิ 40\5ทับ18.pdf,0,10,WARNING,3.937,369
