chars,error,file,pages,status,total_seconds
13060,,rawData\อำเภอเขื่องใน\ตำบลกลางใหญ่\หน่วยเลือกตั้งที่ 1\5ทับ18(บช).pdf,,SKIP,0.0
9105,,rawData\อำเภอเขื่องใน\ตำบลกลางใหญ่\หน่วยเลือกตั้งที่ 1\5ทับ18.pdf,,SKIP,0.0
13405,,rawData\อำเภอเขื่องใน\ตำบลกลางใหญ่\หน่วยเลือกตั้งที่ 10\5ทับ18(บช).pdf,,SKIP,0.0
25998,,rawData\อำเภอเขื่องใน\ตำบลกลางใหญ่\หน่วยเลือกตั้งที่ 10\5ทับ18.pdf,,SKIP,0.0
13897,,rawData\อำเภอเขื่องใน\ตำบลกลางใหญ่\หน่วยเลือกตั้งที่ 11\5ทับ18(บช).pdf,,SKIP,0.0
9089,,rawData\อำเภอเขื่องใน\ตำบลกลางใหญ่\หน่วยเลือกตั้งที่ 11\5ทับ18.pdf,,SKIP,0.0
12798,,rawData\อำเภอเขื่องใน\ตำบลกลางใหญ่\หน่วยเลือกตั้งที่ 2\5ทับ18(บช).pdf,,SKIP,0.0
8573,,rawData\อำเภอเขื่องใน\ตำบลกลางใหญ่\หน่วยเลือกตั้งที่ 2\5ทับ18.pdf,,SKIP,0.0
12711,,rawData\อำเภอเขื่องใน\ตำบลกลางใหญ่\หน่วยเลือกตั้งที่ 3\5ทับ18(บช).pdf,,SKIP,0.0
8451,,rawData\อำเภอเขื่องใน\ตำบลกลางใหญ่\หน่วยเลือกตั้งที่ 3\5ทับ18.pdf,,SKIP,0.0
15687,,rawData\อำเภอเขื่องใน\ตำบลกลางใหญ่\หน่วยเลือกตั้งที่ 4\5ทับ18(บช).pdf,,SKIP,0.0
9519,,rawData\อำเภอเขื่องใน\ตำบลกลางใหญ่\หน่วยเลือกตั้งที่ 4\5ทับ18.pdf,,SKIP,0.0
28471,,rawData\อำเภอเขื่องใน\ตำบลกลางใหญ่\หน่วยเลือกตั้งที่ 5\5ทับ18(บช).pdf,,SKIP,0.0
8521,,rawData\อำเภอเขื่องใน\ตำบลกลางใหญ่\หน่วยเลือกตั้งที่ 5\5ทับ18.pdf,,SKIP,0.0
13517,,rawData\อำเภอเขื่องใน\ตำบลกลางใหญ่\หน่วยเลือกตั้งที่ 6\5ทับ18(บช).pdf,,SKIP,0.0
8950,,rawData\อำเภอเขื่องใน\ตำบลกลางใหญ่\หน่วยเลือกตั้งที่ 6\5ทับ18.pdf,,SKIP,0.0
31929,,rawData\อำเภอเขื่องใน\ตำบลกลางใหญ่\หน่วยเลือกตั้งที่ 7\5ทับ18(บช).pdf,,SKIP,0.0
8661,,rawData\อำเภอเขื่องใน\ตำบลกลางใหญ่\หน่วยเลือกตั้งที่ 7\5ทับ18.pdf,,SKIP,0.0
13344,,rawData\อำเภอเขื่องใน\ตำบลกลางใหญ่\หน่วยเลือกตั้งที่ 8\5ทับ18(บช).pdf,,SKIP,0.0
8645,,rawData\อำเภอเขื่องใน\ตำบลกลางใหญ่\หน่วยเลือกตั้งที่ 8\5ทับ18.pdf,,SKIP,0.0
13591,,rawData\อำเภอเขื่องใน\ตำบลกลางใหญ่\หน่วยเลือกตั้งที่ 9\5ทับ18(บช).pdf,,SKIP,0.0
15110,,rawData\อำเภอเขื่องใน\ตำบลกลางใหญ่\หน่วยเลือกตั้งที่ 9\5ทับ18.pdf,,SKIP,0.0
13907,,rawData\อำเภอเขื่องใน\ตำบลก่อเอ้\หน่วยเลือกตั้งที่ 1\5 ทับ 18 (บช).pdf,,SKIP,0.0
9463,,rawData\อำเภอเขื่องใน\ตำบลก่อเอ้\หน่วยเลือกตั้งที่ 1\5 ทับ 18.pdf,,SKIP,0.0
12573,,rawData\อำเภอเขื่องใน\ตำบลก่อเอ้\หน่วยเลือกตั้งที่ 10\5 ทับ 18 (บช).pdf,,SKIP,0.0
8384,,rawData\อำเภอเขื่องใน\ตำบลก่อเอ้\หน่วยเลือกตั้งที่ 10\5 ทับ 18.pdf,,SKIP,0.0
13839,,rawData\อำเภอเขื่องใน\ตำบลก่อเอ้\หน่วยเลือกตั้งที่ 11\5 ทับ 18 (บช).pdf,,SKIP,0.0
8384,,rawData\อำเภอเขื่องใน\ตำบลก่อเอ้\หน่วยเลือกตั้งที่ 11\5 ทับ 18.pdf,,SKIP,0.0
14311,,rawData\อำเภอเขื่องใน\ตำบลก่อเอ้\หน่วยเลือกตั้งที่ 12\5 ทับ 18 (บช).pdf,,SKIP,0.0
8834,,rawData\อำเภอเขื่องใน\ตำบลก่อเอ้\หน่วยเลือกตั้งที่ 12\5 ทับ 18.pdf,,SKIP,0.0
13167,,rawData\อำเภอเขื่องใน\ตำบลก่อเอ้\หน่วยเลือกตั้งที่ 2\5 ทับ 18 (บช).pdf,,SKIP,0.0
8464,,rawData\อำเภอเขื่องใน\ตำบลก่อเอ้\หน่วยเลือกตั้งที่ 2\5 ทับ 18.pdf,,SKIP,0.0
13524,,rawData\อำเภอเขื่องใน\ตำบลก่อเอ้\หน่วยเลือกตั้งที่ 3\5 ทับ 18 (บช).pdf,,SKIP,0.0
8438,,rawData\อำเภอเขื่องใน\ตำบลก่อเอ้\หน่วยเลือกตั้งที่ 3\5 ทับ 18.pdf,,SKIP,0.0
12299,,rawData\อำเภอเขื่องใน\ตำบลก่อเอ้\หน่วยเลือกตั้งที่ 4\5 ทับ 18 (บช).pdf,,SKIP,0.0
8582,,rawData\อำเภอเขื่องใน\ตำบลก่อเอ้\หน่วยเลือกตั้งที่ 4\5 ทับ 18.pdf,,SKIP,0.0
12528,,rawData\อำเภอเขื่องใน\ตำบลก่อเอ้\หน่วยเลือกตั้งที่ 5\5 ทับ 18 (บช).pdf,,SKIP,0.0
8530,,rawData\อำเภอเขื่องใน\ตำบลก่อเอ้\หน่วยเลือกตั้งที่ 5\5 ทับ 18.pdf,,SKIP,0.0
13688,,rawData\อำเภอเขื่องใน\ตำบลก่อเอ้\หน่วยเลือกตั้งที่ 6\5 ทับ 18 (บช).pdf,,SKIP,0.0
8072,,rawData\อำเภอเขื่องใน\ตำบลก่อเอ้\หน่วยเลือกตั้งที่ 6\5 ทับ 18.pdf,,SKIP,0.0
13447,,rawData\อำเภอเขื่องใน\ตำบลก่อเอ้\หน่วยเลือกตั้งที่ 7\5 ทับ 18 (บช).pdf,,SKIP,0.0
12379,,rawData\อำเภอเขื่องใน\ตำบลก่อเอ้\หน่วยเลือกตั้งที่ 7\5 ทับ18.pdf,,SKIP,0.0
12448,,rawData\อำเภอเขื่องใน\ตำบลก่อเอ้\หน่วยเลือกตั้งที่ 8\5 ทับ 18 (บช).pdf,,SKIP,0.0
8530,,rawData\อำเภอเขื่องใน\ตำบลก่อเอ้\หน่วยเลือกตั้งที่ 8\5 ทับ 18.pdf,,SKIP,0.0
13534,,rawData\อำเภอเขื่องใน\ตำบลก่อเอ้\หน่วยเลือกตั้งที่ 9\5 ทับ 18 (บช).pdf,,SKIP,0.0
8601,,rawData\อำเภอเขื่องใน\ตำบลก่อเอ้\หน่วยเลือกตั้งที่ 9\5 ทับ 18.pdf,,SKIP,0.0
14515,,rawData\อำเภอเขื่องใน\ตำบลค้อทอง\หน่วยเลือกตั้งที่ 1\5ทับ18(บช).pdf,,SKIP,0.0
8866,,rawData\อำเภอเขื่องใน\ตำบลค้อทอง\หน่วยเลือกตั้งที่ 1\5ทับ18.pdf,,SKIP,0.0
14781,,rawData\อำเภอเขื่องใน\ตำบลค้อทอง\หน่วยเลือกตั้งที่ 10\5 ทับ 18 (บช).pdf,,SKIP,0.0
8581,,rawData\อำเภอเขื่องใน\ตำบลค้อทอง\หน่วยเลือกตั้งที่ 10\5 ทับ 18.pdf,,SKIP,0.0
13515,,rawData\อำเภอเขื่องใน\ตำบลค้อทอง\หน่วยเลือกตั้งที่ 11\5 ทับ 18 (บช).pdf,,SKIP,0.0
8405,,rawData\อำเภอเขื่องใน\ตำบลค้อทอง\หน่วยเลือกตั้งที่ 11\5 ทับ 18.pdf,,SKIP,0.0
14135,,rawData\อำเภอเขื่องใน\ตำบลค้อทอง\หน่วยเลือกตั้งที่ 2\5ทับ18(บช).pdf,,SKIP,0.0
8445,,rawData\อำเภอเขื่องใน\ตำบลค้อทอง\หน่วยเลือกตั้งที่ 2\5ทับ18.pdf,,SKIP,0.0
14639,,rawData\อำเภอเขื่องใน\ตำบลค้อทอง\หน่วยเลือกตั้งที่ 3\5 ทับ 18 (บช).pdf,,SKIP,0.0
8502,,rawData\อำเภอเขื่องใน\ตำบลค้อทอง\หน่วยเลือกตั้งที่ 3\5 ทับ 18.pdf,,SKIP,0.0
14156,,rawData\อำเภอเขื่องใน\ตำบลค้อทอง\หน่วยเลือกตั้งที่ 4\5 ทับ 18 (บช).pdf,,SKIP,0.0
8104,,rawData\อำเภอเขื่องใน\ตำบลค้อทอง\หน่วยเลือกตั้งที่ 4\5 ทับ 18.pdf,,SKIP,0.0
13660,,rawData\อำเภอเขื่องใน\ตำบลค้อทอง\หน่วยเลือกตั้งที่ 5\5 ทับ 18 (บช).pdf,,SKIP,0.0
8970,,rawData\อำเภอเขื่องใน\ตำบลค้อทอง\หน่วยเลือกตั้งที่ 5\5 ทับ 18.pdf,,SKIP,0.0
14092,,rawData\อำเภอเขื่องใน\ตำบลค้อทอง\หน่วยเลือกตั้งที่ 6\5 ทับ 18 (บช).pdf,,SKIP,0.0
8266,,rawData\อำเภอเขื่องใน\ตำบลค้อทอง\หน่วยเลือกตั้งที่ 6\5 ทับ 18.pdf,,SKIP,0.0
14747,,rawData\อำเภอเขื่องใน\ตำบลค้อทอง\หน่วยเลือกตั้งที่ 7\5 ทับ 18 (บช).pdf,,SKIP,0.0
8243,,rawData\อำเภอเขื่องใน\ตำบลค้อทอง\หน่วยเลือกตั้งที่ 7\5 ทับ 18.pdf,,SKIP,0.0
14236,,rawData\อำเภอเขื่องใน\ตำบลค้อทอง\หน่วยเลือกตั้งที่ 8\5 ทับ 18 (บช).pdf,,SKIP,0.0
8794,,rawData\อำเภอเขื่องใน\ตำบลค้อทอง\หน่วยเลือกตั้งที่ 8\5 ทับ 18.pdf,,SKIP,0.0
14549,,rawData\อำเภอเขื่องใน\ตำบลค้อทอง\หน่วยเลือกตั้งที่ 9\5 ทับ 18 (บช).pdf,,SKIP,0.0
8245,,rawData\อำเภอเขื่องใน\ตำบลค้อทอง\หน่วยเลือกตั้งที่ 9\5 ทับ 18.pdf,,SKIP,0.0
13252,,rawData\อำเภอเขื่องใน\ตำบลชีทวน\หน่วยเลือกตั้งที่ 1\5ทับ18(บช).pdf,,SKIP,0.0
9024,,rawData\อำเภอเขื่องใน\ตำบลชีทวน\หน่วยเลือกตั้งที่ 1\5ทับ18.pdf,,SKIP,0.0
14681,,rawData\อำเภอเขื่องใน\ตำบลชีทวน\หน่วยเลือกตั้งที่ 10\5ทับ18(บช).pdf,,SKIP,0.0
8747,,rawData\อำเภอเขื่องใน\ตำบลชีทวน\หน่วยเลือกตั้งที่ 10\5ทับ18.pdf,,SKIP,0.0
14638,,rawData\อำเภอเขื่องใน\ตำบลชีทวน\หน่วยเลือกตั้งที่ 11\5ทับ18(บช).pdf,,SKIP,0.0
9095,,rawData\อำเภอเขื่องใน\ตำบลชีทวน\หน่วยเลือกตั้งที่ 11\5ทับ18.pdf,,SKIP,0.0
12355,,rawData\อำเภอเขื่องใน\ตำบลชีทวน\หน่วยเลือกตั้งที่ 2\5ทับ18(บช).pdf,,SKIP,0.0
9374,,rawData\อำเภอเขื่องใน\ตำบลชีทวน\หน่วยเลือกตั้งที่ 2\5ทับ18.pdf,,SKIP,0.0
13671,,rawData\อำเภอเขื่องใน\ตำบลชีทวน\หน่วยเลือกตั้งที่ 3\5ทับ18(บช).pdf,,SKIP,0.0
9441,,rawData\อำเภอเขื่องใน\ตำบลชีทวน\หน่วยเลือกตั้งที่ 3\5ทับ18.pdf,,SKIP,0.0
12579,,rawData\อำเภอเขื่องใน\ตำบลชีทวน\หน่วยเลือกตั้งที่ 4\5ทับ18(บช).pdf,,SKIP,0.0
8706,,rawData\อำเภอเขื่องใน\ตำบลชีทวน\หน่วยเลือกตั้งที่ 4\5ทับ18.pdf,,SKIP,0.0
15151,,rawData\อำเภอเขื่องใน\ตำบลชีทวน\หน่วยเลือกตั้งที่ 5\5ทับ18(บช).pdf,,SKIP,0.0
9337,,rawData\อำเภอเขื่องใน\ตำบลชีทวน\หน่วยเลือกตั้งที่ 5\5ทับ18.pdf,,SKIP,0.0
15123,,rawData\อำเภอเขื่องใน\ตำบลชีทวน\หน่วยเลือกตั้งที่ 6\5ทับ18(บช).pdf,,SKIP,0.0
8907,,rawData\อำเภอเขื่องใน\ตำบลชีทวน\หน่วยเลือกตั้งที่ 6\5ทับ18.pdf,,SKIP,0.0
14097,,rawData\อำเภอเขื่องใน\ตำบลชีทวน\หน่วยเลือกตั้งที่ 7\5ทับ18(บช).pdf,,SKIP,0.0
8784,,rawData\อำเภอเขื่องใน\ตำบลชีทวน\หน่วยเลือกตั้งที่ 7\5ทับ18.pdf,,SKIP,0.0
13196,,rawData\อำเภอเขื่องใน\ตำบลชีทวน\หน่วยเลือกตั้งที่ 8\5ทับ18(บช).pdf,,SKIP,0.0
8618,,rawData\อำเภอเขื่องใน\ตำบลชีทวน\หน่วยเลือกตั้งที่ 8\5ทับ18.pdf,,SKIP,0.0
14849,,rawData\อำเภอเขื่องใน\ตำบลชีทวน\หน่วยเลือกตั้งที่ 9\5ทับ18(บช).pdf,,SKIP,0.0
9003,,rawData\อำเภอเขื่องใน\ตำบลชีทวน\หน่วยเลือกตั้งที่ 9\5ทับ18.pdf,,SKIP,0.0
8372,,rawData\อำเภอเขื่องใน\ตำบลท่าไห\หน่วยเลือกตั้งที่ 1\50ทับ18.pdf,,SKIP,0.0
13129,,rawData\อำเภอเขื่องใน\ตำบลท่าไห\หน่วยเลือกตั้งที่ 1\5ทับ18(บช).pdf,,SKIP,0.0
12857,,rawData\อำเภอเขื่องใน\ตำบลท่าไห\หน่วยเลือกตั้งที่ 10\5ทับ18(บช).pdf,,SKIP,0.0
8426,,rawData\อำเภอเขื่องใน\ตำบลท่าไห\หน่วยเลือกตั้งที่ 10\5ทับ18.pdf,,SKIP,0.0
13783,,rawData\อำเภอเขื่องใน\ตำบลท่าไห\หน่วยเลือกตั้งที่ 11\5ทับ18(บช).pdf,,SKIP,0.0
8362,,rawData\อำเภอเขื่องใน\ตำบลท่าไห\หน่วยเลือกตั้งที่ 11\5ทับ18.pdf,,SKIP,0.0
12921,,rawData\อำเภอเขื่องใน\ตำบลท่าไห\หน่วยเลือกตั้งที่ 12\5 ทับ 18 (บช).pdf,,SKIP,0.0
8221,,rawData\อำเภอเขื่องใน\ตำบลท่าไห\หน่วยเลือกตั้งที่ 12\5 ทับ 18.pdf,,SKIP,0.0
13679,,rawData\อำเภอเขื่องใน\ตำบลท่าไห\หน่วยเลือกตั้งที่ 13\5 ทับ 18 (บช).pdf,,SKIP,0.0
8892,,rawData\อำเภอเขื่องใน\ตำบลท่าไห\หน่วยเลือกตั้งที่ 13\5 ทับ 18.pdf,,SKIP,0.0
11566,,rawData\อำเภอเขื่องใน\ตำบลท่าไห\หน่วยเลือกตั้งที่ 2\5ทับ18(บช).pdf,,SKIP,0.0
9131,,rawData\อำเภอเขื่องใน\ตำบลท่าไห\หน่วยเลือกตั้งที่ 2\5ทับ18.pdf,,SKIP,0.0
35715,,rawData\อำเภอเขื่องใน\ตำบลท่าไห\หน่วยเลือกตั้งที่ 3\5ทับ18(บช).pdf,,SKIP,0.0
8201,,rawData\อำเภอเขื่องใน\ตำบลท่าไห\หน่วยเลือกตั้งที่ 3\5ทับ18.pdf,,SKIP,0.0
14134,,rawData\อำเภอเขื่องใน\ตำบลท่าไห\หน่วยเลือกตั้งที่ 4\5ทับ18(บช).pdf,,SKIP,0.0
8436,,rawData\อำเภอเขื่องใน\ตำบลท่าไห\หน่วยเลือกตั้งที่ 4\5ทับ18.pdf,,SKIP,0.0
13799,,rawData\อำเภอเขื่องใน\ตำบลท่าไห\หน่วยเลือกตั้งที่ 5\5ทับ18(บช).pdf,,SKIP,0.0
8460,,rawData\อำเภอเขื่องใน\ตำบลท่าไห\หน่วยเลือกตั้งที่ 5\5ทับ18.pdf,,SKIP,0.0
29659,,rawData\อำเภอเขื่องใน\ตำบลท่าไห\หน่วยเลือกตั้งที่ 6\5ทับ18(บช).pdf,,SKIP,0.0
7816,,rawData\อำเภอเขื่องใน\ตำบลท่าไห\หน่วยเลือกตั้งที่ 6\5ทับ18.pdf,,SKIP,0.0
13743,,rawData\อำเภอเขื่องใน\ตำบลท่าไห\หน่วยเลือกตั้งที่ 7\5ทับ18(บช).pdf,,SKIP,0.0
8237,,rawData\อำเภอเขื่องใน\ตำบลท่าไห\หน่วยเลือกตั้งที่ 7\5ทับ18.pdf,,SKIP,0.0
14446,,rawData\อำเภอเขื่องใน\ตำบลท่าไห\หน่วยเลือกตั้งที่ 8\5ทับ18(บช).pdf,,SKIP,0.0
8547,,rawData\อำเภอเขื่องใน\ตำบลท่าไห\หน่วยเลือกตั้งที่ 8\5ทับ18.pdf,,SKIP,0.0
13275,,rawData\อำเภอเขื่องใน\ตำบลท่าไห\หน่วยเลือกตั้งที่ 9\5ทับ18(บช).pdf,,SKIP,0.0
9107,,rawData\อำเภอเขื่องใน\ตำบลท่าไห\หน่วยเลือกตั้งที่ 9\5ทับ18.pdf,,SKIP,0.0
13948,,rawData\อำเภอเขื่องใน\ตำบลธาตุน้อย\หน่วยเลือกตั้งที่ 1\5ทับ18(บช).pdf,,SKIP,0.0
8662,,rawData\อำเภอเขื่องใน\ตำบลธาตุน้อย\หน่วยเลือกตั้งที่ 1\5ทับ18.pdf,,SKIP,0.0
16033,,rawData\อำเภอเขื่องใน\ตำบลธาตุน้อย\หน่วยเลือกตั้งที่ 10\5ทับ18(บช).pdf,,SKIP,0.0
8635,,rawData\อำเภอเขื่องใน\ตำบลธาตุน้อย\หน่วยเลือกตั้งที่ 10\5ทับ18.pdf,,SKIP,0.0
13900,,rawData\อำเภอเขื่องใน\ตำบลธาตุน้อย\หน่วยเลือกตั้งที่ 2\5ทับ18(บช).pdf,,SKIP,0.0
9021,,rawData\อำเภอเขื่องใน\ตำบลธาตุน้อย\หน่วยเลือกตั้งที่ 2\5ทับ18.pdf,,SKIP,0.0
13021,,rawData\อำเภอเขื่องใน\ตำบลธาตุน้อย\หน่วยเลือกตั้งที่ 3\5ทับ18(บช).pdf,,SKIP,0.0
8314,,rawData\อำเภอเขื่องใน\ตำบลธาตุน้อย\หน่วยเลือกตั้งที่ 3\5ทับ18.pdf,,SKIP,0.0
13817,,rawData\อำเภอเขื่องใน\ตำบลธาตุน้อย\หน่วยเลือกตั้งที่ 4\5ทับ18(บช).pdf,,SKIP,0.0
8431,,rawData\อำเภอเขื่องใน\ตำบลธาตุน้อย\หน่วยเลือกตั้งที่ 4\5ทับ18.pdf,,SKIP,0.0
14076,,rawData\อำเภอเขื่องใน\ตำบลธาตุน้อย\หน่วยเลือกตั้งที่ 5\5ทับ18(บช).pdf,,SKIP,0.0
8723,,rawData\อำเภอเขื่องใน\ตำบลธาตุน้อย\หน่วยเลือกตั้งที่ 5\5ทับ18.pdf,,SKIP,0.0
33294,,rawData\อำเภอเขื่องใน\ตำบลธาตุน้อย\หน่วยเลือกตั้งที่ 6\5ทับ18(บช).pdf,,SKIP,0.0
8408,,rawData\อำเภอเขื่องใน\ตำบลธาตุน้อย\หน่วยเลือกตั้งที่ 6\5ทับ18.pdf,,SKIP,0.0
14897,,rawData\อำเภอเขื่องใน\ตำบลธาตุน้อย\หน่วยเลือกตั้งที่ 7\5ทับ18(บช).pdf,,SKIP,0.0
8668,,rawData\อำเภอเขื่องใน\ตำบลธาตุน้อย\หน่วยเลือกตั้งที่ 7\5ทับ18.pdf,,SKIP,0.0
14968,,rawData\อำเภอเขื่องใน\ตำบลธาตุน้อย\หน่วยเลือกตั้งที่ 8\5ทับ18(บช).pdf,,SKIP,0.0
8610,,rawData\อำเภอเขื่องใน\ตำบลธาตุน้อย\หน่วยเลือกตั้งที่ 8\5ทับ18.pdf,,SKIP,0.0
12619,,rawData\อำเภอเขื่องใน\ตำบลธาตุน้อย\หน่วยเลือกตั้งที่ 9\5ทับ18(บช).pdf,,SKIP,0.0
8677,,rawData\อำเภอเขื่องใน\ตำบลธาตุน้อย\หน่วยเลือกตั้งที่ 9\5ทับ18.pdf,,SKIP,0.0
14340,,rawData\อำเภอเขื่องใน\ตำบลนาคำใหญ่\หน่วยเลือกตั้งที่ 1\5 ทับ 18 (บช).pdf,,SKIP,0.0
8494,,rawData\อำเภอเขื่องใน\ตำบลนาคำใหญ่\หน่วยเลือกตั้งที่ 1\5 ทับ 18.pdf,,SKIP,0.0
14123,,rawData\อำเภอเขื่องใน\ตำบลนาคำใหญ่\หน่วยเลือกตั้งที่ 2\5 ทับ 18 (บช).pdf,,SKIP,0.0
7658,,rawData\อำเภอเขื่องใน\ตำบลนาคำใหญ่\หน่วยเลือกตั้งที่ 2\5 ทับ 18.pdf,,SKIP,0.0
12872,,rawData\อำเภอเขื่องใน\ตำบลนาคำใหญ่\หน่วยเลือกตั้งที่ 3\5ทับ18(บช).pdf,,SKIP,0.0
8578,,rawData\อำเภอเขื่องใน\ตำบลนาคำใหญ่\หน่วยเลือกตั้งที่ 3\5ทับ18.pdf,,SKIP,0.0
14722,,rawData\อำเภอเขื่องใน\ตำบลนาคำใหญ่\หน่วยเลือกตั้งที่ 4\5ทับ18(บช).pdf,,SKIP,0.0
9211,,rawData\อำเภอเขื่องใน\ตำบลนาคำใหญ่\หน่วยเลือกตั้งที่ 4\5ทับ18.pdf,,SKIP,0.0
14620,,rawData\อำเภอเขื่องใน\ตำบลนาคำใหญ่\หน่วยเลือกตั้งที่ 5\5ทับ18(บช).pdf,,SKIP,0.0
8058,,rawData\อำเภอเขื่องใน\ตำบลนาคำใหญ่\หน่วยเลือกตั้งที่ 5\5ทับ18.pdf,,SKIP,0.0
14149,,rawData\อำเภอเขื่องใน\ตำบลนาคำใหญ่\หน่วยเลือกตั้งที่ 6\5ทับ18(บช).pdf,,SKIP,0.0
14471,,rawData\อำเภอเขื่องใน\ตำบลนาคำใหญ่\หน่วยเลือกตั้งที่ 6\5ทับ18.pdf,,SKIP,0.0
17240,,rawData\อำเภอเขื่องใน\ตำบลนาคำใหญ่\หน่วยเลือกตั้งที่ 7\5ทับ18(บช).pdf,,SKIP,0.0
8388,,rawData\อำเภอเขื่องใน\ตำบลนาคำใหญ่\หน่วยเลือกตั้งที่ 7\5ทับ18.pdf,,SKIP,0.0
12761,,rawData\อำเภอเขื่องใน\ตำบลนาคำใหญ่\หน่วยเลือกตั้งที่ 8\5ทับ18(บช).pdf,,SKIP,0.0
8292,,rawData\อำเภอเขื่องใน\ตำบลนาคำใหญ่\หน่วยเลือกตั้งที่ 8\5ทับ18.pdf,,SKIP,0.0
26584,,rawData\อำเภอเขื่องใน\ตำบลบ้านกอก\หน่วยเลือกตั้งที่ 1\5ทับ18(บช).pdf,,SKIP,0.0
8509,,rawData\อำเภอเขื่องใน\ตำบลบ้านกอก\หน่วยเลือกตั้งที่ 1\5ทับ18.pdf,,SKIP,0.0
14191,,rawData\อำเภอเขื่องใน\ตำบลบ้านกอก\หน่วยเลือกตั้งที่ 2\5ทับ18(บช).pdf,,SKIP,0.0
5907,,rawData\อำเภอเขื่องใน\ตำบลบ้านกอก\หน่วยเลือกตั้งที่ 2\5ทับ18.pdf,,SKIP,0.0
14460,,rawData\อำเภอเขื่องใน\ตำบลบ้านกอก\หน่วยเลือกตั้งที่ 3\5ทับ18(บช).pdf,,SKIP,0.0
25064,,rawData\อำเภอเขื่องใน\ตำบลบ้านกอก\หน่วยเลือกตั้งที่ 3\5ทับ18.pdf,,SKIP,0.0
12750,,rawData\อำเภอเขื่องใน\ตำบลบ้านกอก\หน่วยเลือกตั้งที่ 4\5ทับ18(บช).pdf,,SKIP,0.0
8104,,rawData\อำเภอเขื่องใน\ตำบลบ้านกอก\หน่วยเลือกตั้งที่ 4\5ทับ18.pdf,,SKIP,0.0
13445,,rawData\อำเภอเขื่องใน\ตำบลบ้านกอก\หน่วยเลือกตั้งที่ 5\5ทับ18(บช).pdf,,SKIP,0.0
8709,,rawData\อำเภอเขื่องใน\ตำบลบ้านกอก\หน่วยเลือกตั้งที่ 5\5ทับ18.pdf,,SKIP,0.0
13465,,rawData\อำเภอเขื่องใน\ตำบลบ้านกอก\หน่วยเลือกตั้งที่ 6\5ทับ18(บช).pdf,,SKIP,0.0
8287,,rawData\อำเภอเขื่องใน\ตำบลบ้านกอก\หน่วยเลือกตั้งที่ 6\5ทับ18.pdf,,SKIP,0.0
14969,,rawData\อำเภอเขื่องใน\ตำบลบ้านไทย\หน่วยเลือกตั้งที่ 1\5ทับ18(บช).pdf,,SKIP,0.0
8936,,rawData\อำเภอเขื่องใน\ตำบลบ้านไทย\หน่วยเลือกตั้งที่ 1\5ทับ18.pdf,,SKIP,0.0
12829,,rawData\อำเภอเขื่องใน\ตำบลบ้านไทย\หน่วยเลือกตั้งที่ 10\5ทับ18(บช).pdf,,SKIP,0.0
8468,,rawData\อำเภอเขื่องใน\ตำบลบ้านไทย\หน่วยเลือกตั้งที่ 10\5ทับ18.pdf,,SKIP,0.0
14171,,rawData\อำเภอเขื่องใน\ตำบลบ้านไทย\หน่วยเลือกตั้งที่ 11\5ทับ18(บช).pdf,,SKIP,0.0
8637,,rawData\อำเภอเขื่องใน\ตำบลบ้านไทย\หน่วยเลือกตั้งที่ 11\5ทับ18.pdf,,SKIP,0.0
13428,,rawData\อำเภอเขื่องใน\ตำบลบ้านไทย\หน่วยเลือกตั้งที่ 12\5ทับ18(บช).pdf,,SKIP,0.0
8286,,rawData\อำเภอเขื่องใน\ตำบลบ้านไทย\หน่วยเลือกตั้งที่ 12\5ทับ18.pdf,,SKIP,0.0
8915,,rawData\อำเภอเขื่องใน\ตำบลบ้านไทย\หน่วยเลือกตั้งที่ 2\5 ทับ18.pdf,,SKIP,0.0
18959,,rawData\อำเภอเขื่องใน\ตำบลบ้านไทย\หน่วยเลือกตั้งที่ 2\5ทับ18(บช).pdf,,SKIP,0.0
13629,,rawData\อำเภอเขื่องใน\ตำบลบ้านไทย\หน่วยเลือกตั้งที่ 3\5ทับ18(บช).pdf,,SKIP,0.0
8971,,rawData\อำเภอเขื่องใน\ตำบลบ้านไทย\หน่วยเลือกตั้งที่ 3\5ทับ18.pdf,,SKIP,0.0
13045,,rawData\อำเภอเขื่องใน\ตำบลบ้านไทย\หน่วยเลือกตั้งที่ 4\5ทับ18(บช).pdf,,SKIP,0.0
27009,,rawData\อำเภอเขื่องใน\ตำบลบ้านไทย\หน่วยเลือกตั้งที่ 4\5ทับ18.pdf,,SKIP,0.0
14010,,rawData\อำเภอเขื่องใน\ตำบลบ้านไทย\หน่วยเลือกตั้งที่ 5\5ทับ18(บช).pdf,,SKIP,0.0
8410,,rawData\อำเภอเขื่องใน\ตำบลบ้านไทย\หน่วยเลือกตั้งที่ 5\5ทับ18.pdf,,SKIP,0.0
13372,,rawData\อำเภอเขื่องใน\ตำบลบ้านไทย\หน่วยเลือกตั้งที่ 6\5ทับ18(บช).pdf,,SKIP,0.0
8479,,rawData\อำเภอเขื่องใน\ตำบลบ้านไทย\หน่วยเลือกตั้งที่ 6\5ทับ18.pdf,,SKIP,0.0
21010,,rawData\อำเภอเขื่องใน\ตำบลบ้านไทย\หน่วยเลือกตั้งที่ 7\5ทับ18(บช).pdf,,SKIP,0.0
8500,,rawData\อำเภอเขื่องใน\ตำบลบ้านไทย\หน่วยเลือกตั้งที่ 7\5ทับ18.pdf,,SKIP,0.0
13561,,rawData\อำเภอเขื่องใน\ตำบลบ้านไทย\หน่วยเลือกตั้งที่ 8\5ทับ18(บช).pdf,,SKIP,0.0
8208,,rawData\อำเภอเขื่องใน\ตำบลบ้านไทย\หน่วยเลือกตั้งที่ 8\5ทับ18.pdf,,SKIP,0.0
17610,,rawData\อำเภอเขื่องใน\ตำบลบ้านไทย\หน่วยเลือกตั้งที่ 9\5ทับ18(บช).pdf,,SKIP,0.0
8249,,rawData\อำเภอเขื่องใน\ตำบลบ้านไทย\หน่วยเลือกตั้งที่ 9\5ทับ18.pdf,,SKIP,0.0
13937,,rawData\อำเภอเขื่องใน\ตำบลยางขี้นก\หน่วยเลือกตั้งที่ 1\5ทับ18(บช).pdf,,SKIP,0.0
8643,,rawData\อำเภอเขื่องใน\ตำบลยางขี้นก\หน่วยเลือกตั้งที่ 1\5ทับ18.pdf,,SKIP,0.0
13326,,rawData\อำเภอเขื่องใน\ตำบลยางขี้นก\หน่วยเลือกตั้งที่ 10\5ทับ18(บช).pdf,,SKIP,0.0
8582,,rawData\อำเภอเขื่องใน\ตำบลยางขี้นก\หน่วยเลือกตั้งที่ 10\5ทับ18.pdf,,SKIP,0.0
15466,,rawData\อำเภอเขื่องใน\ตำบลยางขี้นก\หน่วยเลือกตั้งที่ 2\5ทับ18(บช).pdf,,SKIP,0.0
9278,,rawData\อำเภอเขื่องใน\ตำบลยางขี้นก\หน่วยเลือกตั้งที่ 2\5ทับ18.pdf,,SKIP,0.0
14343,,rawData\อำเภอเขื่องใน\ตำบลยางขี้นก\หน่วยเลือกตั้งที่ 3\5ทับ18(บช).pdf,,SKIP,0.0
8623,,rawData\อำเภอเขื่องใน\ตำบลยางขี้นก\หน่วยเลือกตั้งที่ 3\5ทับ18.pdf,,SKIP,0.0
20860,,rawData\อำเภอเขื่องใน\ตำบลยางขี้นก\หน่วยเลือกตั้งที่ 4\5ทับ18(บช).pdf,,SKIP,0.0
7968,,rawData\อำเภอเขื่องใน\ตำบลยางขี้นก\หน่วยเลือกตั้งที่ 4\5ทับ18.pdf,,SKIP,0.0
16195,,rawData\อำเภอเขื่องใน\ตำบลยางขี้นก\หน่วยเลือกตั้งที่ 5\5ทับ18(บช).pdf,,SKIP,0.0
24348,,rawData\อำเภอเขื่องใน\ตำบลยางขี้นก\หน่วยเลือกตั้งที่ 5\5ทับ18.pdf,,SKIP,0.0
13547,,rawData\อำเภอเขื่องใน\ตำบลยางขี้นก\หน่วยเลือกตั้งที่ 6\5ทับ18(บช).pdf,,SKIP,0.0
8224,,rawData\อำเภอเขื่องใน\ตำบลยางขี้นก\หน่วยเลือกตั้งที่ 6\5ทับ18.pdf,,SKIP,0.0
12957,,rawData\อำเภอเขื่องใน\ตำบลยางขี้นก\หน่วยเลือกตั้งที่ 7\5ทับ18(บช).pdf,,SKIP,0.0
8512,,rawData\อำเภอเขื่องใน\ตำบลยางขี้นก\หน่วยเลือกตั้งที่ 7\5ทับ18.pdf,,SKIP,0.0
13934,,rawData\อำเภอเขื่องใน\ตำบลยางขี้นก\หน่วยเลือกตั้งที่ 8\5ทับ18(บช).pdf,,SKIP,0.0
8489,,rawData\อำเภอเขื่องใน\ตำบลยางขี้นก\หน่วยเลือกตั้งที่ 8\5ทับ18.pdf,,SKIP,0.0
13573,,rawData\อำเภอเขื่องใน\ตำบลยางขี้นก\หน่วยเลือกตั้งที่ 9\5ทับ18 (บช).pdf,,SKIP,0.0
9089,,rawData\อำเภอเขื่องใน\ตำบลยางขี้นก\หน่วยเลือกตั้งที่ 9\5ทับ18.pdf,,SKIP,0.0
12219,,rawData\อำเภอเขื่องใน\ตำบลศรีสุข\หน่วยเลือกตั้งที่ 1\5ทับ18(บช).pdf,,SKIP,0.0
8192,,rawData\อำเภอเขื่องใน\ตำบลศรีสุข\หน่วยเลือกตั้งที่ 1\5ทับ18.pdf,,SKIP,0.0
13284,,rawData\อำเภอเขื่องใน\ตำบลศรีสุข\หน่วยเลือกตั้งที่ 2\5ทับ18(บช).pdf,,SKIP,0.0
8541,,rawData\อำเภอเขื่องใน\ตำบลศรีสุข\หน่วยเลือกตั้งที่ 2\5ทับ18.pdf,,SKIP,0.0
15425,,rawData\อำเภอเขื่องใน\ตำบลศรีสุข\หน่วยเลือกตั้งที่ 3\5ทับ18(บช).pdf,,SKIP,0.0
8315,,rawData\อำเภอเขื่องใน\ตำบลศรีสุข\หน่วยเลือกตั้งที่ 3\5ทับ18.pdf,,SKIP,0.0
22042,,rawData\อำเภอเขื่องใน\ตำบลศรีสุข\หน่วยเลือกตั้งที่ 4\5ทับ18(บช).pdf,,SKIP,0.0
38962,,rawData\อำเภอเขื่องใน\ตำบลศรีสุข\หน่วยเลือกตั้งที่ 4\5ทับ18.pdf,,SKIP,0.0
13278,,rawData\อำเภอเขื่องใน\ตำบลศรีสุข\หน่วยเลือกตั้งที่ 5\5ทับ18(บช).pdf,,SKIP,0.0
12293,,rawData\อำเภอเขื่องใน\ตำบลศรีสุข\หน่วยเลือกตั้งที่ 5\5ทับ18.pdf,,SKIP,0.0
15105,,rawData\อำเภอเขื่องใน\ตำบลศรีสุข\หน่วยเลือกตั้งที่ 6\5ทับ18(บช).pdf,,SKIP,0.0
8501,,rawData\อำเภอเขื่องใน\ตำบลศรีสุข\หน่วยเลือกตั้งที่ 6\5ทับ18.pdf,,SKIP,0.0
13386,,rawData\อำเภอเขื่องใน\ตำบลศรีสุข\หน่วยเลือกตั้งที่ 7\5ทับ18(บช).pdf,,SKIP,0.0
8577,,rawData\อำเภอเขื่องใน\ตำบลศรีสุข\หน่วยเลือกตั้งที่ 7\5ทับ18.pdf,,SKIP,0.0
9479,,rawData\อำเภอเขื่องใน\ตำบลศรีสุข\หน่วยเลือกตั้งที่ 8\5 ทับ18.pdf,,SKIP,0.0
31882,,rawData\อำเภอเขื่องใน\ตำบลศรีสุข\หน่วยเลือกตั้งที่ 8\5ทับ18(บช).pdf,,SKIP,0.0
14334,,rawData\อำเภอเขื่องใน\ตำบลสร้างถ่อ\หน่วยเลือกตั้งที่ 1\5ทับ18(บช).pdf,,SKIP,0.0
8690,,rawData\อำเภอเขื่องใน\ตำบลสร้างถ่อ\หน่วยเลือกตั้งที่ 1\5ทับ18.pdf,,SKIP,0.0
21538,,rawData\อำเภอเขื่องใน\ตำบลสร้างถ่อ\หน่วยเลือกตั้งที่ 10\5ทับ18(บช).pdf,,SKIP,0.0
7441,,rawData\อำเภอเขื่องใน\ตำบลสร้างถ่อ\หน่วยเลือกตั้งที่ 10\5ทับ18.pdf,,SKIP,0.0
17498,,rawData\อำเภอเขื่องใน\ตำบลสร้างถ่อ\หน่วยเลือกตั้งที่ 11\5ทับ18(บช).pdf,,SKIP,0.0
8657,,rawData\อำเภอเขื่องใน\ตำบลสร้างถ่อ\หน่วยเลือกตั้งที่ 11\5ทับ18.pdf,,SKIP,0.0
32806,,rawData\อำเภอเขื่องใน\ตำบลสร้างถ่อ\หน่วยเลือกตั้งที่ 12\5ทับ18(บช).pdf,,SKIP,0.0
8269,,rawData\อำเภอเขื่องใน\ตำบลสร้างถ่อ\หน่วยเลือกตั้งที่ 12\5ทับ18.pdf,,SKIP,0.0
13904,,rawData\อำเภอเขื่องใน\ตำบลสร้างถ่อ\หน่วยเลือกตั้งที่ 13\5ทับ18(บช).pdf,,SKIP,0.0
8554,,rawData\อำเภอเขื่องใน\ตำบลสร้างถ่อ\หน่วยเลือกตั้งที่ 13\5ทับ18.pdf,,SKIP,0.0
13851,,rawData\อำเภอเขื่องใน\ตำบลสร้างถ่อ\หน่วยเลือกตั้งที่ 14\5ทับ18(บช).pdf,,SKIP,0.0
8356,,rawData\อำเภอเขื่องใน\ตำบลสร้างถ่อ\หน่วยเลือกตั้งที่ 14\5ทับ18.pdf,,SKIP,0.0
13627,,rawData\อำเภอเขื่องใน\ตำบลสร้างถ่อ\หน่วยเลือกตั้งที่ 15\5ทับ18(บช).pdf,,SKIP,0.0
8246,,rawData\อำเภอเขื่องใน\ตำบลสร้างถ่อ\หน่วยเลือกตั้งที่ 15\5ทับ18.pdf,,SKIP,0.0
14390,,rawData\อำเภอเขื่องใน\ตำบลสร้างถ่อ\หน่วยเลือกตั้งที่ 16\5ทับ18(บช).pdf,,SKIP,0.0
9768,,rawData\อำเภอเขื่องใน\ตำบลสร้างถ่อ\หน่วยเลือกตั้งที่ 16\5ทับ18.pdf,,SKIP,0.0
12790,,rawData\อำเภอเขื่องใน\ตำบลสร้างถ่อ\หน่วยเลือกตั้งที่ 17\5ทับ18(บช).pdf,,SKIP,0.0
8971,,rawData\อำเภอเขื่องใน\ตำบลสร้างถ่อ\หน่วยเลือกตั้งที่ 17\5ทับ18.pdf,,SKIP,0.0
25054,,rawData\อำเภอเขื่องใน\ตำบลสร้างถ่อ\หน่วยเลือกตั้งที่ 2\5ทับ18(บช).pdf,,SKIP,0.0
8365,,rawData\อำเภอเขื่องใน\ตำบลสร้างถ่อ\หน่วยเลือกตั้งที่ 2\5ทับ18.pdf,,SKIP,0.0
15014,,rawData\อำเภอเขื่องใน\ตำบลสร้างถ่อ\หน่วยเลือกตั้งที่ 3\5ทับ18(บช).pdf,,SKIP,0.0
8376,,rawData\อำเภอเขื่องใน\ตำบลสร้างถ่อ\หน่วยเลือกตั้งที่ 3\5ทับ18.pdf,,SKIP,0.0
12793,,rawData\อำเภอเขื่องใน\ตำบลสร้างถ่อ\หน่วยเลือกตั้งที่ 4\5ทับ18(บช).pdf,,SKIP,0.0
8954,,rawData\อำเภอเขื่องใน\ตำบลสร้างถ่อ\หน่วยเลือกตั้งที่ 4\5ทับ18.pdf,,SKIP,0.0
17905,,rawData\อำเภอเขื่องใน\ตำบลสร้างถ่อ\หน่วยเลือกตั้งที่ 5\5ทับ18(บช).pdf,,SKIP,0.0
8244,,rawData\อำเภอเขื่องใน\ตำบลสร้างถ่อ\หน่วยเลือกตั้งที่ 5\5ทับ18.pdf,,SKIP,0.0
12074,,rawData\อำเภอเขื่องใน\ตำบลสร้างถ่อ\หน่วยเลือกตั้งที่ 6\5ทับ18(บช).pdf,,SKIP,0.0
8481,,rawData\อำเภอเขื่องใน\ตำบลสร้างถ่อ\หน่วยเลือกตั้งที่ 6\5ทับ18.pdf,,SKIP,0.0
22224,,rawData\อำเภอเขื่องใน\ตำบลสร้างถ่อ\หน่วยเลือกตั้งที่ 7\5ทับ18(บช).pdf,,SKIP,0.0
6957,,rawData\อำเภอเขื่องใน\ตำบลสร้างถ่อ\หน่วยเลือกตั้งที่ 7\5ทับ18.pdf,,SKIP,0.0
19112,,rawData\อำเภอเขื่องใน\ตำบลสร้างถ่อ\หน่วยเลือกตั้งที่ 8\5ทับ18(บช).pdf,,SKIP,0.0
6957,,rawData\อำเภอเขื่องใน\ตำบลสร้างถ่อ\หน่วยเลือกตั้งที่ 8\5ทับ18..pdf,,SKIP,0.0
14294,,rawData\อำเภอเขื่องใน\ตำบลสร้างถ่อ\หน่วยเลือกตั้งที่ 9\5ทับ18(บช).pdf,,SKIP,0.0
9008,,rawData\อำเภอเขื่องใน\ตำบลสร้างถ่อ\หน่วยเลือกตั้งที่ 9\5ทับ18.pdf,,SKIP,0.0
13466,,rawData\อำเภอเขื่องใน\ตำบลสหธาตุ\หน่วยเลือกตั้งที่ 1\5ทับ18(บช).pdf,,SKIP,0.0
7963,,rawData\อำเภอเขื่องใน\ตำบลสหธาตุ\หน่วยเลือกตั้งที่ 1\5ทับ18.pdf,,SKIP,0.0
13900,,rawData\อำเภอเขื่องใน\ตำบลสหธาตุ\หน่วยเลือกตั้งที่ 2\5ทับ18(บช).pdf,,SKIP,0.0
8736,,rawData\อำเภอเขื่องใน\ตำบลสหธาตุ\หน่วยเลือกตั้งที่ 2\5ทับ18.pdf,,SKIP,0.0
13326,,rawData\อำเภอเขื่องใน\ตำบลสหธาตุ\หน่วยเลือกตั้งที่ 3\5ทับ18(บช).pdf,,SKIP,0.0
8313,,rawData\อำเภอเขื่องใน\ตำบลสหธาตุ\หน่วยเลือกตั้งที่ 3\5ทับ18.pdf,,SKIP,0.0
17927,,rawData\อำเภอเขื่องใน\ตำบลสหธาตุ\หน่วยเลือกตั้งที่ 4\5ทับ18(บช).pdf,,SKIP,0.0
8221,,rawData\อำเภอเขื่องใน\ตำบลสหธาตุ\หน่วยเลือกตั้งที่ 4\5ทับ18.pdf,,SKIP,0.0
14233,,rawData\อำเภอเขื่องใน\ตำบลสหธาตุ\หน่วยเลือกตั้งที่ 5\5ทับ18(บช).pdf,,SKIP,0.0
9369,,rawData\อำเภอเขื่องใน\ตำบลสหธาตุ\หน่วยเลือกตั้งที่ 5\5ทับ18.pdf,,SKIP,0.0
15782,,rawData\อำเภอเขื่องใน\ตำบลสหธาตุ\หน่วยเลือกตั้งที่ 6\5ทับ18(บช).pdf,,SKIP,0.0
7967,,rawData\อำเภอเขื่องใน\ตำบลสหธาตุ\หน่วยเลือกตั้งที่ 6\5ทับ18.pdf,,SKIP,0.0
13821,,rawData\อำเภอเขื่องใน\ตำบลสหธาตุ\หน่วยเลือกตั้งที่ 7\5ทับ18(บช).pdf,,SKIP,0.0
8497,,rawData\อำเภอเขื่องใน\ตำบลสหธาตุ\หน่วยเลือกตั้งที่ 7\5ทับ18.pdf,,SKIP,0.0
13478,,rawData\อำเภอเขื่องใน\ตำบลหนองเหล่า\หน่วยเลือกตั้งที่ 1\5ทับ18(บช).pdf,,SKIP,0.0
8878,,rawData\อำเภอเขื่องใน\ตำบลหนองเหล่า\หน่วยเลือกตั้งที่ 1\5ทับ18.pdf,,SKIP,0.0
13490,,rawData\อำเภอเขื่องใน\ตำบลหนองเหล่า\หน่วยเลือกตั้งที่ 10\5ทับ18(บช).pdf,,SKIP,0.0
8823,,rawData\อำเภอเขื่องใน\ตำบลหนองเหล่า\หน่วยเลือกตั้งที่ 10\5ทับ18.pdf,,SKIP,0.0
13621,,rawData\อำเภอเขื่องใน\ตำบลหนองเหล่า\หน่วยเลือกตั้งที่ 11\5ทับ18(บช).pdf,,SKIP,0.0
9003,,rawData\อำเภอเขื่องใน\ตำบลหนองเหล่า\หน่วยเลือกตั้งที่ 11\5ทับ18.pdf,,SKIP,0.001
13665,,rawData\อำเภอเขื่องใน\ตำบลหนองเหล่า\หน่วยเลือกตั้งที่ 2\5ทับ18(บช).pdf,,SKIP,0.0
8078,,rawData\อำเภอเขื่องใน\ตำบลหนองเหล่า\หน่วยเลือกตั้งที่ 2\5ทับ18.pdf,,SKIP,0.0
16089,,rawData\อำเภอเขื่องใน\ตำบลหนองเหล่า\หน่วยเลือกตั้งที่ 3\5ทับ18(บช).pdf,,SKIP,0.0
11031,,rawData\อำเภอเขื่องใน\ตำบลหนองเหล่า\หน่วยเลือกตั้งที่ 3\5ทับ18.pdf,,SKIP,0.0
14389,,rawData\อำเภอเขื่องใน\ตำบลหนองเหล่า\หน่วยเลือกตั้งที่ 4\5ทับ18(บช).pdf,,SKIP,0.0
8637,,rawData\อำเภอเขื่องใน\ตำบลหนองเหล่า\หน่วยเลือกตั้งที่ 4\5ทับ18.pdf,,SKIP,0.0
15281,,rawData\อำเภอเขื่องใน\ตำบลหนองเหล่า\หน่วยเลือกตั้งที่ 5\5ทับ18(บช).pdf,,SKIP,0.0
9407,,rawData\อำเภอเขื่องใน\ตำบลหนองเหล่า\หน่วยเลือกตั้งที่ 5\5ทับ18.pdf,,SKIP,0.0
13107,,rawData\อำเภอเขื่องใน\ตำบลหนองเหล่า\หน่วยเลือกตั้งที่ 6\5ทับ18(บช).pdf,,SKIP,0.0
11278,,rawData\อำเภอเขื่องใน\ตำบลหนองเหล่า\หน่วยเลือกตั้งที่ 6\5ทับ18.pdf,,SKIP,0.0
13891,,rawData\อำเภอเขื่องใน\ตำบลหนองเหล่า\หน่วยเลือกตั้งที่ 7\5ทับ18(บช).pdf,,SKIP,0.0
8533,,rawData\อำเภอเขื่องใน\ตำบลหนองเหล่า\หน่วยเลือกตั้งที่ 7\5ทับ18.pdf,,SKIP,0.0
20453,,rawData\อำเภอเขื่องใน\ตำบลหนองเหล่า\หน่วยเลือกตั้งที่ 8\5ทับ18(บช).pdf,,SKIP,0.0
8270,,rawData\อำเภอเขื่องใน\ตำบลหนองเหล่า\หน่วยเลือกตั้งที่ 8\5ทับ18.pdf,,SKIP,0.0
14090,,rawData\อำเภอเขื่องใน\ตำบลหนองเหล่า\หน่วยเลือกตั้งที่ 9\5ทับ18(บช).pdf,,SKIP,0.0
10079,,rawData\อำเภอเขื่องใน\ตำบลหนองเหล่า\หน่วยเลือกตั้งที่ 9\5ทับ8.pdf,,SKIP,0.0
16118,,rawData\อำเภอเขื่องใน\ตำบลหัวดอน\หน่วยเลือกตั้งที่ 1\5 ทับ 18 (บช).pdf,,SKIP,0.0
8268,,rawData\อำเภอเขื่องใน\ตำบลหัวดอน\หน่วยเลือกตั้งที่ 1\5 ทับ 18.pdf,,SKIP,0.0
14248,,rawData\อำเภอเขื่องใน\ตำบลหัวดอน\หน่วยเลือกตั้งที่ 10\5ทับ18(บช).pdf,,SKIP,0.0
8562,,rawData\อำเภอเขื่องใน\ตำบลหัวดอน\หน่วยเลือกตั้งที่ 10\5ทับ18.pdf,,SKIP,0.0
13940,,rawData\อำเภอเขื่องใน\ตำบลหัวดอน\หน่วยเลือกตั้งที่ 11\5ทับ18(บช).pdf,,SKIP,0.0
8925,,rawData\อำเภอเขื่องใน\ตำบลหัวดอน\หน่วยเลือกตั้งที่ 11\5ทับ18.pdf,,SKIP,0.0
13631,,rawData\อำเภอเขื่องใน\ตำบลหัวดอน\หน่วยเลือกตั้งที่ 2\5 ทับ 18 (บช).pdf,,SKIP,0.0
8713,,rawData\อำเภอเขื่องใน\ตำบลหัวดอน\หน่วยเลือกตั้งที่ 2\5 ทับ 18.pdf,,SKIP,0.0
14126,,rawData\อำเภอเขื่องใน\ตำบลหัวดอน\หน่วยเลือกตั้งที่ 3\5 ทับ 18 (บช).pdf,,SKIP,0.0
8040,,rawData\อำเภอเขื่องใน\ตำบลหัวดอน\หน่วยเลือกตั้งที่ 3\5 ทับ 18.pdf,,SKIP,0.0
14670,,rawData\อำเภอเขื่องใน\ตำบลหัวดอน\หน่วยเลือกตั้งที่ 4\5 ทับ 18 (บช).pdf,,SKIP,0.0
8810,,rawData\อำเภอเขื่องใน\ตำบลหัวดอน\หน่วยเลือกตั้งที่ 4\5 ทับ 18.pdf,,SKIP,0.0
13187,,rawData\อำเภอเขื่องใน\ตำบลหัวดอน\หน่วยเลือกตั้งที่ 5\5 ทับ 18 (บช).pdf,,SKIP,0.0
9430,,rawData\อำเภอเขื่องใน\ตำบลหัวดอน\หน่วยเลือกตั้งที่ 5\5 ทับ 18.pdf,,SKIP,0.0
14218,,rawData\อำเภอเขื่องใน\ตำบลหัวดอน\หน่วยเลือกตั้งที่ 6\5 ทับ18 (บช).pdf,,SKIP,0.0
8652,,rawData\อำเภอเขื่องใน\ตำบลหัวดอน\หน่วยเลือกตั้งที่ 6\5 ทับ18.pdf,,SKIP,0.0
13479,,rawData\อำเภอเขื่องใน\ตำบลหัวดอน\หน่วยเลือกตั้งที่ 7\5ทับ18(บช).pdf,,SKIP,0.0
8263,,rawData\อำเภอเขื่องใน\ตำบลหัวดอน\หน่วยเลือกตั้งที่ 7\5ทับ18.pdf,,SKIP,0.0
13224,,rawData\อำเภอเขื่องใน\ตำบลหัวดอน\หน่วยเลือกตั้งที่ 8\5ทับ18(บช).pdf,,SKIP,0.0
5655,,rawData\อำเภอเขื่องใน\ตำบลหัวดอน\หน่วยเลือกตั้งที่ 8\5ทับ18.pdf,,SKIP,0.0
14243,,rawData\อำเภอเขื่องใน\ตำบลหัวดอน\หน่วยเลือกตั้งที่ 9\5ทับ18 (บช).pdf,,SKIP,0.0
8251,,rawData\อำเภอเขื่องใน\ตำบลหัวดอน\หน่วยเลือกตั้งที่ 9\5ทับ18.pdf,,SKIP,0.0
14101,,rawData\อำเภอเขื่องใน\ตำบลเขื่องใน\เขตตำบลเขื่องใน\หน่วยเลือกตั้งที่ 10\5ทับ18(บช).pdf,,SKIP,0.0
10425,,rawData\อำเภอเขื่องใน\ตำบลเขื่องใน\เขตตำบลเขื่องใน\หน่วยเลือกตั้งที่ 10\5ทับ18.pdf,,SKIP,0.0
16973,,rawData\อำเภอเขื่องใน\ตำบลเขื่องใน\เขตตำบลเขื่องใน\หน่วยเลือกตั้งที่ 11\5ทับ18(บช).pdf,,SKIP,0.0
8613,,rawData\อำเภอเขื่องใน\ตำบลเขื่องใน\เขตตำบลเขื่องใน\หน่วยเลือกตั้งที่ 11\5ทับ18.pdf,,SKIP,0.0
13624,,rawData\อำเภอเขื่องใน\ตำบลเขื่องใน\เขตตำบลเขื่องใน\หน่วยเลือกตั้งที่ 12\5ทับ18(บช).pdf,,SKIP,0.0
27618,,rawData\อำเภอเขื่องใน\ตำบลเขื่องใน\เขตตำบลเขื่องใน\หน่วยเลือกตั้งที่ 12\5ทับ18.pdf,,SKIP,0.0
12655,,rawData\อำเภอเขื่องใน\ตำบลเขื่องใน\เขตตำบลเขื่องใน\หน่วยเลือกตั้งที่ 13\5ทับ18(บช).pdf,,SKIP,0.0
8753,,rawData\อำเภอเขื่องใน\ตำบลเขื่องใน\เขตตำบลเขื่องใน\หน่วยเลือกตั้งที่ 13\5ทับ18.pdf,,SKIP,0.0
18594,,rawData\อำเภอเขื่องใน\ตำบลเขื่องใน\เขตตำบลเขื่องใน\หน่วยเลือกตั้งที่ 7\5ทับ18(บช).pdf,,SKIP,0.0
8678,,rawData\อำเภอเขื่องใน\ตำบลเขื่องใน\เขตตำบลเขื่องใน\หน่วยเลือกตั้งที่ 7\5ทับ18.pdf,,SKIP,0.0
14266,,rawData\อำเภอเขื่องใน\ตำบลเขื่องใน\เขตตำบลเขื่องใน\หน่วยเลือกตั้งที่ 8\5ทับ18(บช).pdf,,SKIP,0.0
8177,,rawData\อำเภอเขื่องใน\ตำบลเขื่องใน\เขตตำบลเขื่องใน\หน่วยเลือกตั้งที่ 8\5ทับ18.pdf,,SKIP,0.0
17101,,rawData\อำเภอเขื่องใน\ตำบลเขื่องใน\เขตตำบลเขื่องใน\หน่วยเลือกตั้งที่ 9\5ทับ18(บช).pdf,,SKIP,0.0
8060,,rawData\อำเภอเขื่องใน\ตำบลเขื่องใน\เขตตำบลเขื่องใน\หน่วยเลือกตั้งที่ 9\5ทับ18.pdf,,SKIP,0.0
14382,,rawData\อำเภอเขื่องใน\ตำบลเขื่องใน\เขตเทศบาล และนอกเขต\หน่วยเลือกตั้งที่ 1 (เทศบาล)\5ทับ18(บช).pdf,,SKIP,0.0
8628,,rawData\อำเภอเขื่องใน\ตำบลเขื่องใน\เขตเทศบาล และนอกเขต\หน่วยเลือกตั้งที่ 1 (เทศบาล)\5ทับ18.pdf,,SKIP,0.0
13629,,rawData\อำเภอเขื่องใน\ตำบลเขื่องใน\เขตเทศบาล และนอกเขต\หน่วยเลือกตั้งที่ 2 (เทศบาล)\5ทับ18(บช).pdf,,SKIP,0.0
8144,,rawData\อำเภอเขื่องใน\ตำบลเขื่องใน\เขตเทศบาล และนอกเขต\หน่วยเลือกตั้งที่ 2 (เทศบาล)\5ทับ18.pdf,,SKIP,0.0
13901,,rawData\อำเภอเขื่องใน\ตำบลเขื่องใน\เขตเทศบาล และนอกเขต\หน่วยเลือกตั้งที่ 3 (เทศบาล)\5ทับ18(บช).pdf,,SKIP,0.0
8357,,rawData\อำเภอเขื่องใน\ตำบลเขื่องใน\เขตเทศบาล และนอกเขต\หน่วยเลือกตั้งที่ 3 (เทศบาล)\5ทับ18.pdf,,SKIP,0.0
13582,,rawData\อำเภอเขื่องใน\ตำบลเขื่องใน\เขตเทศบาล และนอกเขต\หน่วยเลือกตั้งที่ 4 (เทศบาล)\5ทับ18(บช).pdf,,SKIP,0.0
8591,,rawData\อำเภอเขื่องใน\ตำบลเขื่องใน\เขตเทศบาล และนอกเขต\หน่วยเลือกตั้งที่ 4 (เทศบาล)\5ทับ18.pdf,,SKIP,0.0
15231,,rawData\อำเภอเขื่องใน\ตำบลเขื่องใน\เขตเทศบาล และนอกเขต\หน่วยเลือกตั้งที่ 5 (เทศบาล)\5ทับ18(บช).pdf,,SKIP,0.0
8605,,rawData\อำเภอเขื่องใน\ตำบลเขื่องใน\เขตเทศบาล และนอกเขต\หน่วยเลือกตั้งที่ 5 (เทศบาล)\5ทับ18.pdf,,SKIP,0.0
14320,,rawData\อำเภอเขื่องใน\ตำบลเขื่องใน\เขตเทศบาล และนอกเขต\หน่วยเลือกตั้งที่ 6 (เทศบาล)\5ทับ18(บช).pdf,,SKIP,0.0
8337,,rawData\อำเภอเขื่องใน\ตำบลเขื่องใน\เขตเทศบาล และนอกเขต\หน่วยเลือกตั้งที่ 6 (เทศบาล)\5ทับ18.pdf,,SKIP,0.0
13947,,rawData\อำเภอเขื่องใน\ตำบลเขื่องใน\เขตเทศบาล และนอกเขต\หน่วยเลือกตั้งที่ 7 (เทศบาล)\5ทับ18(บช).pdf,,SKIP,0.0
9273,,rawData\อำเภอเขื่องใน\ตำบลเขื่องใน\เขตเทศบาล และนอกเขต\หน่วยเลือกตั้งที่ 7 (เทศบาล)\5ทับ8.pdf,,SKIP,0.0
30490,,rawData\อำเภอเขื่องใน\ตำบลเขื่องใน\เขตเทศบาล และนอกเขต\หน่วยเลือกตั้งที่ 8 (เทศบาล)\5ทับ18(บช).pdf,,SKIP,0.0
25248,,rawData\อำเภอเขื่องใน\ตำบลเขื่องใน\เขตเทศบาล และนอกเขต\หน่วยเลือกตั้งที่ 8 (เทศบาล)\5ทับ18.pdf,,SKIP,0.0
14608,,rawData\อำเภอเขื่องใน\ตำบลแดงหม้อ\หน่วยเลือกตั้งที่ 1\5ทับ18(บช).pdf,,SKIP,0.0
8884,,rawData\อำเภอเขื่องใน\ตำบลแดงหม้อ\หน่วยเลือกตั้งที่ 1\5ทับ18.pdf,,SKIP,0.0
13538,,rawData\อำเภอเขื่องใน\ตำบลแดงหม้อ\หน่วยเลือกตั้งที่ 2\5ทับ18(บช).pdf,,SKIP,0.0
8412,,rawData\อำเภอเขื่องใน\ตำบลแดงหม้อ\หน่วยเลือกตั้งที่ 2\5ทับ18.pdf,,SKIP,0.0
19801,,rawData\อำเภอเขื่องใน\ตำบลแดงหม้อ\หน่วยเลือกตั้งที่ 3\5ทับ18(บช).pdf,,SKIP,0.0
8747,,rawData\อำเภอเขื่องใน\ตำบลแดงหม้อ\หน่วยเลือกตั้งที่ 3\5ทับ18.pdf,,SKIP,0.0
13222,,rawData\อำเภอเขื่องใน\ตำบลแดงหม้อ\หน่วยเลือกตั้งที่ 4\5ทับ18(บช).pdf,,SKIP,0.0
8274,,rawData\อำเภอเขื่องใน\ตำบลแดงหม้อ\หน่วยเลือกตั้งที่ 4\5ทับ18.pdf,,SKIP,0.0
13242,,rawData\อำเภอเขื่องใน\ตำบลแดงหม้อ\หน่วยเลือกตั้งที่ 5\5ทับ18(บช).pdf,,SKIP,0.0
9013,,rawData\อำเภอเขื่องใน\ตำบลแดงหม้อ\หน่วยเลือกตั้งที่ 5\5ทับ18.pdf,,SKIP,0.0
19562,,rawData\อำเภอเขื่องใน\ตำบลแดงหม้อ\หน่วยเลือกตั้งที่ 6\5ทับ18(บช).pdf,,SKIP,0.0
8907,,rawData\อำเภอเขื่องใน\ตำบลแดงหม้อ\หน่วยเลือกตั้งที่ 6\5ทับ18.pdf,,SKIP,0.0
13448,,rawData\อำเภอเขื่องใน\ตำบลโนนรัง\หน่วยเลือกตั้งที่ 1\5ทับ18(บช).pdf,,SKIP,0.0
8571,,rawData\อำเภอเขื่องใน\ตำบลโนนรัง\หน่วยเลือกตั้งที่ 1\5ทับ18.pdf,,SKIP,0.0
13040,,rawData\อำเภอเขื่องใน\ตำบลโนนรัง\หน่วยเลือกตั้งที่ 2\5ทับ18(บช).pdf,,SKIP,0.0
16820,,rawData\อำเภอเขื่องใน\ตำบลโนนรัง\หน่วยเลือกตั้งที่ 2\5ทับ18.pdf,,SKIP,0.0
13103,,rawData\อำเภอเขื่องใน\ตำบลโนนรัง\หน่วยเลือกตั้งที่ 3\5ทับ18(บช).pdf,,SKIP,0.0
8054,,rawData\อำเภอเขื่องใน\ตำบลโนนรัง\หน่วยเลือกตั้งที่ 3\5ทับ18.pdf,,SKIP,0.0
12306,,rawData\อำเภอเขื่องใน\ตำบลโนนรัง\หน่วยเลือกตั้งที่ 4\5ทับ18(บช).pdf,,SKIP,0.0
8810,,rawData\อำเภอเขื่องใน\ตำบลโนนรัง\หน่วยเลือกตั้งที่ 4\5ทับ18.pdf,,SKIP,0.0
12701,,rawData\อำเภอเขื่องใน\ตำบลโนนรัง\หน่วยเลือกตั้งที่ 5\5ทับ18(บช).pdf,,SKIP,0.0
26849,,rawData\อำเภอเขื่องใน\ตำบลโนนรัง\หน่วยเลือกตั้งที่ 5\5ทับ18.pdf,,SKIP,0.0
12989,,rawData\อำเภอเขื่องใน\ตำบลโนนรัง\หน่วยเลือกตั้งที่ 6\5ทับ18(บช).pdf,,SKIP,0.0
8987,,rawData\อำเภอเขื่องใน\ตำบลโนนรัง\หน่วยเลือกตั้งที่ 6\5ทับ18.pdf,,SKIP,0.0
13768,,rawData\อำเภอเขื่องใน\ตำบลโนนรัง\หน่วยเลือกตั้งที่ 7\5ทับ18(บช).pdf,,SKIP,0.0
8200,,rawData\อำเภอเขื่องใน\ตำบลโนนรัง\หน่วยเลือกตั้งที่ 7\5ทับ18.pdf,,SKIP,0.0
0,[WinError 32] The process cannot access the file because it is being used by another process: 'C:\\Users\\sukon\\AppData\\Local\\Temp\\tmpewtuh4dw.pdf',rawData\เขต 2 อ.เมืองฯ\ตำบลขี้เหล็ก\ตำบลขี้เหล็ก\หน่วยเลือกตั้งที่ 1\5ทับ18(บช).pdf,,FAIL,18.161
8826,,rawData\เขต 2 อ.เมืองฯ\ตำบลขี้เหล็ก\ตำบลขี้เหล็ก\หน่วยเลือกตั้งที่ 1\5ทับ18.pdf,,SKIP,0.0
11386,,rawData\เขต 2 อ.เมืองฯ\ตำบลขี้เหล็ก\ตำบลขี้เหล็ก\หน่วยเลือกตั้งที่ 10\5ทับ18(บช).pdf,,SKIP,0.0
8274,,rawData\เขต 2 อ.เมืองฯ\ตำบลขี้เหล็ก\ตำบลขี้เหล็ก\หน่วยเลือกตั้งที่ 10\5ทับ18.pdf,,SKIP,0.0
13796,,rawData\เขต 2 อ.เมืองฯ\ตำบลขี้เหล็ก\ตำบลขี้เหล็ก\หน่วยเลือกตั้งที่ 11\5ทับ18(บช).pdf,,SKIP,0.0
8973,,rawData\เขต 2 อ.เมืองฯ\ตำบลขี้เหล็ก\ตำบลขี้เหล็ก\หน่วยเลือกตั้งที่ 11\5ทับ18.pdf,,SKIP,0.0
13761,,rawData\เขต 2 อ.เมืองฯ\ตำบลขี้เหล็ก\ตำบลขี้เหล็ก\หน่วยเลือกตั้งที่ 2\5ทับ18(บช).pdf,,SKIP,0.0
8399,,rawData\เขต 2 อ.เมืองฯ\ตำบลขี้เหล็ก\ตำบลขี้เหล็ก\หน่วยเลือกตั้งที่ 2\5ทับ18.pdf,,SKIP,0.0
10546,,rawData\เขต 2 อ.เมืองฯ\ตำบลขี้เหล็ก\ตำบลขี้เหล็ก\หน่วยเลือกตั้งที่ 3\5ทับ18(บช).pdf,,SKIP,0.0
8365,,rawData\เขต 2 อ.เมืองฯ\ตำบลขี้เหล็ก\ตำบลขี้เหล็ก\หน่วยเลือกตั้งที่ 3\5ทับ18.pdf,,SKIP,0.0
10870,,rawData\เขต 2 อ.เมืองฯ\ตำบลขี้เหล็ก\ตำบลขี้เหล็ก\หน่วยเลือกตั้งที่ 4\5ทับ18(บช).pdf,,SKIP,0.0
8454,,rawData\เขต 2 อ.เมืองฯ\ตำบลขี้เหล็ก\ตำบลขี้เหล็ก\หน่วยเลือกตั้งที่ 4\5ทับ18.pdf,,SKIP,0.0
12971,,rawData\เขต 2 อ.เมืองฯ\ตำบลขี้เหล็ก\ตำบลขี้เหล็ก\หน่วยเลือกตั้งที่ 5\5ทับ18(บช).pdf,,SKIP,0.0
8485,,rawData\เขต 2 อ.เมืองฯ\ตำบลขี้เหล็ก\ตำบลขี้เหล็ก\หน่วยเลือกตั้งที่ 5\5ทับ18.pdf,,SKIP,0.0
10443,,rawData\เขต 2 อ.เมืองฯ\ตำบลขี้เหล็ก\ตำบลขี้เหล็ก\หน่วยเลือกตั้งที่ 6\5ทับ18(บช).pdf,,SKIP,0.0
8699,,rawData\เขต 2 อ.เมืองฯ\ตำบลขี้เหล็ก\ตำบลขี้เหล็ก\หน่วยเลือกตั้งที่ 6\5ทับ18.pdf,,SKIP,0.0
13934,,rawData\เขต 2 อ.เมืองฯ\ตำบลขี้เหล็ก\ตำบลขี้เหล็ก\หน่วยเลือกตั้งที่ 7\5ทับ18(บช).pdf,,SKIP,0.0
8176,,rawData\เขต 2 อ.เมืองฯ\ตำบลขี้เหล็ก\ตำบลขี้เหล็ก\หน่วยเลือกตั้งที่ 7\5ทับ18.pdf,,SKIP,0.0
13592,,rawData\เขต 2 อ.เมืองฯ\ตำบลขี้เหล็ก\ตำบลขี้เหล็ก\หน่วยเลือกตั้งที่ 8\5ทับ18(บช).pdf,,SKIP,0.0
8816,,rawData\เขต 2 อ.เมืองฯ\ตำบลขี้เหล็ก\ตำบลขี้เหล็ก\หน่วยเลือกตั้งที่ 8\5ทับ18.pdf,,SKIP,0.0
2477,,rawData\เขต 2 อ.เมืองฯ\ตำบลขี้เหล็ก\ตำบลขี้เหล็ก\หน่วยเลือกตั้งที่ 9\5ทับ18(บช).pdf,,SKIP,0.0
14085,,rawData\เขต 2 อ.เมืองฯ\ตำบลขี้เหล็ก\ตำบลขี้เหล็ก\หน่วยเลือกตั้งที่ 9\5ทับ18.pdf,,SKIP,0.0
8208,,rawData\เขต 2 อ.เมืองฯ\ตำบลปะอาว\ตำบลปะอาว\หน่วยเลือกตั้งที่ 1\5 ทับ 18 (บช).pdf,,SKIP,0.0
8287,,rawData\เขต 2 อ.เมืองฯ\ตำบลปะอาว\ตำบลปะอาว\หน่วยเลือกตั้งที่ 1\5 ทับ 18.pdf,,SKIP,0.0
14899,,rawData\เขต 2 อ.เมืองฯ\ตำบลปะอาว\ตำบลปะอาว\หน่วยเลือกตั้งที่ 2\5ทับ18(บช).pdf,,SKIP,0.0
8202,,rawData\เขต 2 อ.เมืองฯ\ตำบลปะอาว\ตำบลปะอาว\หน่วยเลือกตั้งที่ 2\5ทับ18.pdf,,SKIP,0.0
13818,,rawData\เขต 2 อ.เมืองฯ\ตำบลปะอาว\ตำบลปะอาว\หน่วยเลือกตั้งที่ 3\5ทับ18(บช).pdf,,SKIP,0.0
8426,,rawData\เขต 2 อ.เมืองฯ\ตำบลปะอาว\ตำบลปะอาว\หน่วยเลือกตั้งที่ 3\5ทับ18.pdf,,SKIP,0.0
0,[WinError 32] The process cannot access the file because it is being used by another process: 'C:\\Users\\sukon\\AppData\\Local\\Temp\\tmp6l44g0ab.pdf',rawData\เขต 2 อ.เมืองฯ\ตำบลปะอาว\ตำบลปะอาว\หน่วยเลือกตั้งที่ 4\5ทับ18(บช).pdf,,FAIL,5.443
8703,,rawData\เขต 2 อ.เมืองฯ\ตำบลปะอาว\ตำบลปะอาว\หน่วยเลือกตั้งที่ 4\5ทับ18.pdf,,SKIP,0.0
0,[WinError 32] The process cannot access the file because it is being used by another process: 'C:\\Users\\sukon\\AppData\\Local\\Temp\\tmpthlyj0_s.pdf',rawData\เขต 2 อ.เมืองฯ\ตำบลปะอาว\ตำบลปะอาว\หน่วยเลือกตั้งที่ 5\5ทับ18(บช).pdf,,FAIL,14.66
8851,,rawData\เขต 2 อ.เมืองฯ\ตำบลปะอาว\ตำบลปะอาว\หน่วยเลือกตั้งที่ 5\5ทับ18.pdf,,SKIP,0.0
15476,,rawData\เขต 2 อ.เมืองฯ\ตำบลปะอาว\ตำบลปะอาว\หน่วยเลือกตั้งที่ 6\5ทับ18(บช).pdf,,SKIP,0.001
9109,,rawData\เขต 2 อ.เมืองฯ\ตำบลปะอาว\ตำบลปะอาว\หน่วยเลือกตั้งที่ 6\5ทับ18.pdf,,SKIP,0.0
12962,,rawData\เขต 2 อ.เมืองฯ\ตำบลปะอาว\ตำบลปะอาว\หน่วยเลือกตั้งที่ 7\5ทับ18(บช).pdf,,SKIP,0.0
8555,,rawData\เขต 2 อ.เมืองฯ\ตำบลปะอาว\ตำบลปะอาว\หน่วยเลือกตั้งที่ 7\5ทับ18.pdf,,SKIP,0.0
14474,,rawData\เขต 2 อ.เมืองฯ\ตำบลปะอาว\ตำบลปะอาว\หน่วยเลือกตั้งที่ 8\5ทับ18(บช).pdf,,SKIP,0.0
8845,,rawData\เขต 2 อ.เมืองฯ\ตำบลปะอาว\ตำบลปะอาว\หน่วยเลือกตั้งที่ 8\5ทับ18.pdf,,SKIP,0.0
14232,,rawData\เขต 2 อ.เมืองฯ\ตำบลปะอาว\ตำบลปะอาว\หน่วยเลือกตั้งที่ 9\5ทับ18(บช).pdf,,SKIP,0.0
14581,,rawData\เขต 2 อ.เมืองฯ\ตำบลปะอาว\ตำบลปะอาว\หน่วยเลือกตั้งที่ 9\5ทับ18.pdf,,SKIP,0.0
13940,,rawData\เขต 2 อ.เมืองฯ\ตำบลหนองขอน\หน่วยเลือกตั้งที่ 1\5ทับ18(บช).pdf,,SKIP,0.0
8602,,rawData\เขต 2 อ.เมืองฯ\ตำบลหนองขอน\หน่วยเลือกตั้งที่ 1\5ทับ18.pdf,,SKIP,0.0
19929,,rawData\เขต 2 อ.เมืองฯ\ตำบลหนองขอน\หน่วยเลือกตั้งที่ 10\5ทับ18  (บช).pdf,,SKIP,0.0
8696,,rawData\เขต 2 อ.เมืองฯ\ตำบลหนองขอน\หน่วยเลือกตั้งที่ 10\5ทับ18.pdf,,SKIP,0.0
18459,,rawData\เขต 2 อ.เมืองฯ\ตำบลหนองขอน\หน่วยเลือกตั้งที่ 11\5ทับ 18( บช).pdf,,SKIP,0.0
9114,,rawData\เขต 2 อ.เมืองฯ\ตำบลหนองขอน\หน่วยเลือกตั้งที่ 11\5ทับ18.pdf,,SKIP,0.0
35378,,rawData\เขต 2 อ.เมืองฯ\ตำบลหนองขอน\หน่วยเลือกตั้งที่ 12\5ทับ18(บช).pdf,,SKIP,0.0
9054,,rawData\เขต 2 อ.เมืองฯ\ตำบลหนองขอน\หน่วยเลือกตั้งที่ 12\5ทับ18.pdf,,SKIP,0.0
21568,,rawData\เขต 2 อ.เมืองฯ\ตำบลหนองขอน\หน่วยเลือกตั้งที่ 13\5ทับ18(บช).pdf,,SKIP,0.0
8550,,rawData\เขต 2 อ.เมืองฯ\ตำบลหนองขอน\หน่วยเลือกตั้งที่ 13\5ทับ18.pdf,,SKIP,0.0
33927,,rawData\เขต 2 อ.เมืองฯ\ตำบลหนองขอน\หน่วยเลือกตั้งที่ 14\5ทับ18(บช).pdf,,SKIP,0.0
8712,,rawData\เขต 2 อ.เมืองฯ\ตำบลหนองขอน\หน่วยเลือกตั้งที่ 14\5ทับ18.pdf,,SKIP,0.0
42267,,rawData\เขต 2 อ.เมืองฯ\ตำบลหนองขอน\หน่วยเลือกตั้งที่ 15\5ทับ18(บช).pdf,,SKIP,0.0
8365,,rawData\เขต 2 อ.เมืองฯ\ตำบลหนองขอน\หน่วยเลือกตั้งที่ 15\5ทับ18.pdf,,SKIP,0.0
17015,,rawData\เขต 2 อ.เมืองฯ\ตำบลหนองขอน\หน่วยเลือกตั้งที่ 16\5ทับ18(บช).pdf,,SKIP,0.0
8606,,rawData\เขต 2 อ.เมืองฯ\ตำบลหนองขอน\หน่วยเลือกตั้งที่ 16\5ทับ18.pdf,,SKIP,0.0
8946,,rawData\เขต 2 อ.เมืองฯ\ตำบลหนองขอน\หน่วยเลือกตั้งที่ 2\5ทับ18.pdf,,SKIP,0.0
13934,,rawData\เขต 2 อ.เมืองฯ\ตำบลหนองขอน\หน่วยเลือกตั้งที่ 2\5ทับ188(บช)2.pdf,,SKIP,0.0
13732,,rawData\เขต 2 อ.เมืองฯ\ตำบลหนองขอน\หน่วยเลือกตั้งที่ 3\5ทับ18(บช).pdf,,SKIP,0.0
9223,,rawData\เขต 2 อ.เมืองฯ\ตำบลหนองขอน\หน่วยเลือกตั้งที่ 3\5ทับ18.pdf,,SKIP,0.0
12231,,rawData\เขต 2 อ.เมืองฯ\ตำบลหนองขอน\หน่วยเลือกตั้งที่ 4\5ทับ18(บช).pdf,,SKIP,0.0
8385,,rawData\เขต 2 อ.เมืองฯ\ตำบลหนองขอน\หน่วยเลือกตั้งที่ 4\5ทับ18.pdf,,SKIP,0.0
31403,,rawData\เขต 2 อ.เมืองฯ\ตำบลหนองขอน\หน่วยเลือกตั้งที่ 5\5ทับ18(บช).pdf,,SKIP,0.0
8316,,rawData\เขต 2 อ.เมืองฯ\ตำบลหนองขอน\หน่วยเลือกตั้งที่ 5\5ทับ18.pdf,,SKIP,0.0
15224,,rawData\เขต 2 อ.เมืองฯ\ตำบลหนองขอน\หน่วยเลือกตั้งที่ 6\5ทับ18(บช).pdf,,SKIP,0.0
8857,,rawData\เขต 2 อ.เมืองฯ\ตำบลหนองขอน\หน่วยเลือกตั้งที่ 6\5ทับ18.pdf,,SKIP,0.0
32847,,rawData\เขต 2 อ.เมืองฯ\ตำบลหนองขอน\หน่วยเลือกตั้งที่ 7\5ทับ 18( บช).pdf,,SKIP,0.0
8771,,rawData\เขต 2 อ.เมืองฯ\ตำบลหนองขอน\หน่วยเลือกตั้งที่ 7\5ทับ18.pdf,,SKIP,0.0
15528,,rawData\เขต 2 อ.เมืองฯ\ตำบลหนองขอน\หน่วยเลือกตั้งที่ 8\5ทับ18( บช).pdf,,SKIP,0.0
8636,,rawData\เขต 2 อ.เมืองฯ\ตำบลหนองขอน\หน่วยเลือกตั้งที่ 8\5ทับ18.pdf,,SKIP,0.0
30836,,rawData\เขต 2 อ.เมืองฯ\ตำบลหนองขอน\หน่วยเลือกตั้งที่ 9\5ทับ18 ( บช).pdf,,SKIP,0.0
8208,,rawData\เขต 2 อ.เมืองฯ\ตำบลหนองขอน\หน่วยเลือกตั้งที่ 9\5ทับ18.pdf,,SKIP,0.0
13197,,rawData\เขต 2 อ.เมืองฯ\ตำบลหัวเรือ\ตำบลหัวเรือ\หน่วยเลือกตั้งที่1\5ทับ18(บช).pdf,,SKIP,0.0
27773,,rawData\เขต 2 อ.เมืองฯ\ตำบลหัวเรือ\ตำบลหัวเรือ\หน่วยเลือกตั้งที่1\5ทับ18.pdf,,SKIP,0.0
13176,,rawData\เขต 2 อ.เมืองฯ\ตำบลหัวเรือ\ตำบลหัวเรือ\หน่วยเลือกตั้งที่10\5ทับ18(บช).pdf,,SKIP,0.0
8538,,rawData\เขต 2 อ.เมืองฯ\ตำบลหัวเรือ\ตำบลหัวเรือ\หน่วยเลือกตั้งที่10\5ทับ18.pdf,,SKIP,0.0
13273,,rawData\เขต 2 อ.เมืองฯ\ตำบลหัวเรือ\ตำบลหัวเรือ\หน่วยเลือกตั้งที่11\5ทับ18(บช).pdf,,SKIP,0.0
8755,,rawData\เขต 2 อ.เมืองฯ\ตำบลหัวเรือ\ตำบลหัวเรือ\หน่วยเลือกตั้งที่11\5ทับ18.pdf,,SKIP,0.0
13940,,rawData\เขต 2 อ.เมืองฯ\ตำบลหัวเรือ\ตำบลหัวเรือ\หน่วยเลือกตั้งที่12\5ทับ18(บช).pdf,,SKIP,0.0
8592,,rawData\เขต 2 อ.เมืองฯ\ตำบลหัวเรือ\ตำบลหัวเรือ\หน่วยเลือกตั้งที่12\5ทับ18.pdf,,SKIP,0.0
16457,,rawData\เขต 2 อ.เมืองฯ\ตำบลหัวเรือ\ตำบลหัวเรือ\หน่วยเลือกตั้งที่13\5ทับ18(บช).pdf,,SKIP,0.0
9207,,rawData\เขต 2 อ.เมืองฯ\ตำบลหัวเรือ\ตำบลหัวเรือ\หน่วยเลือกตั้งที่13\5ทับ18.pdf,,SKIP,0.0
13799,,rawData\เขต 2 อ.เมืองฯ\ตำบลหัวเรือ\ตำบลหัวเรือ\หน่วยเลือกตั้งที่14\5ทับ18(บช).pdf,,SKIP,0.0
5821,,rawData\เขต 2 อ.เมืองฯ\ตำบลหัวเรือ\ตำบลหัวเรือ\หน่วยเลือกตั้งที่14\5ทับ18.pdf,,SKIP,0.0
15970,,rawData\เขต 2 อ.เมืองฯ\ตำบลหัวเรือ\ตำบลหัวเรือ\หน่วยเลือกตั้งที่15\5ทับ18(บช).pdf,,SKIP,0.0
8648,,rawData\เขต 2 อ.เมืองฯ\ตำบลหัวเรือ\ตำบลหัวเรือ\หน่วยเลือกตั้งที่15\5ทับ18.pdf,,SKIP,0.0
12064,,rawData\เขต 2 อ.เมืองฯ\ตำบลหัวเรือ\ตำบลหัวเรือ\หน่วยเลือกตั้งที่16\5ทับ18(บช).pdf,,SKIP,0.0
9182,,rawData\เขต 2 อ.เมืองฯ\ตำบลหัวเรือ\ตำบลหัวเรือ\หน่วยเลือกตั้งที่16\5ทับ18.pdf,,SKIP,0.0
14497,,rawData\เขต 2 อ.เมืองฯ\ตำบลหัวเรือ\ตำบลหัวเรือ\หน่วยเลือกตั้งที่2\5ทับ18(บช).pdf,,SKIP,0.0
8915,,rawData\เขต 2 อ.เมืองฯ\ตำบลหัวเรือ\ตำบลหัวเรือ\หน่วยเลือกตั้งที่2\5ทับ18.pdf,,SKIP,0.0
13878,,rawData\เขต 2 อ.เมืองฯ\ตำบลหัวเรือ\ตำบลหัวเรือ\หน่วยเลือกตั้งที่3\5ทับ18(บช).pdf,,SKIP,0.0
7867,,rawData\เขต 2 อ.เมืองฯ\ตำบลหัวเรือ\ตำบลหัวเรือ\หน่วยเลือกตั้งที่3\5ทับ18.pdf,,SKIP,0.0
13416,,rawData\เขต 2 อ.เมืองฯ\ตำบลหัวเรือ\ตำบลหัวเรือ\หน่วยเลือกตั้งที่4\5ทับ18(บช).pdf,,SKIP,0.001
8619,,rawData\เขต 2 อ.เมืองฯ\ตำบลหัวเรือ\ตำบลหัวเรือ\หน่วยเลือกตั้งที่4\5ทับ18.pdf,,SKIP,0.0
14035,,rawData\เขต 2 อ.เมืองฯ\ตำบลหัวเรือ\ตำบลหัวเรือ\หน่วยเลือกตั้งที่5\5ทับ18(บช).pdf,,SKIP,0.0
8796,,rawData\เขต 2 อ.เมืองฯ\ตำบลหัวเรือ\ตำบลหัวเรือ\หน่วยเลือกตั้งที่5\5ทับ18.pdf,,SKIP,0.0
13816,,rawData\เขต 2 อ.เมืองฯ\ตำบลหัวเรือ\ตำบลหัวเรือ\หน่วยเลือกตั้งที่6\5ทับ18(บช).pdf,,SKIP,0.0
8377,,rawData\เขต 2 อ.เมืองฯ\ตำบลหัวเรือ\ตำบลหัวเรือ\หน่วยเลือกตั้งที่6\5ทับ18.pdf,,SKIP,0.0
13694,,rawData\เขต 2 อ.เมืองฯ\ตำบลหัวเรือ\ตำบลหัวเรือ\หน่วยเลือกตั้งที่7\5ทับ18(บช).pdf,,SKIP,0.0
8712,,rawData\เขต 2 อ.เมืองฯ\ตำบลหัวเรือ\ตำบลหัวเรือ\หน่วยเลือกตั้งที่7\5ทับ18.pdf,,SKIP,0.0
13037,,rawData\เขต 2 อ.เมืองฯ\ตำบลหัวเรือ\ตำบลหัวเรือ\หน่วยเลือกตั้งที่8\5ทับ18(บช).pdf,,SKIP,0.0
8538,,rawData\เขต 2 อ.เมืองฯ\ตำบลหัวเรือ\ตำบลหัวเรือ\หน่วยเลือกตั้งที่8\5ทับ18.pdf,,SKIP,0.0
15566,,rawData\เขต 2 อ.เมืองฯ\ตำบลหัวเรือ\ตำบลหัวเรือ\หน่วยเลือกตั้งที่9\5ทับ18(บช).pdf,,SKIP,0.0
25833,,rawData\เขต 2 อ.เมืองฯ\ตำบลหัวเรือ\ตำบลหัวเรือ\หน่วยเลือกตั้งที่9\5ทับ18.pdf,,SKIP,0.0
14271,,rawData\เขต 2 อ.เมืองฯ\เขตไร่น้อย\เขตไร่น้อย\หน่วยเลือกตั้งที่ 1\5ทับ18(บช).pdf,,SKIP,0.0
8953,,rawData\เขต 2 อ.เมืองฯ\เขตไร่น้อย\เขตไร่น้อย\หน่วยเลือกตั้งที่ 1\5ทับ18.pdf,,SKIP,0.0
17176,,rawData\เขต 2 อ.เมืองฯ\เขตไร่น้อย\เขตไร่น้อย\หน่วยเลือกตั้งที่ 10\5ทับ18(บช).pdf,,SKIP,0.0
8664,,rawData\เขต 2 อ.เมืองฯ\เขตไร่น้อย\เขตไร่น้อย\หน่วยเลือกตั้งที่ 10\5ทับ18.pdf,,SKIP,0.0
12561,,rawData\เขต 2 อ.เมืองฯ\เขตไร่น้อย\เขตไร่น้อย\หน่วยเลือกตั้งที่ 11\5ทับ18(บช).pdf,,SKIP,0.0
8849,,rawData\เขต 2 อ.เมืองฯ\เขตไร่น้อย\เขตไร่น้อย\หน่วยเลือกตั้งที่ 11\5ทับ18.pdf,,SKIP,0.0
8952,,rawData\เขต 2 อ.เมืองฯ\เขตไร่น้อย\เขตไร่น้อย\หน่วยเลือกตั้งที่ 12\5ทับ18(บช).pdf,,SKIP,0.0
9222,,rawData\เขต 2 อ.เมืองฯ\เขตไร่น้อย\เขตไร่น้อย\หน่วยเลือกตั้งที่ 12\5ทับ18.pdf,,SKIP,0.0
15069,,rawData\เขต 2 อ.เมืองฯ\เขตไร่น้อย\เขตไร่น้อย\หน่วยเลือกตั้งที่ 13\5ทับ18(บช).pdf,,SKIP,0.0
8720,,rawData\เขต 2 อ.เมืองฯ\เขตไร่น้อย\เขตไร่น้อย\หน่วยเลือกตั้งที่ 13\5ทับ18.pdf,,SKIP,0.0
13877,,rawData\เขต 2 อ.เมืองฯ\เขตไร่น้อย\เขตไร่น้อย\หน่วยเลือกตั้งที่ 14\5ทับ18(บช).pdf,,SKIP,0.0
8945,,rawData\เขต 2 อ.เมืองฯ\เขตไร่น้อย\เขตไร่น้อย\หน่วยเลือกตั้งที่ 14\5ทับ18.pdf,,SKIP,0.0
0,[WinError 32] The process cannot access the file because it is being used by another process: 'C:\\Users\\sukon\\AppData\\Local\\Temp\\tmpps97b2xs.pdf',rawData\เขต 2 อ.เมืองฯ\เขตไร่น้อย\เขตไร่น้อย\หน่วยเลือกตั้งที่ 15\5ทับ18(บช).pdf,,FAIL,21.941
0,[WinError 32] The process cannot access the file because it is being used by another process: 'C:\\Users\\sukon\\AppData\\Local\\Temp\\tmpzvgke4wd.pdf',rawData\เขต 2 อ.เมืองฯ\เขตไร่น้อย\เขตไร่น้อย\หน่วยเลือกตั้งที่ 15\5ทับ18.pdf,,FAIL,26.65
14497,,rawData\เขต 2 อ.เมืองฯ\เขตไร่น้อย\เขตไร่น้อย\หน่วยเลือกตั้งที่ 16\5ทับ18(บช).pdf,,SKIP,0.001
8540,,rawData\เขต 2 อ.เมืองฯ\เขตไร่น้อย\เขตไร่น้อย\หน่วยเลือกตั้งที่ 16\5ทับ18.pdf,,SKIP,0.0
13381,,rawData\เขต 2 อ.เมืองฯ\เขตไร่น้อย\เขตไร่น้อย\หน่วยเลือกตั้งที่ 17\5ทับ18(บช).pdf,,SKIP,0.0
9272,,rawData\เขต 2 อ.เมืองฯ\เขตไร่น้อย\เขตไร่น้อย\หน่วยเลือกตั้งที่ 17\5ทับ18.pdf,,SKIP,0.0
13180,,rawData\เขต 2 อ.เมืองฯ\เขตไร่น้อย\เขตไร่น้อย\หน่วยเลือกตั้งที่ 18\5ทับ18(บช).pdf,,SKIP,0.0
8141,,rawData\เขต 2 อ.เมืองฯ\เขตไร่น้อย\เขตไร่น้อย\หน่วยเลือกตั้งที่ 18\5ทับ18.pdf,,SKIP,0.0
13558,,rawData\เขต 2 อ.เมืองฯ\เขตไร่น้อย\เขตไร่น้อย\หน่วยเลือกตั้งที่ 19\5ทับ18(บช).pdf,,SKIP,0.0
7944,,rawData\เขต 2 อ.เมืองฯ\เขตไร่น้อย\เขตไร่น้อย\หน่วยเลือกตั้งที่ 19\5ทับ18.pdf,,SKIP,0.0
14906,,rawData\เขต 2 อ.เมืองฯ\เขตไร่น้อย\เขตไร่น้อย\หน่วยเลือกตั้งที่ 2\5ทับ18(บช).pdf,,SKIP,0.0
8854,,rawData\เขต 2 อ.เมืองฯ\เขตไร่น้อย\เขตไร่น้อย\หน่วยเลือกตั้งที่ 2\5ทับ18.pdf,,SKIP,0.0
12580,,rawData\เขต 2 อ.เมืองฯ\เขตไร่น้อย\เขตไร่น้อย\หน่วยเลือกตั้งที่ 20\5ทับ18(บช).pdf,,SKIP,0.0
9012,,rawData\เขต 2 อ.เมืองฯ\เขตไร่น้อย\เขตไร่น้อย\หน่วยเลือกตั้งที่ 20\5ทับ18.pdf,,SKIP,0.0
13835,,rawData\เขต 2 อ.เมืองฯ\เขตไร่น้อย\เขตไร่น้อย\หน่วยเลือกตั้งที่ 21\5ทับ18(บช).pdf,,SKIP,0.0
8381,,rawData\เขต 2 อ.เมืองฯ\เขตไร่น้อย\เขตไร่น้อย\หน่วยเลือกตั้งที่ 21\5ทับ18.pdf,,SKIP,0.0
14001,,rawData\เขต 2 อ.เมืองฯ\เขตไร่น้อย\เขตไร่น้อย\หน่วยเลือกตั้งที่ 22\5ทับ18(บช).pdf,,SKIP,0.0
8779,,rawData\เขต 2 อ.เมืองฯ\เขตไร่น้อย\เขตไร่น้อย\หน่วยเลือกตั้งที่ 22\5ทับ18.pdf,,SKIP,0.0
13342,,rawData\เขต 2 อ.เมืองฯ\เขตไร่น้อย\เขตไร่น้อย\หน่วยเลือกตั้งที่ 23\5ทับ18(บช).pdf,,SKIP,0.0
8760,,rawData\เขต 2 อ.เมืองฯ\เขตไร่น้อย\เขตไร่น้อย\หน่วยเลือกตั้งที่ 23\5ทับ18.pdf,,SKIP,0.0
14437,,rawData\เขต 2 อ.เมืองฯ\เขตไร่น้อย\เขตไร่น้อย\หน่วยเลือกตั้งที่ 24\5ทับ18(บช).pdf,,SKIP,0.0
8405,,rawData\เขต 2 อ.เมืองฯ\เขตไร่น้อย\เขตไร่น้อย\หน่วยเลือกตั้งที่ 24\5ทับ18.pdf,,SKIP,0.0
13719,,rawData\เขต 2 อ.เมืองฯ\เขตไร่น้อย\เขตไร่น้อย\หน่วยเลือกตั้งที่ 25\5ทับ18(บช).pdf,,SKIP,0.0
8795,,rawData\เขต 2 อ.เมืองฯ\เขตไร่น้อย\เขตไร่น้อย\หน่วยเลือกตั้งที่ 25\5ทับ18.pdf,,SKIP,0.0
14809,,rawData\เขต 2 อ.เมืองฯ\เขตไร่น้อย\เขตไร่น้อย\หน่วยเลือกตั้งที่ 26\5ทับ18(บช).pdf,,SKIP,0.0
8309,,rawData\เขต 2 อ.เมืองฯ\เขตไร่น้อย\เขตไร่น้อย\หน่วยเลือกตั้งที่ 26\5ทับ18.pdf,,SKIP,0.0
13576,,rawData\เขต 2 อ.เมืองฯ\เขตไร่น้อย\เขตไร่น้อย\หน่วยเลือกตั้งที่ 27\5ทับ18(บช).pdf,,SKIP,0.0
8974,,rawData\เขต 2 อ.เมืองฯ\เขตไร่น้อย\เขตไร่น้อย\หน่วยเลือกตั้งที่ 27\5ทับ18.pdf,,SKIP,0.0
13317,,rawData\เขต 2 อ.เมืองฯ\เขตไร่น้อย\เขตไร่น้อย\หน่วยเลือกตั้งที่ 28\5ทับ18(บช).pdf,,SKIP,0.0
8673,,rawData\เขต 2 อ.เมืองฯ\เขตไร่น้อย\เขตไร่น้อย\หน่วยเลือกตั้งที่ 28\5ทับ18.pdf,,SKIP,0.0
13588,,rawData\เขต 2 อ.เมืองฯ\เขตไร่น้อย\เขตไร่น้อย\หน่วยเลือกตั้งที่ 29\5ทับ18(บช).pdf,,SKIP,0.0
8579,,rawData\เขต 2 อ.เมืองฯ\เขตไร่น้อย\เขตไร่น้อย\หน่วยเลือกตั้งที่ 29\5ทับ18.pdf,,SKIP,0.0
14507,,rawData\เขต 2 อ.เมืองฯ\เขตไร่น้อย\เขตไร่น้อย\หน่วยเลือกตั้งที่ 3\5ทับ18(บช).pdf,,SKIP,0.0
8498,,rawData\เขต 2 อ.เมืองฯ\เขตไร่น้อย\เขตไร่น้อย\หน่วยเลือกตั้งที่ 3\5ทับ18.pdf,,SKIP,0.0
13885,,rawData\เขต 2 อ.เมืองฯ\เขตไร่น้อย\เขตไร่น้อย\หน่วยเลือกตั้งที่ 30\5ทับ18(บช).pdf,,SKIP,0.0
8403,,rawData\เขต 2 อ.เมืองฯ\เขตไร่น้อย\เขตไร่น้อย\หน่วยเลือกตั้งที่ 30\5ทับ18.pdf,,SKIP,0.0
14190,,rawData\เขต 2 อ.เมืองฯ\เขตไร่น้อย\เขตไร่น้อย\หน่วยเลือกตั้งที่ 31\5ทับ18(บช).pdf,,SKIP,0.0
9106,,rawData\เขต 2 อ.เมืองฯ\เขตไร่น้อย\เขตไร่น้อย\หน่วยเลือกตั้งที่ 31\5ทับ18.pdf,,SKIP,0.0
14329,,rawData\เขต 2 อ.เมืองฯ\เขตไร่น้อย\เขตไร่น้อย\หน่วยเลือกตั้งที่ 32\5ทับ18(บช).pdf,,SKIP,0.0
8857,,rawData\เขต 2 อ.เมืองฯ\เขตไร่น้อย\เขตไร่น้อย\หน่วยเลือกตั้งที่ 32\5ทับ18.pdf,,SKIP,0.0
13934,,rawData\เขต 2 อ.เมืองฯ\เขตไร่น้อย\เขตไร่น้อย\หน่วยเลือกตั้งที่ 33\5ทับ18(บช).pdf,,SKIP,0.0
8773,,rawData\เขต 2 อ.เมืองฯ\เขตไร่น้อย\เขตไร่น้อย\หน่วยเลือกตั้งที่ 33\5ทับ18.pdf,,SKIP,0.0
13574,,rawData\เขต 2 อ.เมืองฯ\เขตไร่น้อย\เขตไร่น้อย\หน่วยเลือกตั้งที่ 34\5ทับ18(บช).pdf,,SKIP,0.0
3633,,rawData\เขต 2 อ.เมืองฯ\เขตไร่น้อย\เขตไร่น้อย\หน่วยเลือกตั้งที่ 34\5ทับ18.pdf,2,PASS,59.468
13625,,rawData\เขต 2 อ.เมืองฯ\เขตไร่น้อย\เขตไร่น้อย\หน่วยเลือกตั้งที่ 35\5ทับ18(บช).pdf,,SKIP,0.0
3572,,rawData\เขต 2 อ.เมืองฯ\เขตไร่น้อย\เขตไร่น้อย\หน่วยเลือกตั้งที่ 35\5ทับ18.pdf,2,PASS,53.63
3749,,rawData\เขต 2 อ.เมืองฯ\เขตไร่น้อย\เขตไร่น้อย\หน่วยเลือกตั้งที่ 36\5ทับ18(บช).pdf,2,PASS,65.605
3749,,rawData\เขต 2 อ.เมืองฯ\เขตไร่น้อย\เขตไร่น้อย\หน่วยเลือกตั้งที่ 36\5ทับ18.pdf,2,PASS,53.374
5753,,rawData\เขต 2 อ.เมืองฯ\เขตไร่น้อย\เขตไร่น้อย\หน่วยเลือกตั้งที่ 37\5ทับ18(บช).pdf,,SKIP,0.0
8444,,rawData\เขต 2 อ.เมืองฯ\เขตไร่น้อย\เขตไร่น้อย\หน่วยเลือกตั้งที่ 37\5ทับ18.pdf,,SKIP,0.0
14177,,rawData\เขต 2 อ.เมืองฯ\เขตไร่น้อย\เขตไร่น้อย\หน่วยเลือกตั้งที่ 38\5ทับ18(บช).pdf,,SKIP,0.0
8467,,rawData\เขต 2 อ.เมืองฯ\เขตไร่น้อย\เขตไร่น้อย\หน่วยเลือกตั้งที่ 38\5ทับ18.pdf,,SKIP,0.0
13999,,rawData\เขต 2 อ.เมืองฯ\เขตไร่น้อย\เขตไร่น้อย\หน่วยเลือกตั้งที่ 39\5ทับ18(บช).pdf,,SKIP,0.0
8585,,rawData\เขต 2 อ.เมืองฯ\เขตไร่น้อย\เขตไร่น้อย\หน่วยเลือกตั้งที่ 39\5ทับ18.pdf,,SKIP,0.0
13749,,rawData\เขต 2 อ.เมืองฯ\เขตไร่น้อย\เขตไร่น้อย\หน่วยเลือกตั้งที่ 4\5ทับ18(บช).pdf,,SKIP,0.0
8924,,rawData\เขต 2 อ.เมืองฯ\เขตไร่น้อย\เขตไร่น้อย\หน่วยเลือกตั้งที่ 4\5ทับ18.pdf,,SKIP,0.0
14069,,rawData\เขต 2 อ.เมืองฯ\เขตไร่น้อย\เขตไร่น้อย\หน่วยเลือกตั้งที่ 41\5ทับ18(บช).pdf,,SKIP,0.0
8446,,rawData\เขต 2 อ.เมืองฯ\เขตไร่น้อย\เขตไร่น้อย\หน่วยเลือกตั้งที่ 41\5ทับ18.pdf,,SKIP,0.0
14467,,rawData\เขต 2 อ.เมืองฯ\เขตไร่น้อย\เขตไร่น้อย\หน่วยเลือกตั้งที่ 42\5ทับ18(บช).pdf,,SKIP,0.0
8650,,rawData\เขต 2 อ.เมืองฯ\เขตไร่น้อย\เขตไร่น้อย\หน่วยเลือกตั้งที่ 42\5ทับ18.pdf,,SKIP,0.0
13722,,rawData\เขต 2 อ.เมืองฯ\เขตไร่น้อย\เขตไร่น้อย\หน่วยเลือกตั้งที่ 43\5ทับ18(บช).pdf,,SKIP,0.0
8348,,rawData\เขต 2 อ.เมืองฯ\เขตไร่น้อย\เขตไร่น้อย\หน่วยเลือกตั้งที่ 43\5ทับ18.pdf,,SKIP,0.0
15153,,rawData\เขต 2 อ.เมืองฯ\เขตไร่น้อย\เขตไร่น้อย\หน่วยเลือกตั้งที่ 44\5ทับ18(บช).pdf,,SKIP,0.0
9392,,rawData\เขต 2 อ.เมืองฯ\เขตไร่น้อย\เขตไร่น้อย\หน่วยเลือกตั้งที่ 44\5ทับ18.pdf,,SKIP,0.0
14130,,rawData\เขต 2 อ.เมืองฯ\เขตไร่น้อย\เขตไร่น้อย\หน่วยเลือกตั้งที่ 45\5ทับ18(บช).pdf,,SKIP,0.0
8551,,rawData\เขต 2 อ.เมืองฯ\เขตไร่น้อย\เขตไร่น้อย\หน่วยเลือกตั้งที่ 45\5ทับ18.pdf,,SKIP,0.0
14082,,rawData\เขต 2 อ.เมืองฯ\เขตไร่น้อย\เขตไร่น้อย\หน่วยเลือกตั้งที่ 5\5ทับ18(บช).pdf,,SKIP,0.0
8406,,rawData\เขต 2 อ.เมืองฯ\เขตไร่น้อย\เขตไร่น้อย\หน่วยเลือกตั้งที่ 5\5ทับ18.pdf,,SKIP,0.0
14316,,rawData\เขต 2 อ.เมืองฯ\เขตไร่น้อย\เขตไร่น้อย\หน่วยเลือกตั้งที่ 6\5ทับ18(บช).pdf,,SKIP,0.0
8323,,rawData\เขต 2 อ.เมืองฯ\เขตไร่น้อย\เขตไร่น้อย\หน่วยเลือกตั้งที่ 6\5ทับ18.pdf,,SKIP,0.0
14509,,rawData\เขต 2 อ.เมืองฯ\เขตไร่น้อย\เขตไร่น้อย\หน่วยเลือกตั้งที่ 7\5ทับ18(บช).pdf,,SKIP,0.0
8688,,rawData\เขต 2 อ.เมืองฯ\เขตไร่น้อย\เขตไร่น้อย\หน่วยเลือกตั้งที่ 7\5ทับ18.pdf,,SKIP,0.0
13812,,rawData\เขต 2 อ.เมืองฯ\เขตไร่น้อย\เขตไร่น้อย\หน่วยเลือกตั้งที่ 8\5ทับ18(บช).pdf,,SKIP,0.0
8673,,rawData\เขต 2 อ.เมืองฯ\เขตไร่น้อย\เขตไร่น้อย\หน่วยเลือกตั้งที่ 8\5ทับ18.pdf,,SKIP,0.0
13778,,rawData\เขต 2 อ.เมืองฯ\เขตไร่น้อย\เขตไร่น้อย\หน่วยเลือกตั้งที่ 9\5ทับ18(บช).pdf,,SKIP,0.0
8730,,rawData\เขต 2 อ.เมืองฯ\เขตไร่น้อย\เขตไร่น้อย\หน่วยเลือกตั้งที่ 9\5ทับ18.pdf,,SKIP,0.0
13682,,rawData\เขต 2 อ.เมืองฯ\เขตไร่น้อย\เขตไร่น้อย\หน่วยเลือกตั้งที่ิ 40\5ทับ18(บช).pdf,,SKIP,0.0
8888,,rawData\เขต 2 อ.เมืองฯ\เขตไร่น้อย\เขตไร่น้อย\หน่วยเลือกตั้งที่ิ 40\5ทับ18.pdf,,SKIP,0.0
