province,constituency,amphoe,tambon,unit,form_type,eligible_voters,turnout,ballots_allocated,ballots_used,valid_ballots,spoiled_ballots,abstain_ballots,ballots_remaining,val_total_votes_in_table,val_effective_vote_sum,val_valid_ballots,val_vote_diff,ไทยทรัพย์ทวี_votes,ไทยทรัพย์ทวี_votes_th,เพื่อชาติไทย_votes,เพื่อชาติไทย_votes_th,ใหม่_votes,ใหม่_votes_th,มิติใหม่_votes,มิติใหม่_votes_th,รวมใจไทย_votes,รวมใจไทย_votes_th,รวมไทยสร้างชาติ_votes,รวมไทยสร้างชาติ_votes_th,พลวัต_votes,พลวัต_votes_th,ประชาธิปไตยใหม่_votes,ประชาธิปไตยใหม่_votes_th,เพื่อไทย_votes,เพื่อไทย_votes_th,ทางเลือกใหม่_votes,ทางเลือกใหม่_votes_th,เศรษฐกิจ_votes,เศรษฐกิจ_votes_th,เสรีรวมไทย_votes,เสรีรวมไทย_votes_th,รวมพลังประชาชน_votes,รวมพลังประชาชน_votes_th,ท้องที่ไทย_votes,ท้องที่ไทย_votes_th,อนาคตไทย_votes,อนาคตไทย_votes_th,พลังเพื่อไทย_votes,พลังเพื่อไทย_votes_th,ไทยชนะ_votes,ไทยชนะ_votes_th,พลังสังคมใหม่_votes,พลังสังคมใหม่_votes_th,สังคมประชาธิปไตยไทย_votes,สังคมประชาธิปไตยไทย_votes_th,ฟิวชัน_votes,ฟิวชัน_votes_th,ไทรวมพลัง_votes,ไทรวมพลัง_votes_th,ก้าวอิสระ_votes,ก้าวอิสระ_votes_th,ปวงชนไทย_votes,ปวงชนไทย_votes_th,วิชชั่นใหม่_votes,วิชชั่นใหม่_votes_th,เพื่อชีวิตใหม่_votes,เพื่อชีวิตใหม่_votes_th,คลองไทย_votes,คลองไทย_votes_th,ประชาธิปัตย์_votes,ประชาธิปัตย์_votes_th,ไทยก้าวหน้า_votes,ไทยก้าวหน้า_votes_th,ไทยภักดี_votes,ไทยภักดี_votes_th,แรงงานสร้างชาติ_votes,แรงงานสร้างชาติ_votes_th,ประชากรไทย_votes,ประชากรไทย_votes_th,ครูไทยเพื่อประชาชน_votes,ครูไทยเพื่อประชาชน_votes_th,ประชาชาติ_votes,ประชาชาติ_votes_th,สร้างอนาคตไทย_votes,สร้างอนาคตไทย_votes_th,รักชาติ_votes,รักชาติ_votes_th,ไทยพร้อม_votes,ไทยพร้อม_votes_th,ภูมิใจไทย_votes,ภูมิใจไทย_votes_th,พลังธรรมใหม่_votes,พลังธรรมใหม่_votes_th,กรีน_votes,กรีน_votes_th,ไทยธรรม_votes,ไทยธรรม_votes_th,แผ่นดินธรรม_votes,แผ่นดินธรรม_votes_th,กล้าธรรม_votes,กล้าธรรม_votes_th,พลังประชารัฐ_votes,พลังประชารัฐ_votes_th,โอกาสใหม่_votes,โอกาสใหม่_votes_th,เป็นธรรม_votes,เป็นธรรม_votes_th,ประชาชน_votes,ประชาชน_votes_th,ประชาไทย_votes,ประชาไทย_votes_th,ไทยสร้างไทย_votes,ไทยสร้างไทย_votes_th,ไทยก้าวใหม่_votes,ไทยก้าวใหม่_votes_th,ประชาอาสาชาติ_votes,ประชาอาสาชาติ_votes_th,พร้อม_votes,พร้อม_votes_th,เครือข่ายชาวนาแห่งประเทศไทย_votes,เครือข่ายชาวนาแห่งประเทศไทย_votes_th,ไทยพิทักษ์ธรรม_votes,ไทยพิทักษ์ธรรม_votes_th,ความหวังใหม่_votes,ความหวังใหม่_votes_th,ไทยรวมไทย_votes,ไทยรวมไทย_votes_th,เพื่อบ้านเมือง_votes,เพื่อบ้านเมือง_votes_th,พลังไทยรักชาติ_votes,พลังไทยรักชาติ_votes_th
อุบลราชธานี,2,ตำบลขี้เหล็ก,ตำบลขี้เหล็ก,3,party_list,548,443,540,443,406,25,12,97,272,272,406,-134,5,0,5,0,2,0,1,1,18,0,2,0,1,1,4,0,54,0,2,0,12,0,4,0,4,0,0,0,0,0,1,1,0,0,0,0,0,0,1,1,140,0,1,1,0,0,2,2,1,1,0,0,7,7,0,0,1,1,2,2,0,0,0,0,1,1,1,1,0,0,0,0,0,0,0,0,0,0,0,0,0,0,0,0,0,0,0,0,0,0,0,0,0,0,0,0,0,0,0,0,0,0,0,0,0,0,0,0,0,0,0,0,0,0
อุบลราชธานี,2,ตำบลขี้เหล็ก,ตำบลขี้เหล็ก,4,party_list,651,512,640,512,464,27,21,128,269,269,464,-195,4,0,6,6,4,0,0,0,19,0,6,6,0,0,4,0,73,73,3,3,12,12,3,3,6,6,0,0,0,0,0,0,0,0,0,0,0,0,0,0,105,0,0,0,0,0,3,3,1,1,1,1,15,15,1,1,1,1,0,0,0,0,1,1,1,1,0,0,0,0,0,0,0,0,0,0,0,0,0,0,0,0,0,0,0,0,0,0,0,0,0,0,0,0,0,0,0,0,0,0,0,0,0,0,0,0,0,0,0,0,0,0,0,0
อุบลราชธานี,2,ตำบลขี้เหล็ก,ตำบลขี้เหล็ก,5,party_list,590,482,580,482,447,23,12,98,447,447,447,0,26,26,4,4,2,2,2,2,11,0,4,4,0,0,0,0,53,53,3,3,24,23,1,1,3,3,0,0,0,0,3,3,1,1,0,0,0,0,1,1,92,92,0,0,0,0,2,2,0,0,0,0,7,7,2,2,1,1,3,3,0,0,0,0,3,3,1,1,0,0,0,0,34,34,1,1,0,0,1,1,1,1,48,48,0,0,0,0,1,1,103,0,0,0,5,5,2,2,0,0,0,0,0,0,1,1,0,0,0,0,0,0,1,1
อุบลราชธานี,2,ตำบลขี้เหล็ก,ตำบลขี้เหล็ก,9,party_list,,,,,,,,,0,0,0,0,0,0,0,0,0,0,0,0,0,0,0,0,0,0,0,0,0,0,0,0,0,0,0,0,0,0,0,0,0,0,0,0,0,0,0,0,0,0,0,0,0,0,0,0,0,0,0,0,0,0,0,0,0,0,0,0,0,0,0,0,0,0,0,0,0,0,0,0,0,0,0,0,0,0,0,0,0,0,0,0,0,0,0,0,0,0,0,0,0,0,0,0,0,0,0,0,0,0,0,0,0,0,0,0,0,0,0,0,0,0,0,0,0,0
อุบลราชธานี,2,ตำบลปะอาว,ตำบลปะอาว,1,party_list,370,293,360,293,252,15,26,67,252,252,252,0,0,0,0,0,0,0,0,0,0,0,0,0,0,0,1,0,30,0,0,0,4,0,0,0,0,0,0,0,0,0,0,0,0,0,0,0,0,0,0,0,83,0,0,0,0,0,0,0,0,0,0,0,1,0,0,0,0,0,0,0,0,0,0,0,0,0,0,0,0,0,0,0,5,0,0,0,0,0,0,0,0,0,105,0,2,0,0,0,0,0,20,0,0,0,0,0,1,0,0,0,0,0,0,0,0,0,0,0,0,0,0,0,0,0
อุบลราชธานี,2,ตำบลปะอาว,ตำบลปะอาว,2,party_list,370,293,360,293,256,15,22,67,245,245,256,-11,6,0,3,303,3,303,1,0,4,0,6,0,0,0,3,303,70,0,2,0,13,0,1,0,2,200,0,0,0,0,0,0,1,0,0,0,1,0,0,0,41,0,0,0,0,0,1,0,0,0,0,0,6,0,1,0,2,200,1,0,0,0,0,0,0,0,0,0,0,0,0,0,6,0,2,0,0,0,1,0,0,0,30,0,0,0,0,0,0,0,36,0,0,0,1,0,0,0,0,0,0,0,0,0,0,0,0,0,1,0,0,0,0,0
อุบลราชธานี,2,ตำบลปะอาว,ตำบลปะอาว,3,party_list,632,407,620,407,381,15,8,216,287,287,381,-94,10,10,-1,0,2,2,2,2,19,19,4,4,0,0,0,0,98,98,2,2,10,0,3,0,3,0,0,0,0,0,2,0,0,0,0,0,0,0,0,0,64,0,0,0,1,0,2,0,0,0,0,0,15,0,0,0,2,0,1,0,0,0,0,0,0,0,0,0,1,1,0,0,31,0,3,3,0,0,0,0,1,1,9,9,0,0,1,1,0,0,0,0,0,0,0,0,0,0,2,2,0,0,0,0,0,0,0,0,0,0,0,0,0,0
อุบลราชธานี,2,ตำบลปะอาว,ตำบลปะอาว,6,party_list,457,266,440,266,257,10,5,174,247,247,257,-10,10,0,3,0,0,0,1,0,11,0,0,0,1,0,1,0,57,0,1,0,1,0,2,0,0,0,2,0,1,0,0,0,0,0,1,0,0,0,57,0,0,0,0,0,0,0,1,0,0,0,10,0,0,0,0,0,0,0,0,0,0,0,0,0,0,0,0,0,0,0,0,0,18,0,1,0,0,0,0,0,0,0,23,0,1,0,2,0,0,0,38,0,1,0,2,0,1,0,0,0,0,0,0,0,0,0,0,0,0,0,0,0,0,0
อุบลราชธานี,2,ตำบลปะอาว,ตำบลปะอาว,9,party_list,425,269,420,269,256,10,3,151,318,318,256,62,2,2,3,3,2,2,0,0,4,4,6,6,0,0,1,1,39,39,2,2,10,0,1,1,3,3,0,0,0,0,3,3,0,0,0,0,1,1,0,0,61,0,1,1,0,0,1,1,0,0,0,0,1,1,0,0,0,0,0,0,0,0,1,1,1,1,1,1,70,0,0,0,33,33,1,1,0,0,0,0,1,1,28,0,1,1,0,0,0,0,39,39,0,0,1,1,0,0,0,0,0,0,0,0,0,0,0,0,0,0,0,0,0,0
อุบลราชธานี,2,ตำบลหัวเรือ,ตำบลหัวเรือ,1,party_list,570,431,560,439,463,14,14,129,677,677,463,214,2,0,3,0,2,0,4,0,19,0,11,0,2,0,45,0,1,0,1,0,0,0,0,0,0,0,0,0,0,0,0,0,0,0,0,0,0,0,0,0,0,0,0,0,0,0,0,0,0,0,0,0,0,0,0,0,0,0,0,0,0,0,0,0,0,0,0,0,0,0,0,0,40,0,1,0,0,0,9,0,15,0,0,0,9,0,0,0,104,0,0,0,4,0,0,0,0,0,0,0,0,0,0,0,0,0,1,0,0,0,1,0,403,0
อุบลราชธานี,2,ตำบลหัวเรือ,ตำบลหัวเรือ,10,party_list,985,,380,316,301,12,3,67,379,379,301,78,7,7,6,6,2,2,1,1,24,24,7,7,0,0,1,1,46,46,0,0,100,0,0,0,2,2,0,0,0,0,1,1,0,0,0,0,0,0,1,1,100,0,0,0,1,1,2,2,0,0,0,0,1,1,0,0,0,0,0,0,0,0,0,0,0,0,0,0,0,0,0,0,10,10,1,1,0,0,0,0,0,0,4,4,0,0,0,0,0,0,60,60,1,1,1,1,0,0,0,0,0,0,0,0,0,0,0,0,0,0,0,0,0,0
อุบลราชธานี,2,ตำบลหัวเรือ,ตำบลหัวเรือ,11,party_list,590,480,580,480,445,21,14,100,324,324,445,-121,13,13,3,3,1,1,2,2,20,20,8,8,0,0,0,0,73,73,3,3,0,0,0,0,0,0,0,0,0,0,0,0,0,0,0,0,0,0,0,0,0,0,0,0,0,0,0,0,0,0,0,0,0,0,0,0,0,0,0,0,0,0,0,0,0,0,0,0,1,1,0,0,56,56,0,0,0,0,0,0,0,0,41,0,1,1,0,0,1,1,95,95,0,0,4,4,2,2,0,0,0,0,0,0,0,0,0,0,0,0,0,0,0,0
อุบลราชธานี,2,ตำบลหัวเรือ,ตำบลหัวเรือ,12,party_list,481,403,470,403,380,12,11,77,361,361,380,-19,12,0,7,7,3,3,0,0,44,44,5,5,0,0,3,3,4,4,9,9,8,8,1,1,7,7,0,0,1,1,2,2,1,1,0,0,1,1,0,0,73,0,0,0,0,0,1,1,1,1,1,1,9,9,2,2,2,2,1,1,2,2,1,1,0,0,2,2,1,1,1,1,44,44,1,1,1,1,0,0,1,1,17,0,1,1,0,0,0,0,85,805,0,0,5,5,0,0,0,0,1,1,0,0,0,0,0,0,0,0,0,0,0,0
อุบลราชธานี,2,ตำบลหัวเรือ,ตำบลหัวเรือ,13,party_list,418,334,400,334,293,26,15,66,206,206,293,-87,11,0,10,10,1,1,1,1,16,16,4,4,0,0,1,1,67,67,2,2,0,0,0,0,5,5,0,0,0,0,3,3,0,0,0,0,1,1,1,1,65,65,0,0,0,0,0,0,0,0,12,12,0,0,1,1,0,0,3,3,0,0,2,2,0,0,0,0,0,0,0,0,0,0,0,0,0,0,0,0,0,0,0,0,0,0,0,0,0,0,0,0,0,0,0,0,0,0,0,0,0,0,0,0,0,0,0,0,0,0,0,0,0,0
อุบลราชธานี,2,ตำบลหัวเรือ,ตำบลหัวเรือ,15,party_list,402,328,400,328,314,5,9,72,350,350,314,36,12,12,3,3,3,3,4,4,18,18,8,8,0,0,2,2,67,67,0,0,14,14,0,0,6,1,0,0,1,1,3,3,0,0,0,0,0,0,2,2,74,74,1,1,0,0,1,1,0,0,1,1,1,1,1,1,2,2,0,0,0,0,0,0,0,0,1,1,0,0,0,0,29,0,0,0,0,0,0,0,0,0,4,4,0,0,0,0,1,1,53,58,0,0,2,2,1,1,0,0,0,0,0,0,0,0,0,0,0,0,1,1,34,344
อุบลราชธานี,2,ตำบลหัวเรือ,ตำบลหัวเรือ,2,party_list,584,475,580,475,451,15,9,105,451,451,451,0,9,9,4,4,3,3,1,1,19,19,16,16,1,1,0,0,106,0,2,2,9,9,4,4,3,3,0,0,0,0,1,1,0,0,0,0,0,0,0,0,60,60,0,0,0,0,3,3,1,1,0,0,4,4,0,0,1,1,0,0,3,3,0,0,1,1,1,1,0,0,0,0,46,46,1,1,1,1,0,0,0,0,22,22,1,1,0,0,0,0,123,0,0,0,2,2,1,1,1,1,0,0,0,0,0,0,0,0,0,0,0,0,1,1
อุบลราชธานี,2,ตำบลหัวเรือ,ตำบลหัวเรือ,3,party_list,420,720,420,720,300,19,7,100,429,429,300,129,4,4,4,4,0,0,2,2,13,13,14,14,0,0,1,1,48,408,2,2,14,14,0,0,4,4,0,0,0,0,0,0,0,0,0,0,0,0,0,0,43,43,0,0,0,0,2,2,1,1,0,0,14,14,0,0,2,2,0,0,0,0,1,1,0,0,1,1,1,1,0,0,92,32,0,0,0,0,1,1,0,0,90,30,6,0,0,0,0,0,63,63,0,0,2,2,1,1,0,0,0,0,0,0,0,0,1,1,0,0,0,0,2,0
อุบลราชธานี,2,ตำบลหัวเรือ,ตำบลหัวเรือ,4,party_list,505,,520,418,397,41,10,102,302,302,397,-95,9,0,3,3,2,2,2,2,14,14,6,6,0,0,5,5,43,43,2,2,11,0,2,2,2,2,0,0,1,1,1,1,0,0,0,0,0,0,0,0,42,0,0,0,1,1,0,0,0,0,1,1,3,3,0,0,2,2,0,0,0,0,0,0,0,0,1,1,0,0,0,0,34,34,2,2,0,0,1,1,0,0,12,12,1,1,0,0,0,0,84,84,1,1,2,2,1,1,1,1,0,0,0,0,0,0,1,1,0,0,6,6,2,2
อุบลราชธานี,2,ตำบลหัวเรือ,ตำบลหัวเรือ,6,party_list,523,476,415,415,415,19,,84,407,407,415,-8,0,0,5,5,0,0,1,1,20,20,4,4,0,0,1,1,66,66,0,0,10,10,4,4,4,4,4,4,0,0,0,0,0,0,0,0,0,0,0,0,148,0,0,0,0,0,1,1,1,1,0,0,0,0,2,2,1,1,1,1,1,1,1,1,0,0,0,0,0,0,0,0,21,0,1,1,0,0,0,0,1,1,6,6,0,0,0,0,96,96,0,0,4,4,0,0,1,1,0,0,0,0,0,0,0,0,1,1,0,0,0,0,0,0
อุบลราชธานี,2,ตำบลหัวเรือ,ตำบลหัวเรือ,7,party_list,643,486,640,486,457,17,12,154,286,286,457,-171,13,13,7,7,1,1,2,2,24,24,4,4,0,0,3,3,45,45,1,1,0,0,0,0,0,0,0,0,0,0,0,0,0,0,0,0,0,0,0,0,0,0,0,0,0,0,0,0,0,0,0,0,0,0,0,0,0,0,0,0,0,0,0,0,0,0,0,0,3,3,0,0,49,49,1,1,0,0,0,0,0,0,27,27,1,1,0,0,0,0,98,98,1,1,0,0,4,4,1,1,0,0,0,0,0,0,0,0,0,0,0,0,1,1
อุบลราชธานี,2,ตำบลหัวเรือ,ตำบลหัวเรือ,8,party_list,985,,380,316,301,12,3,67,250,250,301,-51,1,7,0,0,1,2,1,1,1,0,1,0,0,0,1,1,46,46,0,0,12,0,0,0,2,2,0,0,0,0,1,1,0,0,0,0,0,0,1,1,100,0,0,0,1,1,2,2,0,0,0,0,1,1,0,0,1,1,0,0,0,0,0,0,0,0,0,0,0,0,0,0,10,10,1,1,0,0,0,0,0,0,4,4,0,0,0,0,0,0,60,60,1,1,1,1,0,0,0,0,0,0,0,0,0,0,0,0,0,0,0,0,0,0
อุบลราชธานี,2,ตำบลเขื่องใน,เขตตำบลเขื่องใน,10,party_list,927,480,920,480,434,35,11,240,415,415,434,-19,15,15,5,5,2,2,1,1,14,14,7,7,2,2,33,33,53,53,1,1,0,0,6,6,0,0,2,2,0,0,1,1,1,1,0,0,1,1,0,0,90,90,0,0,1,1,3,3,0,0,1,1,25,25,0,0,1,1,2,2,0,0,1,1,1,1,0,0,1,1,1,1,26,26,2,2,0,0,0,0,1,1,62,0,2,2,0,0,0,0,49,0,0,0,1,1,0,0,1,1,0,0,0,0,0,0,0,0,0,0,0,0,0,0
อุบลราชธานี,2,ตำบลเขื่องใน,เขตตำบลเขื่องใน,11,party_list,529,325,520,325,305,19,1,195,279,279,305,-26,5,0,6,0,2,0,0,0,14,0,10,0,0,0,12,0,14,0,0,0,10,0,2,0,4,0,0,0,0,0,1,0,0,0,0,0,0,0,1,0,63,0,1,0,2,0,0,0,0,0,20,0,2,0,1,0,0,0,1,0,0,0,0,0,0,0,0,0,0,0,0,0,40,0,1,0,0,0,0,0,1,0,27,0,1,0,0,0,36,36,1,0,0,0,0,0,0,0,0,0,0,0,0,0,0,0,0,0,0,0,1,0,0,0
อุบลราชธานี,2,ตำบลเขื่องใน,เขตตำบลเขื่องใน,7,party_list,405,291,400,291,268,18,5,109,204,204,268,-64,2,6,2,2,1,1,0,0,3,3,2,2,1,1,2,2,23,0,0,0,0,0,0,0,0,0,0,0,0,0,0,0,0,0,0,0,0,0,0,0,0,0,0,0,0,0,0,0,0,0,0,0,0,0,0,0,0,0,0,0,0,0,0,0,0,0,0,0,0,0,1,1,37,37,1,1,0,0,0,0,0,0,52,52,1,1,0,0,1,1,70,50,1,1,2,2,2,2,0,0,0,0,0,0,0,0,0,0,0,0,0,0,0,0
อุบลราชธานี,2,ตำบลเขื่องใน,เขตตำบลเขื่องใน,8,party_list,902,608,900,608,557,43,8,292,557,557,557,0,15,15,4,4,2,2,0,0,23,23,3,3,0,0,7,7,59,59,1,1,30,30,8,8,4,4,1,1,0,0,0,0,2,2,0,0,0,0,1,1,80,80,1,1,2,2,1,1,0,0,45,45,1,1,0,0,1,1,1,1,1,1,1,1,1,1,1,1,0,0,0,0,65,65,1,1,1,1,1,2,2,2,85,85,2,2,0,0,0,0,101,0,0,0,0,0,0,0,1,1,0,0,1,1,0,0,0,0,0,0,0,0,1,1
อุบลราชธานี,2,ตำบลเขื่องใน,เขตตำบลเขื่องใน,9,party_list,136,104,120,104,99,5,,16,57,57,99,-42,2,0,1,0,0,0,0,0,4,0,2,0,0,0,0,0,6,0,0,0,2,0,0,0,1,0,1,0,0,0,0,0,0,0,0,0,0,0,22,0,0,0,0,0,0,0,0,0,0,0,13,0,3,0,0,0,0,0,0,0,0,0,0,0,0,0,0,0,0,0,0,0,0,0,0,0,0,0,0,0,0,0,0,0,0,0,0,0,0,0,0,0,0,0,0,0,0,0,0,0,0,0,0,0,0,0,0,0,0,0,0,0,0,0
อุบลราชธานี,2,ตำบลเขื่องใน,เขตเทศบาล และนอกเขต,0,party_list,581,419,580,419,391,19,9,161,451,451,391,60,9,9,5,5,2,2,0,0,12,0,3,3,0,0,3,3,99,309,0,0,16,16,1,1,0,0,1,1,1,1,1,1,0,0,0,0,0,0,0,0,81,0,0,0,0,0,2,2,0,0,0,0,23,3,0,0,0,0,2,2,0,0,0,0,1,1,1,1,1,1,1,1,34,34,1,1,0,0,0,0,1,1,87,87,0,0,1,1,0,0,57,0,0,0,2,2,3,3,0,0,0,0,0,0,0,0,0,0,0,0,0,0,0,0
อุบลราชธานี,2,อำเภอเขื่องใน,ตำบลกลางใหญ่,1,party_list,536,283,520,283,268,13,2,237,264,264,268,-4,8,8,2,2,0,0,0,0,5,5,4,4,0,0,1,1,13,13,1,1,7,0,0,0,2,0,0,0,0,0,0,0,0,0,0,0,0,0,0,0,46,0,0,0,0,0,0,0,0,0,0,0,27,0,1,1,0,0,0,0,0,0,0,0,0,0,0,0,0,0,0,0,26,0,0,0,0,0,0,0,1,0,51,0,0,0,0,0,0,0,68,0,0,0,0,0,0,0,0,0,0,0,0,0,0,0,0,0,0,0,1,0,0,0
อุบลราชธานี,2,อำเภอเขื่องใน,ตำบลกลางใหญ่,10,party_list,353,130,340,130,127,3,2,210,137,137,127,10,0,0,2,2,1,1,0,0,3,3,2,2,0,0,0,0,43,43,0,0,4,8,0,0,0,0,0,0,0,0,0,0,0,0,0,0,0,0,0,0,14,14,0,0,0,0,0,0,0,0,0,0,13,13,1,1,0,0,0,0,0,0,1,1,0,0,0,0,0,0,0,0,14,14,1,1,0,0,0,0,0,0,21,0,0,0,0,0,0,0,17,17,0,0,0,0,0,0,0,0,0,0,0,0,0,0,0,0,0,0,0,0,0,0
อุบลราชธานี,2,อำเภอเขื่องใน,ตำบลกลางใหญ่,11,party_list,302,183,300,183,174,6,3,117,145,145,174,-29,1,1,2,2,2,2,2,2,2,2,2,2,2,2,2,2,2,2,2,2,0,0,0,0,0,0,1,1,0,0,0,0,0,0,0,0,0,0,0,0,37,37,0,0,0,0,1,1,0,0,0,0,3,3,0,0,1,1,0,0,0,0,0,0,0,0,0,0,0,0,0,0,1,1,2,2,0,0,0,0,1,1,64,64,0,0,0,0,0,0,13,13,1,1,0,0,0,0,1,1,0,0,0,0,0,0,0,0,0,0,0,0,0,0
อุบลราชธานี,2,อำเภอเขื่องใน,ตำบลกลางใหญ่,3,party_list,409,222,403,222,213,6,3,176,213,213,213,0,10,10,2,2,1,1,0,0,2,2,4,4,2,2,1,1,24,24,1,1,3,3,1,1,0,0,1,1,0,0,0,0,0,0,0,0,0,0,1,1,23,43,0,0,0,0,1,1,0,0,20,20,0,0,1,1,0,0,0,0,0,0,0,0,0,0,2,2,0,0,0,0,19,19,0,0,2,2,0,0,1,1,56,56,2,2,0,0,0,0,30,30,0,0,2,2,1,1,0,0,0,0,0,0,0,0,0,0,0,0,0,0,0,0
อุบลราชธานี,2,อำเภอเขื่องใน,ตำบลกลางใหญ่,4,party_list,447,183,440,183,175,7,1,257,160,160,175,-15,5,0,4,0,0,0,0,0,3,0,2,0,0,0,0,0,28,0,0,0,3,0,1,0,2,0,0,0,0,0,1,0,0,0,0,0,0,0,0,0,27,0,0,0,0,0,0,0,0,0,0,0,0,0,0,0,0,0,0,0,0,0,0,0,1,0,1,0,0,0,0,0,11,0,0,0,0,0,0,0,0,0,40,0,1,0,0,0,0,0,27,0,0,0,3,0,0,0,0,0,0,0,0,0,0,0,0,0,0,0,0,0,0,0
อุบลราชธานี,2,อำเภอเขื่องใน,ตำบลกลางใหญ่,5,party_list,375,133,360,370,245,11,,11,248,248,245,3,4,4,1,1,1,1,0,0,5,5,10,10,0,0,0,0,49,49,1,1,4,4,1,1,6,6,0,0,0,0,3,3,0,0,0,0,0,0,16,16,0,0,0,0,0,0,0,0,0,0,12,12,1,1,0,0,0,0,0,0,1,1,1,1,10,10,10,10,0,0,0,0,43,43,0,0,0,0,0,0,0,0,33,33,0,0,1,1,0,0,29,0,0,0,3,3,0,0,0,0,0,0,0,0,1,1,0,0,0,0,1,1,1,1
อุบลราชธานี,2,อำเภอเขื่องใน,ตำบลกลางใหญ่,6,party_list,306,196,300,196,185,8,3,104,185,185,185,0,4,4,2,2,0,0,0,0,2,2,1,1,0,0,0,0,25,25,0,0,8,8,1,1,3,3,0,0,0,0,0,0,0,0,0,0,1,1,0,0,30,30,0,0,0,0,1,1,0,0,0,0,11,0,0,0,0,0,0,0,1,1,0,0,0,0,1,1,0,0,0,0,11,0,0,0,0,0,0,0,1,1,40,40,0,0,0,0,0,0,42,42,0,0,0,0,0,0,0,0,0,0,0,0,0,0,0,0,0,0,0,0,0,0
อุบลราชธานี,2,อำเภอเขื่องใน,ตำบลกลางใหญ่,7,party_list,284,142,280,142,134,5,3,138,117,117,134,-17,1,0,3,3,0,0,2,0,4,2,2,2,0,0,3,3,28,408,2,2,5,0,0,0,0,0,0,0,0,0,0,0,0,0,0,0,0,0,7,0,7,0,0,0,0,0,1,0,0,0,12,0,1,0,0,0,1,0,1,0,0,0,0,0,0,0,0,0,0,0,0,0,22,0,0,0,0,0,0,0,0,0,0,0,11,0,0,0,0,0,2,2,2,2,0,0,0,0,0,0,0,0,0,0,0,0,0,0,0,0,0,0,0,0
อุบลราชธานี,2,อำเภอเขื่องใน,ตำบลก่อเอ้,1,party_list,530,374,520,374,346,16,12,146,340,340,346,-6,0,0,8,8,1,1,4,4,12,12,9,9,0,0,0,0,40,40,3,3,16,0,3,3,1,1,0,0,0,0,0,0,0,0,0,0,0,0,1,1,63,53,0,0,0,0,2,2,1,1,0,0,16,0,1,1,2,2,1,1,0,0,0,0,0,0,1,1,0,0,1,1,46,0,1,1,0,0,0,0,0,0,34,34,0,0,0,0,0,0,69,0,0,0,2,2,1,1,0,0,0,0,1,1,0,0,0,0,0,0,0,0,0,0
อุบลราชธานี,2,อำเภอเขื่องใน,ตำบลก่อเอ้,10,party_list,374,263,200,243,223,14,6,59,310,310,223,87,16,16,3,3,1,1,1,1,7,7,0,0,0,0,8,8,1,1,1,1,0,0,0,0,0,0,0,0,0,0,0,0,0,0,0,0,0,0,0,0,0,0,0,0,0,0,0,0,0,0,0,0,0,0,0,0,0,0,0,0,0,0,0,0,0,0,0,0,0,0,0,0,15,15,0,0,0,0,0,0,1,1,36,36,0,0,0,0,0,0,13,13,0,0,2,2,0,0,2,2,0,0,0,0,0,0,0,0,0,0,0,0,203,223
อุบลราชธานี,2,อำเภอเขื่องใน,ตำบลก่อเอ้,11,party_list,929,621,920,621,593,16,12,299,674,674,593,81,10,10,5,5,1,1,2,2,19,19,6,6,1,1,2,2,145,0,0,0,26,0,0,0,4,4,0,0,0,0,4,4,0,0,0,0,0,0,1,1,193,0,0,0,0,0,2,2,1,1,0,0,14,14,0,0,2,2,1,1,3,3,1,1,0,0,5,5,2,2,1,1,45,0,2,2,1,1,1,1,3,3,55,55,0,0,0,0,0,0,108,0,2,2,2,2,2,2,0,0,0,0,0,0,0,0,0,0,0,0,0,0,0,0
อุบลราชธานี,2,อำเภอเขื่องใน,ตำบลก่อเอ้,8,party_list,465,,460,322,296,16,10,138,165,165,296,-131,2,2,5,5,3,3,10,10,2,2,0,0,3,3,26,16,0,0,0,0,0,0,0,0,0,0,0,0,0,0,0,0,0,0,0,0,0,0,0,0,0,0,0,0,0,0,0,0,0,0,0,0,0,0,0,0,0,0,0,0,0,0,0,0,0,0,0,0,0,0,0,0,24,24,0,0,0,0,1,1,1,1,56,56,2,2,0,0,28,28,0,0,2,2,0,0,0,0,0,0,0,0,0,0,0,0,0,0,0,0,0,0,0,0
อุบลราชธานี,2,อำเภอเขื่องใน,ตำบลก่อเอ้,9,party_list,650,500,640,500,455,28,17,140,354,354,455,-101,5,5,2,2,1,1,1,1,11,0,1,1,1,1,2,2,30,30,1,1,11,0,3,3,2,2,0,0,0,0,1,1,0,0,0,0,1,1,0,0,14,14,0,0,0,0,1,1,2,2,0,0,37,37,0,0,0,0,1,1,0,0,0,0,0,0,0,0,1,1,1,1,93,93,1,1,0,0,2,2,0,0,61,0,1,1,0,0,0,0,63,63,0,0,0,0,1,1,0,0,0,0,0,0,0,0,1,1,0,0,0,0,1,1
อุบลราชธานี,2,อำเภอเขื่องใน,ตำบลค้อทอง,1,party_list,410,271,400,291,250,10,11,129,210,210,250,-40,1,1,2,2,2,2,4,4,11,0,1,1,0,0,0,0,54,0,1,1,5,5,1,1,1,1,0,0,0,0,1,1,0,0,0,0,0,0,0,0,0,0,2,2,0,0,0,0,0,0,0,0,1,1,0,0,2,2,1,1,1,1,0,0,0,0,0,0,0,0,1,1,2,2,3,3,4,4,5,5,6,6,7,7,8,8,9,9,10,10,11,0,2,2,3,3,4,4,5,5,6,6,7,7,8,8,9,9,2,2,3,3,4,4
อุบลราชธานี,2,อำเภอเขื่องใน,ตำบลค้อทอง,6,party_list,480,321,480,321,316,75,48,159,298,298,316,-18,3,3,4,4,1,1,2,2,9,9,4,4,1,1,2,2,15,15,1,1,9,9,1,1,6,6,0,0,0,0,0,0,0,0,0,0,0,0,0,0,49,49,1,1,0,0,7,7,0,0,0,0,10,10,0,0,3,3,0,0,3,3,0,0,1,1,1,1,0,0,1,0,21,0,0,0,0,0,0,0,0,0,101,0,1,0,0,0,0,0,41,0,0,0,0,0,0,0,0,0,0,0,0,0,0,0,0,0,0,0,0,0,0,0
อุบลราชธานี,2,อำเภอเขื่องใน,ตำบลค้อทอง,7,party_list,277,147,260,147,132,11,4,113,83,83,132,-49,4,0,5,5,0,0,0,0,7,0,0,0,0,0,32,0,0,0,0,0,0,0,0,0,0,0,0,0,0,0,0,0,0,0,0,0,0,0,0,0,0,0,0,0,0,0,0,0,0,0,0,0,0,0,0,0,0,0,0,0,0,0,0,0,0,0,0,0,0,0,0,0,6,6,0,0,0,0,0,0,0,0,11,0,1,1,0,0,0,0,17,17,0,0,0,0,0,0,0,0,0,0,0,0,0,0,0,0,0,0,0,0,0,0
อุบลราชธานี,2,อำเภอเขื่องใน,ตำบลค้อทอง,8,party_list,962,222,360,221,210,10,2,138,216,216,210,6,10,10,3,3,0,0,0,0,12,12,5,5,0,0,3,3,19,19,0,0,5,5,0,0,3,3,0,0,0,0,0,0,0,0,0,0,0,0,0,0,39,39,0,0,0,0,3,3,0,0,0,0,21,0,0,0,1,1,0,0,1,1,0,0,0,0,0,0,0,0,0,0,12,0,1,1,0,0,0,0,0,0,42,0,2,2,0,0,1,1,30,0,1,1,0,0,1,1,0,0,0,0,0,0,0,0,0,0,0,0,0,0,0,0
อุบลราชธานี,2,อำเภอเขื่องใน,ตำบลค้อทอง,9,party_list,474,299,480,299,286,4,7,181,339,339,286,53,7,7,2,2,0,0,1,1,13,13,4,4,0,0,2,2,50,50,0,0,0,0,10,10,2,2,1,1,0,0,0,0,0,0,0,0,0,0,0,0,50,50,0,0,0,0,1,1,0,0,0,0,13,13,0,0,1,1,2,2,0,0,1,1,0,0,0,0,0,0,1,1,79,79,1,1,0,0,0,0,1,1,50,50,0,0,0,0,0,0,44,44,0,0,1,1,0,0,0,0,1,1,0,0,0,0,0,0,0,0,1,1,0,0
อุบลราชธานี,2,อำเภอเขื่องใน,ตำบลชีทวน,1,party_list,558,,340,235,211,19,5,105,124,124,211,-87,2,2,3,3,0,0,2,2,11,0,1,1,0,0,2,2,27,0,1,1,0,0,0,0,0,0,0,0,0,0,0,0,0,0,0,0,0,0,0,0,0,0,0,0,0,0,0,0,0,0,0,0,0,0,0,0,0,0,0,0,0,0,0,0,0,0,0,0,0,0,0,0,18,18,0,0,0,0,0,0,0,0,30,30,0,0,0,0,1,1,26,33,0,0,0,0,0,0,0,0,0,0,0,0,0,0,0,0,0,0,0,0,0,0
อุบลราชธานี,2,อำเภอเขื่องใน,ตำบลชีทวน,10,party_list,47,367,620,367,330,12,25,253,238,238,330,-92,16,16,1,1,0,0,1,1,13,13,3,3,0,0,0,0,18,18,0,0,0,0,0,0,0,0,0,0,0,0,0,0,0,0,0,0,0,0,0,0,0,0,0,0,0,0,0,0,0,0,0,0,0,0,0,0,0,0,0,0,0,0,0,0,0,0,0,0,0,0,1,1,26,0,1,1,0,0,2,2,1,1,104,0,3,3,0,0,2,2,40,40,2,2,3,3,0,0,0,0,0,0,1,1,0,0,0,0,0,0,0,0,0,0
อุบลราชธานี,2,อำเภอเขื่องใน,ตำบลชีทวน,6,party_list,548,313,540,313,294,18,1,227,193,193,294,-101,12,0,7,0,0,0,0,0,7,0,4,0,0,0,0,0,38,0,0,0,0,0,0,0,0,0,0,0,0,0,0,0,0,0,0,0,0,0,0,0,0,0,0,0,0,0,0,0,0,0,0,0,0,0,0,0,0,0,0,0,0,0,0,0,0,0,0,0,0,0,0,0,9,0,0,0,0,0,0,0,1,0,68,0,0,0,0,0,0,0,41,0,0,0,1,0,2,0,3,0,0,0,0,0,0,0,0,0,0,0,0,0,0,0
อุบลราชธานี,2,อำเภอเขื่องใน,ตำบลชีทวน,7,party_list,319,165,300,165,138,22,5,135,118,118,138,-20,7,7,3,3,0,0,0,0,5,5,0,0,0,0,0,0,9,9,0,0,4,0,1,1,1,1,0,0,0,0,0,0,1,1,0,0,0,0,0,0,2,2,0,0,0,0,2,2,0,0,0,0,20,20,2,2,0,0,1,1,0,0,0,0,1,1,0,0,1,1,0,0,13,13,0,0,0,0,0,0,0,0,20,20,2,2,0,0,0,0,19,19,1,1,1,1,0,0,2,2,0,0,0,0,0,0,0,0,0,0,0,0,0,0
อุบลราชธานี,2,อำเภอเขื่องใน,ตำบลชีทวน,9,party_list,260,170,260,170,154,11,5,90,184,184,154,30,5,5,1,1,2,2,0,0,3,3,1,1,0,0,1,1,20,20,2,2,5,5,0,0,1,1,0,0,0,0,0,0,0,0,0,0,0,0,0,0,18,18,0,0,0,0,3,3,0,0,0,0,31,0,1,1,0,0,1,1,1,1,0,0,1,1,0,0,0,0,0,0,40,40,0,0,0,0,0,0,0,0,26,26,0,0,0,0,0,0,20,20,1,1,0,0,0,0,0,0,0,0,0,0,0,0,0,0,0,0,0,0,0,0
อุบลราชธานี,2,อำเภอเขื่องใน,ตำบลท่าไห,1,party_list,546,173,520,173,175,16,2,327,194,194,175,19,7,0,0,0,0,0,0,0,6,0,3,0,0,0,1,0,17,0,0,0,0,76,0,0,4,0,0,0,0,0,0,0,0,0,0,0,0,0,0,0,50,0,0,0,0,0,0,0,0,0,0,0,23,0,1,1,0,0,3,3,0,0,0,0,0,0,0,0,0,0,0,0,12,12,0,0,0,0,1,0,0,0,37,37,0,0,0,0,1,0,25,25,0,0,1,0,0,0,0,0,0,0,0,0,0,0,0,0,2,2,0,0,0,0
อุบลราชธานี,2,อำเภอเขื่องใน,ตำบลท่าไห,10,party_list,693,301,680,301,268,32,1,379,218,218,268,-50,5,5,1,1,0,0,1,1,18,18,2,2,0,0,1,1,90,30,0,0,0,0,0,0,0,0,0,0,0,0,0,0,0,0,0,0,0,0,0,0,0,0,0,0,0,0,0,0,0,0,0,0,0,0,0,0,0,0,0,0,0,0,0,0,0,0,0,0,1,1,0,0,27,27,1,1,0,0,1,1,0,0,21,0,0,0,1,1,0,0,46,46,0,0,0,0,1,1,0,0,0,0,0,0,1,1,0,0,0,0,0,0,0,0
อุบลราชธานี,2,อำเภอเขื่องใน,ตำบลท่าไห,11,party_list,599,263,580,263,239,21,3,317,239,239,239,0,13,13,2,2,0,0,1,1,17,17,0,0,0,0,1,1,14,14,0,0,4,0,2,2,1,1,0,0,0,0,0,0,1,1,0,0,0,0,0,0,81,0,0,0,0,0,2,2,1,1,0,0,24,14,0,0,2,2,0,0,0,0,0,0,1,1,1,1,0,0,0,0,23,0,0,0,1,1,1,1,0,0,23,0,0,0,0,0,0,0,18,0,0,0,0,0,3,3,1,1,0,0,0,0,0,0,0,0,0,0,1,1,0,0
อุบลราชธานี,2,อำเภอเขื่องใน,ตำบลท่าไห,3,party_list,,,,,,,,,385,385,0,385,0,0,0,0,0,0,0,0,0,0,0,0,0,0,0,0,0,0,0,0,0,0,10,0,1,1,1,1,0,0,1,1,0,0,0,0,0,0,0,0,68,0,1,1,0,0,7,1,0,0,0,0,11,0,0,0,0,0,0,0,1,1,0,1,0,1,1,1,6,0,0,0,16,0,3,0,0,0,0,0,2,0,30,0,0,0,1,0,0,0,19,0,0,0,0,0,0,0,0,0,0,0,0,0,0,0,0,0,1,0,0,0,205,0
อุบลราชธานี,2,อำเภอเขื่องใน,ตำบลท่าไห,4,party_list,593,,580,230,279,11,12,350,406,406,279,127,15,15,5,5,5,5,1,1,8,8,1,1,0,0,2,2,16,16,1,1,6,6,1,1,3,3,1,1,1,1,0,0,0,0,0,0,0,0,0,0,36,36,1,1,0,0,3,3,1,1,0,0,11,0,0,0,0,0,1,1,0,0,0,0,1,1,0,0,0,0,1,1,11,0,0,0,0,0,0,0,0,0,36,36,1,1,0,0,0,0,27,27,0,0,1,1,0,0,0,0,0,0,0,0,0,0,0,0,0,0,0,0,209,209
อุบลราชธานี,2,อำเภอเขื่องใน,ตำบลท่าไห,5,party_list,569,,560,321,287,30,,239,287,287,287,0,6,6,2,2,0,0,1,1,19,19,3,3,0,0,1,1,40,40,0,0,7,0,3,3,0,0,0,0,0,0,2,2,1,1,1,1,0,0,0,0,99,99,1,1,0,0,0,0,0,0,0,0,7,7,0,0,0,0,0,0,1,1,0,0,1,1,3,3,0,0,1,1,12,0,0,0,0,0,0,0,1,1,33,33,0,0,0,0,2,2,38,38,0,0,0,0,0,0,2,2,0,0,0,0,0,0,0,0,0,0,0,0,0,0
อุบลราชธานี,2,อำเภอเขื่องใน,ตำบลท่าไห,6,party_list,694,292,600,292,270,10,2,308,179,179,270,-91,8,8,6,6,2,2,1,1,10,10,7,7,0,0,0,0,69,69,2,2,1,1,0,0,1,1,0,0,2,2,0,0,0,0,0,0,0,0,0,0,69,69,1,1,0,0,0,0,0,0,0,0,0,0,0,0,0,0,0,0,0,0,0,0,0,0,0,0,0,0,0,0,0,0,0,0,0,0,0,0,0,0,0,0,0,0,0,0,0,0,0,0,0,0,0,0,0,0,0,0,0,0,0,0,0,0,0,0,0,0,0,0,0,0
อุบลราชธานี,2,อำเภอเขื่องใน,ตำบลท่าไห,9,party_list,430,,420,209,199,10,0,217,199,199,199,0,5,5,5,5,1,1,1,1,16,0,2,2,0,0,1,1,13,13,0,0,5,5,0,0,5,5,0,0,0,0,0,0,2,2,0,0,0,0,0,0,50,50,0,0,0,0,0,0,0,0,18,18,3,3,1,1,1,1,1,1,0,0,0,0,0,0,0,0,0,0,1,1,9,9,0,0,0,0,1,1,0,0,20,20,0,0,0,0,1,1,34,34,0,0,0,0,0,0,1,1,0,0,0,0,0,0,0,0,2,2,0,0,0,0
อุบลราชธานี,2,อำเภอเขื่องใน,ตำบลธาตุน้อย,10,party_list,684,404,680,404,375,29,15,276,376,376,375,1,9,9,1,1,5,5,0,0,26,26,0,0,0,0,3,3,63,63,1,1,10,10,2,2,3,3,0,0,0,0,2,2,1,1,0,0,0,0,0,0,135,0,0,0,1,1,1,1,1,1,1,1,8,8,0,0,1,1,1,1,0,0,1,1,1,1,1,1,0,0,2,2,13,13,0,0,0,0,0,0,0,0,14,14,0,0,0,0,0,0,66,66,0,0,1,1,0,0,1,1,0,0,0,0,1,1,0,0,0,0,0,0,0,0
อุบลราชธานี,2,อำเภอเขื่องใน,ตำบลธาตุน้อย,3,party_list,750,459,740,459,413,39,7,281,609,609,413,196,16,16,5,5,3,3,4,4,22,0,10,10,0,0,4,4,59,59,1,1,0,0,0,0,0,0,0,0,0,0,0,0,0,0,0,0,0,0,0,0,0,0,0,0,0,0,0,0,0,0,0,0,0,0,0,0,0,0,0,0,0,0,0,0,0,0,0,0,1,1,0,0,18,18,3,3,1,1,3,3,0,0,18,18,0,0,0,0,1,1,30,30,1,1,0,0,1,1,0,0,0,0,0,0,0,0,0,0,0,0,2,2,406,0
อุบลราชธานี,2,อำเภอเขื่องใน,ตำบลธาตุน้อย,9,party_list,550,333,540,333,311,14,3,207,222,222,311,-89,7,0,4,4,2,2,2,2,15,14,1,1,0,0,3,3,33,33,0,0,0,0,0,0,0,0,0,0,0,0,0,0,0,0,0,0,0,0,0,0,0,0,0,0,0,0,0,0,0,0,0,0,0,0,0,0,0,0,0,0,0,0,0,0,0,0,0,0,0,0,0,0,50,50,0,0,0,0,0,0,0,0,54,0,0,0,0,0,0,0,50,40,1,1,0,0,0,0,0,0,0,0,0,0,0,0,0,0,0,0,0,0,0,0
อุบลราชธานี,2,อำเภอเขื่องใน,ตำบลนาคำใหญ่,3,party_list,110,73,100,73,70,0,3,27,66,66,70,-4,0,0,0,0,0,0,0,0,0,0,0,0,0,0,1,1,9,9,0,0,1,1,2,2,0,0,0,0,0,0,0,0,0,0,0,0,0,0,0,0,35,35,0,0,0,0,0,0,0,0,0,0,2,2,0,0,0,0,0,0,0,0,0,0,0,0,0,0,0,0,0,0,7,0,0,0,0,0,0,0,0,0,2,0,0,0,0,0,0,0,7,0,0,0,0,0,0,0,0,0,0,0,0,0,0,0,0,0,0,0,0,0,0,0
อุบลราชธานี,2,อำเภอเขื่องใน,ตำบลนาคำใหญ่,5,party_list,263,167,260,167,148,12,7,93,146,146,148,-2,5,5,2,2,0,0,1,1,5,5,1,1,0,0,2,2,12,12,0,0,5,5,0,0,0,0,0,0,0,0,0,0,0,0,0,0,0,0,0,0,49,49,0,0,0,0,0,0,1,1,0,0,4,4,0,0,1,1,1,1,0,0,0,0,1,1,1,1,2,2,0,0,0,0,16,16,0,0,0,0,0,0,0,0,21,0,0,0,0,0,12,12,1,1,0,0,1,1,1,1,0,0,0,0,0,0,0,0,0,0,0,0,0,0
อุบลราชธานี,2,อำเภอเขื่องใน,ตำบลนาคำใหญ่,6,party_list,582,246,580,946,330,13,3,234,223,223,330,-107,10,10,1,1,0,0,0,0,15,0,2,0,24,0,3,0,47,17,1,1,0,0,0,0,0,0,0,0,0,0,0,0,0,0,0,0,0,0,0,0,0,0,0,0,0,0,0,0,0,0,0,0,0,0,0,0,0,0,0,0,0,0,0,0,0,0,0,0,3,3,0,0,7,0,0,0,0,0,0,0,32,0,0,0,0,0,1,1,2,0,69,0,0,0,2,0,1,1,0,0,1,1,0,0,0,0,0,0,0,0,1,1,1,1
อุบลราชธานี,2,อำเภอเขื่องใน,ตำบลนาคำใหญ่,8,party_list,504,296,500,296,250,46,6,204,178,178,250,-72,6,6,2,2,1,1,5,5,7,7,2,2,0,0,2,2,58,58,0,0,7,0,0,1,0,0,6,0,0,0,0,0,0,0,0,0,0,1,0,0,30,30,0,0,0,0,1,1,0,0,1,1,5,0,0,0,0,0,0,0,1,1,5,2,1,1,0,0,0,0,1,0,1,0,1,0,1,0,0,0,0,0,10,0,1,0,1,0,1,0,10,0,1,0,1,0,1,0,1,0,1,0,1,0,1,0,1,0,1,0,1,0,1,0
อุบลราชธานี,2,อำเภอเขื่องใน,ตำบลบ้านกอก,1,party_list,681,542,680,542,525,14,2,138,281,281,525,-244,8,8,4,4,2,2,0,0,14,14,2,2,0,0,1,1,98,98,0,0,12,12,0,0,2,2,1,1,0,0,1,1,0,0,0,0,0,0,1,1,99,99,0,0,1,1,0,0,1,1,0,0,30,30,0,0,1,1,1,1,0,0,0,0,0,0,2,2,0,0,0,0,0,0,0,0,0,0,0,0,0,0,0,0,0,0,0,0,0,0,0,0,0,0,0,0,0,0,0,0,0,0,0,0,0,0,0,0,0,0,0,0,0,0
อุบลราชธานี,2,อำเภอเขื่องใน,ตำบลบ้านกอก,3,party_list,224,172,220,172,161,10,1,48,161,161,161,0,6,0,2,2,2,2,0,0,4,0,2,2,0,0,1,1,13,0,1,1,7,7,0,0,2,2,1,1,0,0,0,0,0,0,0,0,0,0,0,0,36,0,0,0,0,0,1,1,0,0,0,0,8,8,1,1,0,0,0,0,1,1,0,0,0,0,1,1,0,0,0,0,14,0,0,0,0,0,0,0,1,1,26,0,0,0,0,0,0,0,29,0,0,0,2,0,0,0,0,0,0,0,0,0,0,0,0,0,0,0,0,0,0,0
อุบลราชธานี,2,อำเภอเขื่องใน,ตำบลบ้านกอก,4,party_list,644,,640,411,783,18,10,229,669,669,783,-114,3,3,3,3,0,0,0,0,15,0,0,0,0,0,2,2,48,408,1,1,0,0,0,0,0,0,0,0,0,0,0,0,0,0,0,0,0,0,0,0,0,0,0,0,0,0,0,0,0,0,0,0,0,0,0,0,0,0,0,0,0,0,0,0,0,0,0,0,0,0,0,0,49,49,33,33,2,2,1,1,2,2,33,33,1,1,0,0,80,80,6,6,1,1,1,1,2,2,2,2,1,1,0,0,0,0,0,0,0,0,0,0,383,383
อุบลราชธานี,2,อำเภอเขื่องใน,ตำบลบ้านกอก,5,party_list,507,154,520,154,328,11,15,166,325,325,328,-3,2,2,2,2,3,3,1,1,5,5,12,12,0,0,2,2,45,45,0,0,15,15,5,5,3,3,0,0,0,0,1,1,1,1,1,1,0,0,0,0,50,50,1,1,0,0,3,3,1,1,0,0,11,0,1,1,4,4,1,1,0,0,0,0,0,0,0,0,1,1,1,1,39,39,1,1,0,0,0,0,0,0,36,36,3,3,0,0,0,0,71,0,0,0,0,0,0,0,0,0,0,0,1,1,0,0,0,0,2,2,0,0,0,0
อุบลราชธานี,2,อำเภอเขื่องใน,ตำบลบ้านกอก,6,party_list,454,245,440,285,261,14,10,155,267,267,261,6,3,3,4,4,0,0,1,1,9,9,2,2,0,0,0,0,49,49,0,0,2,0,4,0,1,0,0,0,0,0,1,0,0,0,0,0,0,0,0,0,45,0,0,0,0,0,0,0,0,0,0,0,17,0,2,0,0,0,0,0,0,0,0,0,1,0,0,0,0,0,0,0,26,0,0,0,0,0,0,0,1,0,15,0,1,0,0,0,0,0,73,73,2,2,0,0,1,0,1,0,0,0,0,0,0,0,0,0,0,0,0,0,0,0
อุบลราชธานี,2,อำเภอเขื่องใน,ตำบลบ้านไทย,12,party_list,338,142,320,142,162,9,1,143,171,171,162,9,1,1,4,4,2,2,0,0,12,12,5,5,0,0,2,2,16,16,1,1,2,0,1,1,0,0,0,0,0,0,3,3,0,0,0,0,0,0,0,0,48,48,1,1,3,3,1,1,0,0,7,7,0,0,0,0,1,1,0,0,0,0,0,0,0,0,2,2,1,1,0,0,12,0,1,1,0,0,0,0,0,0,8,8,1,1,0,0,1,1,20,0,0,0,1,1,4,0,1,0,0,0,9,0,0,0,0,0,0,0,0,0,0,0
อุบลราชธานี,2,อำเภอเขื่องใน,ตำบลบ้านไทย,2,party_list,337,423,320,223,189,24,14,27,188,188,189,-1,3,3,2,2,0,0,0,0,3,3,0,0,1,1,24,0,1,1,1,1,2,2,1,1,1,1,0,0,0,0,2,2,0,0,0,0,0,0,0,0,49,49,0,0,1,1,0,0,0,0,0,0,4,4,1,1,0,0,0,0,0,0,1,1,0,0,1,1,1,1,1,1,21,0,0,0,0,0,0,0,0,0,21,0,0,0,0,0,1,1,45,45,0,0,0,0,0,0,0,0,0,0,0,0,0,0,0,0,0,0,0,0,0,0
อุบลราชธานี,2,อำเภอเขื่องใน,ตำบลบ้านไทย,3,party_list,520,374,520,374,347,15,12,146,425,425,347,78,3,3,3,3,3,3,3,3,4,4,4,4,0,0,3,3,47,47,0,0,7,7,2,2,0,0,1,1,0,0,0,0,2,2,0,0,0,0,0,0,37,0,0,0,0,0,1,1,0,0,1,1,57,57,1,1,1,1,0,0,2,2,0,0,0,0,0,0,0,0,0,0,49,0,0,0,0,0,0,0,67,0,54,54,0,0,0,0,2,2,65,65,0,0,2,2,2,2,0,0,0,0,0,0,0,0,0,0,1,1,1,1,0,0
อุบลราชธานี,2,อำเภอเขื่องใน,ตำบลบ้านไทย,8,party_list,522,340,520,340,298,22,20,180,367,367,298,69,4,0,2,0,1,0,1,0,6,0,5,5,0,0,5,5,17,17,1,0,94,0,1,0,5,5,0,0,0,0,0,0,1,1,0,0,0,0,0,0,73,73,0,0,0,0,3,3,1,1,0,0,21,0,1,1,1,1,1,1,0,0,0,0,1,1,2,2,1,1,0,0,28,28,0,0,0,0,0,0,1,1,39,39,1,1,0,0,0,0,47,47,0,0,0,0,1,1,0,0,1,1,0,0,0,0,1,1,0,0,0,0,0,0
อุบลราชธานี,2,อำเภอเขื่องใน,ตำบลยางขี้นก,10,party_list,302,201,300,201,179,8,4,99,199,199,179,20,2,2,1,1,1,1,0,0,6,6,2,2,0,0,2,2,7,7,1,1,1,1,2,2,1,1,0,0,1,1,1,1,0,0,0,0,0,0,0,0,44,44,0,0,0,0,1,1,0,0,0,0,1,1,1,1,0,0,0,0,0,0,0,0,0,0,0,0,0,0,0,0,16,16,2,2,0,0,0,0,0,0,49,49,1,1,1,1,0,0,36,36,0,0,0,0,0,0,0,0,0,0,0,0,0,0,0,0,0,0,0,0,19,19
อุบลราชธานี,2,อำเภอเขื่องใน,ตำบลยางขี้นก,3,party_list,621,428,620,428,347,21,10,102,482,482,347,135,91,0,6,6,3,3,0,0,11,0,1,1,0,0,46,46,0,0,0,0,15,15,2,2,1,1,0,0,0,0,1,1,1,1,0,0,0,0,0,0,74,74,0,0,6,6,7,7,0,0,1,1,23,23,0,0,1,1,0,0,0,0,2,2,0,0,0,0,0,0,0,0,46,46,0,0,0,0,0,0,0,0,54,54,2,2,0,0,0,0,76,76,1,1,4,4,2,2,2,2,0,0,0,0,1,1,0,0,0,0,1,1,1,1
อุบลราชธานี,2,อำเภอเขื่องใน,ตำบลยางขี้นก,4,party_list,569,374,560,374,337,14,23,186,267,267,337,-70,14,14,7,7,3,3,2,2,14,14,9,9,0,0,4,4,69,69,1,1,0,0,0,0,0,0,0,0,0,0,0,0,0,0,0,0,0,0,0,0,0,0,0,0,0,0,0,0,0,0,0,0,0,0,0,0,0,0,0,0,0,0,0,0,0,0,0,0,0,0,0,0,19,19,1,1,0,0,0,0,0,0,40,40,0,0,0,0,0,0,76,76,1,1,2,2,3,3,0,0,0,0,0,0,0,0,1,1,0,0,0,0,1,1
อุบลราชธานี,2,อำเภอเขื่องใน,ตำบลยางขี้นก,5,party_list,363,223,360,223,201,14,8,137,176,176,201,-25,3,3,4,4,2,2,1,1,13,13,4,4,0,0,1,1,42,42,0,0,1,1,1,1,1,1,0,0,0,0,0,0,0,0,0,0,0,0,1,1,1,1,0,0,1,1,1,1,0,0,0,0,1,1,0,0,0,0,1,1,0,0,1,1,0,0,0,0,0,0,0,0,0,0,0,0,0,0,0,0,0,0,0,0,0,0,0,0,0,0,0,0,36,36,0,0,0,0,0,0,0,0,0,0,0,0,0,0,1,1,0,0,0,0
อุบลราชธานี,2,อำเภอเขื่องใน,ตำบลยางขี้นก,6,party_list,455,358,940,358,377,13,12,82,528,528,377,151,1,1,1,1,0,0,0,0,8,8,1,1,0,0,0,0,18,18,0,0,0,0,0,0,0,0,0,0,0,0,0,0,0,0,0,0,0,0,0,0,0,0,0,0,0,0,0,0,0,0,0,0,0,0,0,0,0,0,0,0,0,0,0,0,0,0,0,0,0,0,0,0,25,25,0,0,0,0,1,1,0,0,65,65,7,7,0,0,0,0,59,59,1,1,7,7,0,0,0,0,0,0,1,1,0,0,0,0,0,0,0,0,333,333
อุบลราชธานี,2,อำเภอเขื่องใน,ตำบลยางขี้นก,7,party_list,353,,30,204,232,31,9,76,172,172,232,-60,14,14,2,2,2,2,6,6,3,3,0,0,1,1,7,7,0,0,0,0,7,7,2,2,3,3,0,0,0,0,0,0,0,0,0,0,0,0,32,32,0,0,0,0,16,16,1,1,0,0,13,13,0,0,1,1,0,0,0,0,0,0,2,2,0,0,0,0,0,0,0,0,23,23,0,0,0,0,0,0,0,0,0,0,0,0,0,0,0,0,0,0,36,36,1,1,0,0,0,0,0,0,0,0,0,0,0,0,0,0,0,0,0,0
อุบลราชธานี,2,อำเภอเขื่องใน,ตำบลยางขี้นก,9,party_list,251,183,240,183,166,13,4,57,95,95,166,-71,3,3,1,1,3,3,0,0,4,4,3,3,0,0,3,3,13,13,0,0,0,0,0,0,0,0,0,0,0,0,0,0,0,0,0,0,0,0,0,0,0,0,0,0,0,0,0,0,0,0,0,0,0,0,0,0,0,0,0,0,0,0,0,0,0,0,0,0,1,1,0,0,9,9,0,0,0,0,0,0,1,1,29,0,1,1,0,0,0,0,21,0,0,0,2,2,0,0,1,1,0,0,0,0,0,0,0,0,0,0,0,0,0,0
อุบลราชธานี,2,อำเภอเขื่องใน,ตำบลศรีสุข,1,party_list,508,286,500,286,270,10,6,214,294,294,270,24,6,6,0,0,2,2,0,0,31,0,6,6,0,0,6,6,55,0,0,0,0,0,0,0,3,3,0,0,0,0,0,0,1,1,0,0,0,0,0,0,55,0,0,0,0,0,1,1,2,2,0,0,17,0,0,0,0,0,0,0,1,1,0,0,0,0,1,1,0,0,0,0,39,39,0,0,0,0,1,1,1,1,16,0,0,0,0,0,0,0,45,0,0,0,2,0,0,0,1,1,0,0,0,0,0,0,1,1,0,0,0,0,0,0
อุบลราชธานี,2,อำเภอเขื่องใน,ตำบลศรีสุข,2,party_list,520,320,520,320,270,27,3,200,290,290,270,20,10,10,1,1,3,3,4,4,18,18,4,4,0,0,5,5,20,20,1,1,11,0,1,0,1,1,0,0,0,0,0,0,0,0,0,0,1,1,0,0,81,0,0,0,0,0,1,1,0,0,0,0,15,0,1,1,1,1,0,0,0,0,0,0,0,0,1,1,1,1,0,0,25,25,0,0,0,0,0,0,3,3,39,39,0,0,0,0,0,0,41,0,0,0,1,1,0,0,0,0,0,0,0,0,0,0,0,0,0,0,0,0,0,0
อุบลราชธานี,2,อำเภอเขื่องใน,ตำบลศรีสุข,3,party_list,588,361,580,361,343,16,2,219,514,514,343,171,14,14,3,3,1,1,1,1,22,22,3,3,1,1,2,2,48,48,0,0,0,0,0,0,0,0,0,0,0,0,0,0,0,0,0,0,0,0,0,0,0,0,0,0,0,0,0,0,0,0,0,0,0,0,0,0,0,0,0,0,0,0,0,0,0,0,0,0,0,0,0,0,0,0,0,0,0,0,0,0,0,0,35,35,0,0,0,0,1,1,38,38,0,0,0,0,0,0,1,1,0,0,0,0,0,0,0,0,1,1,0,0,343,343
อุบลราชธานี,2,อำเภอเขื่องใน,ตำบลศรีสุข,8,party_list,640,408,640,408,373,12,3,232,260,260,373,-113,0,0,5,0,1,0,1,0,27,0,5,0,0,0,4,0,83,0,1,0,0,0,0,0,0,0,0,0,0,0,0,0,0,0,0,0,0,0,0,0,0,0,0,0,0,0,0,0,0,0,0,0,0,0,0,0,0,0,0,0,0,0,0,0,0,0,0,0,0,0,1,0,26,0,2,0,0,0,0,0,0,0,34,0,0,0,2,0,1,0,63,0,0,0,1,0,2,0,1,0,0,0,0,0,0,0,0,0,0,0,0,0,0,0
อุบลราชธานี,2,อำเภอเขื่องใน,ตำบลสร้างถ่อ,11,party_list,377,295,360,295,249,17,9,70,268,268,249,19,3,3,5,5,0,0,0,0,16,16,6,6,0,0,5,5,49,49,0,0,2,2,1,1,2,2,0,0,1,1,2,2,1,1,0,0,0,0,1,1,86,86,2,2,0,0,0,0,0,0,11,0,0,0,0,0,0,0,0,0,0,0,0,0,0,0,3,3,1,1,0,0,15,15,0,0,0,0,0,0,0,0,17,17,1,1,0,0,0,0,35,35,0,0,2,2,0,0,1,1,0,0,0,0,0,0,0,0,0,0,0,0,0,0
อุบลราชธานี,2,อำเภอเขื่องใน,ตำบลสร้างถ่อ,12,party_list,561,399,560,399,375,15,9,161,408,408,375,33,4,0,3,3,3,3,1,1,10,0,4,4,0,0,46,46,3,3,3,3,16,0,4,0,2,0,0,0,0,0,1,1,0,0,0,0,0,0,0,0,141,0,0,0,0,0,2,2,0,0,0,0,17,0,1,1,2,2,3,3,0,0,0,0,1,1,1,1,0,0,0,0,47,0,0,0,0,0,0,0,0,0,47,0,0,0,0,0,0,0,44,0,0,0,1,0,0,0,1,0,0,0,0,0,0,0,0,0,0,0,0,0,0,0
อุบลราชธานี,2,อำเภอเขื่องใน,ตำบลสร้างถ่อ,14,party_list,50,356,540,356,340,13,3,181,173,173,340,-167,6,6,11,0,2,2,0,0,8,8,5,5,0,0,1,1,33,33,0,0,0,0,1,1,1,1,0,0,0,0,1,1,0,0,0,0,0,0,0,0,70,70,0,0,0,0,2,2,0,0,0,0,30,30,0,0,0,0,1,1,1,1,0,0,0,0,0,0,0,0,0,0,0,0,0,0,0,0,0,0,0,0,0,0,0,0,0,0,0,0,0,0,0,0,0,0,0,0,0,0,0,0,0,0,0,0,0,0,0,0,0,0,0,0
อุบลราชธานี,2,อำเภอเขื่องใน,ตำบลสร้างถ่อ,3,party_list,405,405,600,405,367,11,27,195,365,365,367,-2,11,0,8,0,0,0,1,0,16,0,2,0,1,0,3,0,32,0,0,0,16,0,2,0,2,0,0,0,1,0,1,0,0,0,1,0,1,0,70,0,0,0,0,0,4,0,1,0,0,0,36,0,2,0,0,0,2,0,1,0,0,0,0,0,0,0,0,0,0,0,0,0,39,0,1,0,1,0,0,0,56,0,0,0,0,0,1,0,50,0,0,0,0,0,0,0,1,0,0,0,0,0,1,0,0,0,0,0,1,0,0,0,0,0
อุบลราชธานี,2,อำเภอเขื่องใน,ตำบลสร้างถ่อ,5,party_list,407,265,400,265,241,16,8,195,241,241,241,0,6,0,2,0,1,1,1,1,11,0,8,8,0,0,1,1,29,29,1,1,7,0,1,1,0,0,0,0,0,0,1,1,0,0,0,0,0,0,0,0,26,25,0,0,0,0,3,3,1,1,1,1,28,28,1,1,2,2,1,1,3,3,0,0,0,0,0,0,0,0,1,1,12,12,0,0,0,0,0,0,0,0,43,0,0,0,0,0,1,1,45,49,0,0,4,4,0,0,0,0,0,0,0,0,0,0,0,0,0,0,0,0,0,0
อุบลราชธานี,2,อำเภอเขื่องใน,ตำบลสร้างถ่อ,8,party_list,250,,240,160,0,,,80,18,18,0,18,0,0,0,0,0,0,0,0,3,3,0,0,2,2,13,0,0,0,0,0,0,0,0,0,0,0,0,0,0,0,0,0,0,0,0,0,0,0,0,0,0,0,0,0,0,0,0,0,0,0,0,0,0,0,0,0,0,0,0,0,0,0,0,0,0,0,0,0,0,0,0,0,0,0,0,0,0,0,0,0,0,0,0,0,0,0,0,0,0,0,0,0,0,0,0,0,0,0,0,0,0,0,0,0,0,0,0,0,0,0,0,0,0,0
อุบลราชธานี,2,อำเภอเขื่องใน,ตำบลสหธาตุ,2,party_list,393,235,380,235,206,23,6,145,266,266,206,60,8,8,2,2,1,1,0,0,12,12,2,2,0,0,1,1,32,32,0,0,13,13,1,1,1,1,0,0,0,0,0,0,0,0,0,0,1,1,1,1,33,33,1,1,0,0,4,4,1,1,13,13,1,1,1,1,0,0,0,0,1,1,1,1,0,0,1,1,0,0,0,0,91,0,0,0,0,0,0,0,0,0,28,28,0,0,0,0,0,0,15,15,0,0,0,0,0,0,0,0,0,0,0,0,0,0,0,0,0,0,0,0,0,0
อุบลราชธานี,2,อำเภอเขื่องใน,ตำบลสหธาตุ,6,party_list,295,180,280,180,169,9,2,100,241,241,169,72,2,2,2,2,1,1,5,5,0,0,0,0,1,1,7,7,1,1,1,1,0,0,0,0,0,0,0,0,0,0,0,0,0,0,0,0,0,0,0,0,0,0,0,0,0,0,0,0,0,0,0,0,0,0,0,0,0,0,0,0,0,0,0,0,0,0,0,0,0,0,0,0,0,0,0,0,0,0,0,0,0,0,14,0,2,0,0,0,0,0,30,0,2,0,0,0,1,0,1,0,0,0,0,0,1,0,0,0,1,0,0,0,169,0
อุบลราชธานี,2,อำเภอเขื่องใน,ตำบลสหธาตุ,7,party_list,194,131,180,131,171,8,2,49,87,87,171,-84,4,4,1,1,0,0,1,1,3,3,3,3,0,0,1,1,9,9,0,0,1,1,0,0,0,0,0,0,0,0,0,0,0,0,0,0,0,0,1,1,51,0,0,0,0,0,2,2,4,3,0,0,3,3,0,0,1,1,1,1,0,0,0,0,1,1,0,0,0,0,0,0,0,0,0,0,0,0,0,0,0,0,0,0,0,0,0,0,0,0,0,0,0,0,0,0,0,0,0,0,0,0,0,0,0,0,0,0,0,0,0,0,0,0
อุบลราชธานี,2,อำเภอเขื่องใน,ตำบลหนองเหล่า,1,party_list,471,335,460,335,317,15,3,125,319,319,317,2,40,40,5,5,1,1,1,1,12,12,2,2,0,0,3,3,17,17,1,1,92,92,0,0,0,0,0,0,0,0,0,0,0,0,0,0,0,0,0,0,0,0,0,0,0,0,31,0,0,0,0,0,0,0,0,0,0,0,0,0,0,0,0,0,0,0,0,0,0,0,1,1,29,29,0,0,0,0,0,0,0,0,43,43,0,0,0,0,0,0,36,36,0,0,2,2,2,2,1,1,0,0,0,0,0,0,0,0,0,0,0,0,0,0
อุบลราชธานี,2,อำเภอเขื่องใน,ตำบลหนองเหล่า,10,party_list,49,291,440,291,272,15,4,149,272,272,272,0,13,3,4,0,1,1,3,3,13,3,2,2,0,0,4,4,16,16,1,1,12,0,4,0,3,3,0,0,0,0,0,0,2,2,0,0,1,1,0,0,55,55,1,1,1,1,2,2,3,3,0,0,34,34,0,0,0,0,0,0,0,0,4,4,2,2,1,1,0,0,1,1,18,18,1,1,0,0,1,1,0,0,26,26,1,1,0,0,0,0,40,40,0,0,1,1,0,0,0,0,0,0,0,0,0,0,0,0,1,1,0,0,0,0
อุบลราชธานี,2,อำเภอเขื่องใน,ตำบลหนองเหล่า,2,party_list,607,426,600,426,392,22,12,1787,390,390,392,-2,8,8,6,6,0,0,1,1,12,12,6,6,0,0,8,8,40,40,0,0,18,0,4,0,4,0,0,0,1,0,1,0,2,2,0,0,0,0,0,0,84,0,0,0,1,0,2,2,1,0,1,0,26,0,1,0,1,0,0,0,0,0,0,0,1,0,2,0,0,0,0,0,50,1,0,3,0,3,0,3,0,3,30,3,3,3,0,3,0,3,69,0,0,3,1,1,1,1,2,2,0,3,0,3,0,3,1,1,1,1,0,3,1,1
อุบลราชธานี,2,อำเภอเขื่องใน,ตำบลหนองเหล่า,3,party_list,570,387,560,387,360,24,0,193,316,316,360,-44,9,0,4,0,1,0,0,0,23,0,7,0,1,0,6,0,9,0,4,0,12,0,4,0,2,0,0,0,0,0,2,0,1,0,0,0,0,0,1,0,103,0,0,0,1,0,2,0,0,0,0,0,41,0,1,0,2,0,0,0,2,0,0,0,0,0,0,0,1,0,1,0,0,0,0,0,0,0,0,0,0,0,18,0,0,0,0,0,0,0,56,0,0,0,0,0,0,0,1,0,0,0,0,0,0,0,1,0,0,0,0,0,0,0
อุบลราชธานี,2,อำเภอเขื่องใน,ตำบลหนองเหล่า,4,party_list,452,299,440,299,280,11,8,141,280,280,280,0,12,12,1,1,2,2,3,3,9,9,2,2,0,0,5,5,30,30,1,1,6,6,3,3,4,4,1,1,1,1,2,2,0,0,0,0,0,0,1,1,53,53,2,2,0,0,2,2,0,0,0,0,20,0,0,0,0,0,3,3,0,0,1,1,0,0,2,2,0,0,0,0,17,0,0,0,1,1,0,0,3,3,35,35,1,1,0,0,0,0,50,50,1,1,3,3,2,2,0,0,1,1,0,0,0,0,0,0,0,0,0,0,0,0
อุบลราชธานี,2,อำเภอเขื่องใน,ตำบลหนองเหล่า,6,party_list,40,262,420,262,234,15,13,158,168,168,234,-66,10,0,10,0,5,0,3,3,6,0,5,0,0,0,1,0,19,0,2,2,1,1,1,1,3,3,3,3,3,3,3,3,3,3,3,3,3,3,3,3,3,3,1,1,3,3,3,3,3,3,1,1,1,1,1,1,1,1,1,1,1,1,3,3,3,3,1,1,0,0,0,0,15,0,0,0,0,0,1,0,0,0,0,0,0,0,0,0,0,0,37,0,0,0,0,0,0,0,0,0,0,0,1,0,0,0,0,0,0,0,0,0,1,0
อุบลราชธานี,2,อำเภอเขื่องใน,ตำบลหัวดอน,1,party_list,,,,,,,,,189,189,0,189,0,0,0,0,0,0,0,0,0,0,0,0,0,0,0,0,0,0,0,0,6,6,0,0,2,2,0,0,0,0,0,0,1,1,0,0,0,0,0,0,85,85,0,0,0,0,0,0,1,1,0,0,8,8,0,0,0,0,0,0,0,0,0,0,0,0,0,0,0,0,0,0,17,0,0,0,0,0,0,0,0,0,21,0,0,0,0,0,0,0,38,38,3,3,3,3,2,2,0,0,1,1,0,0,0,0,0,0,1,1,0,0,0,0
อุบลราชธานี,2,อำเภอเขื่องใน,ตำบลหัวดอน,10,party_list,608,399,600,399,370,16,13,20,378,378,370,8,8,8,10,10,10,10,2,2,9,9,0,0,10,10,91,0,1,1,0,0,24,0,2,0,1,1,0,0,0,0,0,0,1,1,0,0,1,1,0,0,23,0,0,0,1,1,3,3,0,0,0,0,20,0,1,1,0,0,3,3,2,2,1,1,1,1,0,0,0,0,0,0,27,0,1,1,0,0,0,0,0,0,38,0,0,0,0,0,0,0,85,0,0,0,1,1,1,1,0,0,0,0,0,0,0,0,0,0,0,0,0,0,0,0
อุบลราชธานี,2,อำเภอเขื่องใน,ตำบลหัวดอน,11,party_list,478,350,460,350,329,13,8,110,324,324,329,-5,4,0,2,0,3,0,1,0,13,0,5,0,0,0,2,0,19,0,0,0,23,0,2,0,1,0,0,0,0,0,1,0,0,0,0,0,0,0,0,0,67,0,0,0,0,0,0,0,1,0,0,0,43,0,0,0,0,0,1,0,0,0,1,0,4,0,0,0,0,0,1,0,23,0,0,0,1,0,0,0,1,0,42,0,3,0,0,0,0,0,54,0,0,0,3,0,0,0,0,0,0,0,0,0,0,0,1,0,0,0,0,0,2,0
อุบลราชธานี,2,อำเภอเขื่องใน,ตำบลหัวดอน,2,party_list,331,222,320,222,202,12,8,98,198,198,202,-4,3,3,2,2,0,0,0,0,8,8,3,3,0,0,0,0,22,22,1,1,8,8,1,1,0,0,1,1,0,0,0,0,0,0,0,0,0,0,67,0,0,0,0,0,1,1,0,0,0,0,12,12,0,0,0,0,2,2,0,0,0,0,0,0,0,0,0,0,0,0,0,0,11,0,0,0,0,0,0,0,0,0,29,29,0,0,0,0,0,0,27,27,0,0,0,0,0,0,0,0,0,0,0,0,0,0,0,0,0,0,0,0,0,0
อุบลราชธานี,2,อำเภอเขื่องใน,ตำบลหัวดอน,3,party_list,497,279,420,263,263,12,4,141,160,160,263,-103,4,4,4,4,1,1,1,1,5,5,2,2,0,0,1,1,14,14,0,0,5,5,1,1,2,2,1,1,0,0,0,0,0,0,0,0,0,0,0,0,49,49,0,0,0,0,2,2,0,0,1,1,9,9,0,0,0,0,0,0,0,0,0,0,0,0,0,0,0,0,0,0,9,9,0,0,0,0,0,0,0,0,17,0,1,1,0,0,0,0,26,26,0,0,1,1,0,0,0,0,0,0,1,1,1,1,0,0,0,0,0,0,0,0
อุบลราชธานี,2,อำเภอเขื่องใน,ตำบลหัวดอน,4,party_list,644,450,640,450,421,27,12,184,468,468,421,47,11,0,2,2,0,0,1,1,6,6,2,2,0,0,1,1,88,88,4,4,32,32,16,0,4,0,0,0,0,0,1,0,0,0,0,0,0,0,0,0,63,63,0,0,0,0,2,0,1,0,0,0,32,32,0,0,1,0,2,0,0,0,0,0,0,0,0,0,0,0,0,0,41,0,0,0,0,0,1,1,0,0,50,50,1,1,1,1,1,1,95,95,1,1,3,3,1,1,1,1,0,0,0,0,0,0,0,0,1,1,1,1,1,1
อุบลราชธานี,2,อำเภอเขื่องใน,ตำบลหัวดอน,5,party_list,555,796,540,796,776,13,7,144,576,576,776,-200,3,3,1,1,0,0,0,0,12,12,9,9,0,0,4,4,36,36,1,1,0,0,0,0,0,0,0,0,0,0,0,0,0,0,0,0,0,0,0,0,0,0,0,0,0,0,0,0,0,0,0,0,0,0,0,0,0,0,0,0,0,0,0,0,0,0,0,0,1,0,0,0,32,32,1,0,0,0,0,0,0,0,31,0,0,0,0,0,63,63,1,0,1,0,1,0,2,2,0,0,0,0,0,0,0,0,0,0,1,1,0,0,376,376
อุบลราชธานี,2,อำเภอเขื่องใน,ตำบลหัวดอน,6,party_list,528,323,520,323,297,22,4,197,302,302,297,5,10,0,3,3,2,3,3,3,10,3,5,3,0,3,1,1,64,64,1,1,19,0,2,0,6,0,0,0,0,0,0,0,0,0,0,0,0,0,38,0,1,1,0,0,4,0,0,0,1,1,9,0,0,0,1,1,1,1,1,0,0,0,0,0,0,0,0,0,1,1,0,0,21,0,1,1,0,0,0,0,0,0,46,48,1,1,0,0,0,0,48,48,0,0,0,0,1,1,1,1,0,0,0,0,0,0,0,0,0,0,0,0,0,0
อุบลราชธานี,2,อำเภอเขื่องใน,ตำบลหัวดอน,9,party_list,980,,780,515,481,22,12,265,381,381,481,-100,12,12,9,9,2,2,2,2,21,0,9,9,1,1,2,2,39,39,3,3,13,13,2,2,1,1,0,0,0,0,1,1,0,0,0,0,0,0,1,1,17,17,0,0,0,0,2,2,8,8,2,2,66,66,1,1,1,1,1,1,1,1,0,0,1,1,2,2,1,1,0,0,44,44,0,0,0,0,0,0,1,1,43,43,1,1,0,0,1,1,61,0,0,0,1,1,1,1,4,4,0,0,0,0,0,0,0,0,0,0,3,3,0,0
อุบลราชธานี,2,อำเภอเขื่องใน,ตำบลแดงหม้อ,4,party_list,280,176,280,176,169,4,3,104,175,175,169,6,3,3,0,0,0,0,0,0,10,10,3,3,0,0,0,0,12,12,0,0,5,0,0,0,0,0,0,0,1,1,0,0,0,0,0,0,0,0,0,0,82,82,1,1,0,0,0,0,0,0,0,0,12,12,0,0,0,0,0,0,0,0,0,0,0,0,0,0,0,0,0,0,10,0,0,0,0,0,0,0,0,0,7,0,0,0,0,0,0,0,27,0,0,0,0,0,1,0,1,1,0,0,0,0,0,0,0,0,0,0,0,0,0,0
อุบลราชธานี,2,อำเภอเขื่องใน,ตำบลแดงหม้อ,5,party_list,406,244,400,244,236,,,156,151,151,236,-85,0,0,2,0,1,0,2,0,4,0,5,0,0,0,1,0,19,0,0,0,0,0,0,0,0,0,0,0,0,0,0,0,0,0,0,0,0,0,0,0,0,0,0,0,0,0,0,0,0,0,0,0,0,0,0,0,0,0,0,0,0,0,0,0,0,0,0,0,0,0,0,0,0,0,0,0,0,0,0,0,0,0,0,0,0,0,0,0,0,0,0,0,0,0,0,0,0,0,0,0,0,0,0,0,0,0,0,0,0,0,0,0,0,0
อุบลราชธานี,2,อำเภอเขื่องใน,ตำบลโนนรัง,3,party_list,527,308,520,308,290,11,7,212,376,376,290,86,14,14,2,2,0,0,1,1,6,6,2,2,0,0,3,3,209,209,0,0,0,0,0,0,0,0,0,0,0,0,0,0,0,0,0,0,0,0,0,0,0,0,0,0,0,0,0,0,0,0,0,0,0,0,0,0,0,0,0,0,0,0,0,0,0,0,0,0,0,0,0,0,34,34,0,0,0,0,1,0,1,0,55,55,0,0,0,0,0,0,39,39,0,0,5,0,0,0,1,0,0,0,0,0,1,1,1,0,1,0,0,0,0,0
อุบลราชธานี,2,เขต 2 อ.เมืองฯ,ตำบลหนองขอน,1,party_list,476,298,420,298,277,14,7,122,284,284,277,7,9,9,4,4,0,0,2,2,3,3,4,4,0,0,1,1,49,49,0,0,6,6,0,0,4,4,0,0,0,0,1,1,0,0,0,0,0,0,0,0,32,32,0,0,0,0,0,0,1,1,1,1,1,1,0,0,1,1,1,1,0,0,1,1,1,1,1,1,0,0,0,0,26,26,1,1,0,0,0,0,0,0,33,33,1,1,0,0,0,0,65,65,0,0,5,5,0,0,1,1,0,0,1,1,0,0,0,0,1,1,0,0,27,27
อุบลราชธานี,2,เขต 2 อ.เมืองฯ,ตำบลหนองขอน,2,party_list,604,477,600,477,411,33,33,123,419,419,411,8,21,0,4,4,2,2,4,4,10,10,8,8,0,0,2,2,69,69,6,6,10,10,2,2,5,5,1,1,0,0,3,3,1,1,0,0,0,0,0,0,53,53,0,0,0,0,1,1,1,1,0,0,23,3,1,1,0,0,0,0,0,0,0,0,2,2,2,2,1,1,1,1,26,0,0,0,0,0,0,0,1,1,59,59,6,6,0,0,0,0,88,808,0,0,2,2,0,0,0,0,2,2,0,0,0,0,1,1,0,0,1,1,0,0
อุบลราชธานี,2,เขต 2 อ.เมืองฯ,ตำบลหนองขอน,3,party_list,425,279,420,349,314,19,16,71,312,312,314,-2,5,5,12,12,3,3,1,1,25,25,8,8,1,1,2,2,37,37,0,0,21,0,0,0,0,0,0,0,0,0,1,1,0,0,0,0,0,0,0,0,60,60,0,0,0,0,2,2,0,0,11,0,0,0,1,1,0,0,0,0,2,2,3,3,0,0,0,0,1,1,0,0,39,39,0,0,0,0,0,0,1,1,12,12,2,2,1,1,1,1,51,0,1,1,3,3,2,2,1,1,0,0,1,1,0,0,0,0,1,1,0,0,0,0
อุบลราชธานี,2,เขต 2 อ.เมืองฯ,ตำบลหนองขอน,4,party_list,400,960,410,350,270,18,92,70,203,203,270,-67,0,0,9,9,44,44,0,0,10,10,5,5,0,0,0,0,2,2,1,1,0,0,0,0,0,0,0,0,0,0,0,0,0,0,0,0,0,0,0,0,0,0,0,0,0,0,0,0,0,0,0,0,8,8,0,0,0,0,0,0,0,0,0,0,0,0,0,0,0,0,44,44,0,0,0,0,0,0,0,0,0,0,27,27,1,1,0,0,0,0,41,0,0,0,6,6,1,1,0,0,1,1,0,0,0,0,0,0,1,1,0,0,0,0
อุบลราชธานี,2,เขต 2 อ.เมืองฯ,ตำบลหนองขอน,6,party_list,474,351,460,351,323,16,12,109,245,245,323,-78,0,0,2,2,0,0,0,0,6,6,0,0,0,0,74,74,2,2,0,0,0,0,0,0,0,0,0,0,0,0,0,0,0,0,0,0,0,0,0,0,0,0,0,0,0,0,0,0,0,0,0,0,0,0,0,0,0,0,0,0,0,0,0,0,2,2,0,0,0,0,0,0,39,39,2,2,0,0,0,0,0,0,20,20,1,1,0,0,0,0,72,72,1,1,2,2,1,1,0,0,0,0,0,0,0,0,0,0,0,0,0,0,0,0
อุบลราชธานี,2,เขต 2 อ.เมืองฯ,ตำบลหนองขอน,7,party_list,579,272,510,272,251,17,29,168,259,259,251,8,0,0,0,0,31,0,0,0,0,0,0,0,0,0,0,0,0,0,0,0,16,0,0,0,1,0,0,0,1,0,0,0,0,0,0,0,0,0,0,0,0,0,0,0,0,0,0,0,0,0,0,0,1,0,0,0,0,0,0,0,0,0,0,0,0,0,0,0,0,0,0,0,0,0,4,0,0,0,0,0,0,0,0,0,1,0,0,0,0,0,0,0,0,0,0,0,0,0,0,0,0,0,0,0,0,0,0,0,0,0,0,0,0,0
อุบลราชธานี,2,เขต 2 อ.เมืองฯ,ตำบลหนองขอน,8,party_list,,,,,,,,,136,136,0,136,0,0,0,0,0,0,0,0,0,0,0,0,0,0,0,0,0,0,0,0,0,0,0,0,0,0,0,0,0,0,0,0,0,0,0,0,0,0,0,0,0,0,0,0,0,0,0,0,0,0,0,0,0,0,0,0,0,0,0,0,0,0,0,0,0,0,0,0,0,0,0,0,36,0,1,0,0,0,0,0,0,0,0,0,0,0,0,0,0,0,98,0,0,0,1,0,0,0,0,0,0,0,0,0,0,0,0,0,0,0,0,0,0,0
อุบลราชธานี,2,เขต 2 อ.เมืองฯ,ตำบลหนองขอน,9,party_list,290,516,316,303,22,29,196,17,16,16,22,-6,1,0,0,0,0,0,0,0,0,0,0,0,0,0,0,0,0,0,0,0,0,0,0,0,0,0,0,0,1,1,0,0,0,0,1,1,0,0,0,0,0,0,0,0,0,0,0,0,0,0,0,0,1,1,0,0,0,0,0,0,0,0,0,0,1,0,0,0,0,0,1,1,1,1,0,0,0,0,1,1,0,0,0,0,1,1,0,0,0,0,1,1,0,0,0,0,0,0,0,0,0,0,0,0,0,0,0,0,0,0,1,1,0,0
อุบลราชธานี,2,เขตไร่น้อย,เขตไร่น้อย,1,party_list,703,513,700,513,468,20,25,187,594,594,468,126,129,0,6,0,7,0,4,0,2,0,9,0,3,0,3,0,90,0,2,0,20,0,3,0,3,0,1,0,0,0,1,0,1,0,0,0,0,0,0,0,49,0,1,0,0,0,0,0,0,0,0,0,12,0,2,0,3,0,0,0,1,0,4,0,0,0,0,0,0,0,1,0,59,0,0,0,0,0,0,0,0,0,4,0,5,0,0,0,0,0,160,0,0,0,4,0,3,0,1,0,0,0,0,0,0,0,0,0,0,0,0,0,1,0
อุบลราชธานี,2,เขตไร่น้อย,เขตไร่น้อย,11,party_list,497,974,480,374,281,27,26,146,284,284,281,3,8,8,8,8,1,1,1,1,7,7,8,8,1,1,1,1,51,0,0,0,0,0,0,0,0,0,0,0,0,0,0,0,0,0,0,0,0,0,0,0,0,0,0,0,0,0,0,0,0,0,0,0,0,0,0,0,0,0,0,0,0,0,0,0,0,0,0,0,1,1,0,0,94,34,0,0,0,0,3,3,1,1,4,4,0,0,0,0,0,0,80,80,1,1,4,4,1,1,1,1,0,0,0,0,0,0,0,0,0,0,7,1,1,1
อุบลราชธานี,2,เขตไร่น้อย,เขตไร่น้อย,12,party_list,504,367,500,367,335,17,15,133,171,171,335,-164,5,0,6,0,1,0,20,0,9,0,10,0,0,0,1,0,58,0,3,0,3,0,1,0,0,0,1,0,1,0,0,0,0,0,0,0,0,0,33,0,0,0,1,0,0,0,1,0,0,0,10,0,0,0,4,0,0,0,2,0,1,0,0,0,0,0,0,0,0,0,0,0,0,0,0,0,0,0,0,0,0,0,0,0,0,0,0,0,0,0,0,0,0,0,0,0,0,0,0,0,0,0,0,0,0,0,0,0,0,0,0,0,0,0
อุบลราชธานี,2,เขตไร่น้อย,เขตไร่น้อย,16,party_list,536,427,520,427,392,24,11,93,455,455,392,63,70,0,5,0,0,0,3,0,34,34,3,0,1,1,2,2,64,64,1,1,18,0,1,1,3,3,1,1,1,1,2,2,0,0,0,0,0,0,0,0,104,0,1,1,1,1,2,2,2,2,0,0,5,0,0,0,0,0,0,0,0,0,0,0,0,0,0,0,1,1,1,1,29,29,0,0,0,0,0,0,2,2,8,8,1,1,0,0,0,0,84,84,0,0,2,2,0,0,2,2,1,1,0,0,0,0,0,0,0,0,0,0,0,0
อุบลราชธานี,2,เขตไร่น้อย,เขตไร่น้อย,17,party_list,540,407,540,407,371,23,13,103,371,371,371,0,11,0,6,6,1,1,3,3,33,33,5,5,0,0,2,2,99,99,3,3,24,0,3,3,3,3,0,0,0,0,5,5,1,1,0,0,0,0,1,1,72,72,0,0,0,0,0,0,0,0,0,0,3,3,1,1,0,0,0,0,1,1,0,0,1,1,0,0,0,0,0,0,21,0,0,0,0,0,0,0,1,0,4,0,2,2,0,0,0,0,60,0,1,1,3,3,1,1,0,0,0,0,0,0,0,0,0,0,0,0,0,0,0,0
อุบลราชธานี,2,เขตไร่น้อย,เขตไร่น้อย,19,party_list,210,154,200,154,139,9,6,46,137,137,139,-2,3,3,1,1,0,0,2,2,8,8,2,2,0,0,0,0,16,16,0,0,0,0,4,1,1,1,1,1,0,0,0,0,0,0,0,0,0,0,0,0,45,0,0,0,0,0,0,0,0,0,0,0,1,1,1,1,0,0,0,0,0,0,0,0,1,1,1,1,1,1,0,0,10,10,0,0,0,0,0,0,0,0,9,9,0,0,0,0,0,0,30,30,0,0,0,0,0,0,0,0,0,0,0,0,0,0,0,0,0,0,0,0,0,0
อุบลราชธานี,2,เขตไร่น้อย,เขตไร่น้อย,2,party_list,694,456,680,456,429,6,27,224,487,487,429,58,1,1,3,3,0,0,0,0,0,0,7,7,0,0,0,0,57,57,5,5,76,0,1,0,5,0,0,0,0,0,0,0,0,0,1,0,0,0,0,0,27,0,0,0,0,0,0,0,0,0,0,0,17,0,1,0,2,0,0,0,1,0,0,0,0,0,0,0,0,0,1,1,58,58,0,0,0,0,0,0,0,0,3,3,0,0,0,0,0,0,215,215,1,1,2,2,2,2,0,0,0,0,0,0,0,0,1,1,0,0,0,0,0,0
อุบลราชธานี,2,เขตไร่น้อย,เขตไร่น้อย,20,party_list,491,346,480,346,312,22,12,234,227,227,312,-85,11,0,6,6,2,2,3,3,16,16,1,1,0,0,0,0,73,0,1,1,0,0,0,0,0,0,0,0,0,0,0,0,0,0,0,0,0,0,0,0,0,0,0,0,0,0,0,0,0,0,0,0,0,0,0,0,0,0,0,0,0,0,0,0,0,0,0,0,0,0,3,3,27,27,2,2,0,0,0,0,0,0,23,23,0,0,2,2,1,1,51,0,0,0,2,2,0,0,0,0,1,1,0,0,0,0,0,0,0,0,1,1,1,1
อุบลราชธานี,2,เขตไร่น้อย,เขตไร่น้อย,21,party_list,484,337,480,337,309,18,10,143,309,309,309,0,12,12,10,10,2,2,3,3,13,13,8,8,0,0,1,1,41,0,1,1,15,15,2,2,3,3,0,0,0,0,1,1,1,1,0,0,0,0,0,0,38,38,1,1,0,0,2,2,0,0,0,0,7,7,0,0,1,1,1,1,0,0,1,1,1,1,2,2,0,0,0,0,34,34,0,0,0,0,0,0,1,1,19,19,1,1,0,0,1,1,79,79,0,0,5,5,1,1,0,0,0,0,1,1,0,0,0,0,0,0,0,0,0,0
อุบลราชธานี,2,เขตไร่น้อย,เขตไร่น้อย,22,party_list,480,319,480,319,273,23,23,161,273,273,273,0,6,0,6,0,1,1,2,2,6,0,6,0,2,2,2,2,46,46,5,5,7,1,1,1,1,1,1,1,0,0,1,1,0,0,0,0,0,0,0,0,21,0,0,0,0,0,1,1,0,0,0,0,11,0,0,0,3,3,0,0,1,1,0,0,0,0,1,1,0,1,1,1,25,25,1,1,0,0,1,1,0,0,20,20,1,1,0,0,1,1,85,85,0,0,3,3,3,3,1,1,0,0,0,0,0,0,0,0,0,0,0,0,0,0
อุบลราชธานี,2,เขตไร่น้อย,เขตไร่น้อย,24,party_list,470,336,460,336,314,10,12,124,271,271,314,-43,0,0,1,1,1,1,1,1,2,2,4,4,0,0,1,1,75,75,0,0,54,0,3,0,0,0,0,0,0,0,1,0,0,0,0,0,0,0,1,0,26,0,0,0,0,0,0,0,0,0,0,0,10,0,0,0,1,0,0,0,0,0,0,0,0,0,0,0,1,1,1,1,49,0,1,1,1,1,1,1,1,1,4,4,1,1,1,1,1,1,11,0,1,1,5,5,3,3,1,1,1,1,1,1,1,1,1,1,1,1,1,1,1,1
อุบลราชธานี,2,เขตไร่น้อย,เขตไร่น้อย,26,party_list,554,,540,403,375,8,20,137,321,321,375,-54,7,7,3,3,0,0,3,3,2,2,2,2,0,0,3,3,68,68,1,1,15,15,3,3,3,3,0,0,0,0,0,0,0,0,0,0,1,1,0,0,22,22,0,0,0,0,1,1,0,0,1,1,13,13,1,1,4,4,0,0,0,0,0,0,0,0,0,0,0,0,0,0,7,7,0,0,0,0,0,0,0,0,0,0,1,1,0,0,0,0,148,0,1,1,7,7,2,2,0,0,0,0,1,1,0,0,0,0,1,1,0,0,0,0
อุบลราชธานี,2,เขตไร่น้อย,เขตไร่น้อย,29,party_list,555,392,555,392,366,4,22,167,386,386,366,20,4,0,5,0,0,0,0,0,5,0,3,0,1,0,2,0,50,0,2,0,12,0,4,0,2,2,0,0,0,0,0,0,0,0,0,0,0,0,0,0,32,32,0,0,0,0,2,2,0,0,0,0,16,0,2,2,0,0,0,0,0,0,0,0,0,0,0,0,0,0,0,0,74,0,0,0,0,0,0,0,1,1,3,3,0,0,0,0,0,0,159,0,0,0,7,0,0,0,0,0,0,0,0,0,0,0,0,0,0,0,0,0,0,0
อุบลราชธานี,2,เขตไร่น้อย,เขตไร่น้อย,3,party_list,690,486,680,486,452,8,26,194,449,449,452,-3,0,0,1,1,0,0,2,30,1,4,16,16,0,0,0,0,67,67,1,1,9,9,1,1,1,1,0,0,0,0,0,0,0,0,0,0,0,0,0,0,24,44,0,0,1,1,0,0,0,0,0,0,23,33,0,0,3,3,1,1,1,1,2,2,0,0,0,0,3,3,0,1,69,69,0,0,0,0,0,0,0,0,3,3,1,1,0,0,0,0,211,0,0,0,5,5,1,1,0,0,0,0,0,0,0,0,0,0,0,0,0,0,2,2
อุบลราชธานี,2,เขตไร่น้อย,เขตไร่น้อย,30,party_list,548,393,548,393,366,3,24,155,395,395,366,29,3,3,3,3,0,0,0,0,1,0,12,0,1,0,0,0,43,0,1,0,9,9,2,2,1,1,0,0,3,3,3,3,3,3,3,3,3,3,3,3,1,1,3,3,3,3,3,3,3,3,3,3,1,1,3,3,4,4,3,3,3,3,3,3,3,3,3,3,0,0,1,0,48,0,6,0,0,0,0,0,0,0,2,0,0,0,0,0,1,0,198,0,0,0,6,0,0,0,0,0,0,0,0,0,0,0,0,0,0,0,0,0,0,0
อุบลราชธานี,2,เขตไร่น้อย,เขตไร่น้อย,31,party_list,524,388,520,388,361,16,11,132,361,361,361,0,8,8,7,7,5,5,1,1,23,23,6,6,0,0,0,0,45,45,0,0,12,0,4,0,2,2,0,0,0,0,0,0,0,0,0,0,0,0,0,0,82,0,1,1,0,0,1,1,2,2,0,0,10,0,0,0,1,1,0,0,2,2,1,1,0,0,0,0,0,0,0,0,28,28,0,0,0,0,0,0,1,1,13,0,2,2,0,0,0,0,98,98,0,0,4,4,2,2,0,0,0,0,0,0,0,0,0,0,0,0,0,0,0,0
อุบลราชธานี,2,เขตไร่น้อย,เขตไร่น้อย,32,party_list,482,349,480,349,322,11,16,131,342,342,322,20,13,13,2,2,0,0,3,3,8,8,7,7,2,2,3,3,63,63,1,1,16,16,2,2,5,5,0,0,0,0,2,2,1,1,0,0,1,1,0,0,53,0,0,0,0,0,1,1,0,0,2,2,8,8,1,1,1,1,1,1,1,1,2,2,1,1,0,0,0,0,1,1,27,27,2,2,0,0,0,0,0,0,6,6,0,0,0,0,0,0,93,0,2,2,4,4,1,1,0,0,0,0,0,0,0,0,0,0,0,0,0,0,1,1
อุบลราชธานี,2,เขตไร่น้อย,เขตไร่น้อย,33,party_list,481,335,420,335,304,7,24,145,300,300,304,-4,3,3,3,3,1,1,0,0,10,10,12,12,1,1,6,6,49,49,3,3,4,8,0,0,6,0,0,0,0,0,1,1,1,1,0,0,1,1,0,0,31,0,0,0,0,0,1,1,0,0,0,0,15,15,0,0,1,1,0,0,1,1,0,0,0,0,2,2,0,0,2,0,32,0,0,0,0,0,0,0,0,0,4,4,2,2,0,0,0,0,98,98,1,1,7,7,2,2,0,0,0,0,0,0,0,0,0,0,0,0,0,0,0,0
อุบลราชธานี,2,เขตไร่น้อย,เขตไร่น้อย,34,party_list,540,354,540,354,315,11,28,186,315,315,315,0,6,6,9,9,2,2,0,0,5,5,5,5,1,1,2,2,69,69,3,3,12,12,3,3,4,4,0,0,1,1,1,1,1,1,0,0,0,0,0,0,33,0,0,0,0,0,0,0,1,1,1,1,8,8,2,2,5,5,0,0,1,1,0,0,0,0,1,1,2,2,0,0,28,0,2,2,0,0,0,0,0,0,10,10,0,0,0,0,0,0,94,94,0,0,2,2,1,1,0,0,0,0,0,0,0,0,0,0,0,0,0,0,0,0
อุบลราชธานี,2,เขตไร่น้อย,เขตไร่น้อย,36,party_list,538,394,520,394,349,10,35,126,349,349,349,0,0,0,0,0,0,0,0,0,0,0,0,0,0,0,2,2,28,208,0,0,5,5,0,0,0,0,0,0,0,0,0,0,0,0,0,0,0,0,0,0,96,96,0,0,0,0,0,0,0,0,0,0,8,8,0,0,0,0,0,0,0,0,0,0,0,0,0,0,0,0,0,0,18,18,0,0,0,0,0,0,0,0,101,0,3,3,0,0,0,0,88,88,0,0,0,0,0,0,0,0,0,0,0,0,0,0,0,0,0,0,0,0,0,0
อุบลราชธานี,2,เขตไร่น้อย,เขตไร่น้อย,37,party_list,,,,,,,,,861,861,0,861,0,0,0,0,0,0,0,0,0,0,0,0,0,0,0,0,0,0,0,0,60,60,9,9,0,0,0,0,0,0,0,0,0,0,0,0,0,0,93,93,9,9,0,0,0,0,0,0,0,0,60,60,0,0,9,9,0,0,0,0,0,0,9,9,9,9,9,9,0,0,0,0,45,45,0,0,0,0,0,0,0,0,6,6,0,0,0,0,0,0,178,0,1,1,0,0,2,2,0,0,0,0,0,0,0,0,0,0,0,0,1,1,361,0
อุบลราชธานี,2,เขตไร่น้อย,เขตไร่น้อย,38,party_list,684,493,680,493,439,24,30,187,616,616,439,177,0,0,0,0,0,0,0,0,0,0,0,0,0,0,0,0,0,0,0,0,0,0,0,0,0,0,0,0,0,0,0,0,0,0,0,0,0,0,0,0,0,0,0,0,0,0,0,0,0,0,0,0,0,0,0,0,0,0,0,0,0,0,0,0,0,0,0,0,1,1,1,1,48,48,2,2,0,0,0,0,0,0,3,3,2,2,0,0,0,0,116,0,0,0,0,0,0,0,1,1,0,0,0,0,0,0,0,0,0,0,0,0,442,442
อุบลราชธานี,2,เขตไร่น้อย,เขตไร่น้อย,39,party_list,687,501,680,501,460,12,29,179,460,460,460,0,0,0,6,6,0,0,0,0,7,7,9,9,1,1,2,2,56,56,0,0,15,0,2,2,1,1,0,0,0,0,3,3,0,0,0,0,1,1,0,0,53,0,0,0,0,0,0,0,1,1,0,0,20,40,1,1,0,0,0,0,1,1,0,0,1,1,0,0,1,1,0,0,60,0,0,0,0,0,0,0,0,0,3,3,2,2,3,3,0,0,205,205,1,1,3,3,1,1,0,0,0,0,0,0,0,0,0,0,1,1,0,0,0,0
อุบลราชธานี,2,เขตไร่น้อย,เขตไร่น้อย,4,party_list,540,77,540,378,347,11,20,162,287,287,347,-60,7,7,4,4,2,2,1,1,2,2,9,9,1,1,2,2,78,78,1,1,0,0,0,0,0,0,0,0,0,0,0,0,0,0,0,0,0,0,0,0,0,0,0,0,0,0,0,0,0,0,0,0,0,0,0,0,0,0,0,0,0,0,0,0,0,0,0,0,0,0,0,0,59,0,2,2,0,0,0,0,0,0,12,12,3,3,0,0,0,0,99,0,0,0,2,2,2,2,0,0,0,0,0,0,0,0,0,0,0,0,0,0,1,1
อุบลราชธานี,2,เขตไร่น้อย,เขตไร่น้อย,40,party_list,651,427,640,427,384,383,10,213,384,384,384,0,2,0,8,8,1,1,0,0,1,1,13,13,0,0,0,0,79,79,3,3,15,0,1,1,2,2,1,1,2,2,1,1,0,0,0,0,0,0,1,1,56,56,0,0,0,0,0,0,0,0,0,0,17,17,2,2,2,2,0,0,0,0,0,0,0,0,1,1,0,0,0,0,12,12,0,0,0,0,0,0,1,1,5,5,1,1,0,0,1,1,150,0,0,0,5,5,1,1,0,0,0,0,0,0,0,0,0,0,0,0,0,0,0,0
อุบลราชธานี,2,เขตไร่น้อย,เขตไร่น้อย,41,party_list,648,450,640,450,413,9,28,190,415,415,413,2,3,3,4,4,1,1,1,1,2,2,7,7,1,1,2,2,56,56,1,1,18,18,0,0,2,2,0,0,1,1,0,0,0,0,0,0,1,1,1,1,28,28,0,0,0,0,0,0,0,0,0,0,14,14,1,1,5,5,1,1,0,0,0,0,0,0,1,1,1,1,0,0,79,79,0,0,0,0,1,1,0,0,2,2,0,0,0,0,0,0,176,0,0,0,1,1,1,1,0,0,1,1,0,0,1,1,0,0,1,1,0,0,0,0
อุบลราชธานี,2,เขตไร่น้อย,เขตไร่น้อย,42,party_list,700,453,620,453,473,11,10,107,386,386,473,-87,2,2,1,1,5,5,0,0,2,2,8,8,0,0,1,1,98,98,1,1,14,0,6,0,2,2,0,0,0,0,1,1,0,0,0,0,0,0,0,0,4,0,3,3,0,0,1,1,0,0,0,0,18,0,0,0,2,2,0,0,1,1,0,0,1,1,1,1,2,2,0,0,61,0,2,2,0,0,1,1,1,1,8,8,0,0,0,0,0,0,133,0,1,1,4,4,1,1,0,0,0,0,0,0,0,0,0,0,0,0,0,0,0,0
อุบลราชธานี,2,เขตไร่น้อย,เขตไร่น้อย,43,party_list,227,446,620,446,419,10,17,174,408,408,419,-11,2,2,4,4,0,0,1,0,5,5,8,8,0,0,0,0,81,0,4,4,11,0,4,3,3,3,0,1,0,1,1,1,0,1,0,1,0,1,0,1,44,44,0,1,0,1,0,1,0,1,0,1,7,0,1,1,2,2,0,1,0,1,0,1,0,1,1,1,0,1,66,66,0,0,0,0,0,0,0,0,0,0,6,6,0,0,0,0,0,0,148,0,0,0,7,7,2,2,0,0,0,0,0,0,0,0,0,0,0,0,0,0,0,0
อุบลราชธานี,2,เขตไร่น้อย,เขตไร่น้อย,44,party_list,511,370,500,370,325,29,16,130,178,178,325,-147,3,3,1,1,1,1,3,3,6,6,8,8,0,0,0,0,49,49,3,3,19,0,1,0,2,0,0,0,0,0,0,0,0,0,0,0,0,0,0,0,60,0,0,0,0,0,0,0,0,0,0,0,7,7,0,0,2,0,0,0,0,0,1,0,0,0,0,0,0,0,0,0,0,0,1,1,0,0,0,0,1,1,9,9,1,1,0,0,0,0,0,0,0,0,0,0,0,0,0,0,0,0,0,0,0,0,0,0,0,0,0,0,0,0
อุบลราชธานี,2,เขตไร่น้อย,เขตไร่น้อย,45,party_list,511,350,500,350,330,7,13,150,338,338,330,8,1,1,1,1,0,0,0,3,1,1,3,3,0,3,0,3,41,0,2,2,9,0,1,1,0,0,0,0,0,0,1,1,0,0,0,0,0,0,1,1,31,0,0,0,0,0,0,0,0,0,9,9,0,0,0,0,9,9,0,0,0,0,1,1,0,0,0,0,0,0,0,0,49,0,0,0,0,0,0,0,0,0,2,0,0,0,0,0,0,0,166,0,1,0,6,0,2,0,0,0,0,0,0,0,0,0,0,0,0,0,0,0,1,0
อุบลราชธานี,2,เขตไร่น้อย,เขตไร่น้อย,5,party_list,733,253,720,253,229,4,20,467,229,229,229,0,2,2,4,4,2,2,1,1,1,1,2,2,3,3,0,0,29,29,10,10,10,0,5,5,3,3,1,1,0,0,2,2,0,0,0,0,0,0,0,0,3,3,0,0,0,0,1,1,0,0,0,0,5,5,2,2,2,2,1,1,1,1,0,0,1,1,0,0,2,2,1,1,22,22,0,0,0,0,1,1,0,0,2,2,0,0,0,0,0,0,108,0,0,0,0,0,0,0,0,0,0,0,0,0,0,0,0,0,0,0,1,1,1,1
อุบลราชธานี,2,เขตไร่น้อย,เขตไร่น้อย,7,party_list,498,344,480,344,326,9,9,136,311,311,326,-15,5,5,3,3,1,1,0,0,3,3,3,3,0,0,1,1,66,66,4,4,8,8,0,0,1,1,0,0,0,0,0,0,1,1,0,0,0,0,0,0,37,0,0,0,0,0,0,0,0,0,0,0,0,0,0,0,1,1,0,0,1,1,0,0,0,0,0,0,0,0,0,0,46,0,0,0,0,0,0,0,0,0,13,0,1,1,0,0,0,0,111,0,0,0,4,4,0,0,0,0,0,0,0,0,0,0,0,0,0,0,0,0,1,1
อุบลราชธานี,2,เขตไร่น้อย,เขตไร่น้อย,8,party_list,505,353,500,353,334,7,12,147,350,350,334,16,73,0,1,1,0,0,9,0,3,3,3,3,3,3,2,2,60,60,1,1,0,0,0,0,0,0,0,0,0,0,0,0,0,0,0,0,0,0,0,0,0,0,0,0,0,0,0,0,0,0,0,0,0,0,0,0,0,0,0,0,0,0,0,0,0,0,0,0,0,0,0,0,0,0,0,0,0,0,0,0,0,0,1,1,0,0,0,0,0,0,142,0,0,0,50,6,2,2,0,0,0,0,0,0,0,0,0,0,0,0,0,0,0,0
