province,constituency,amphoe,tambon,unit,form_type,eligible_voters,turnout,ballots_allocated,ballots_used,valid_ballots,spoiled_ballots,abstain_ballots,ballots_remaining,val_total_votes_in_table,val_effective_vote_sum,val_valid_ballots,val_vote_diff,winner_party,winner_votes,election_type,polling_station_id,total_party_votes_at_station,winner_share,rank,runner_up_party,runner_up_votes,runner_up_share,margin_votes,margin_share
อุบลราชธานี,2,ตำบลขี้เหล็ก,ตำบลขี้เหล็ก,1,constituency,402.0,316.0,400.0,316.0,295.0,7.0,14.0,84.0,335,335,295,40,ไทรวมพลัง,195,constituency,อุบลราชธานี|2|ตำบลขี้เหล็ก|ตำบลขี้เหล็ก|1,335,0.582089552238806,1.0,กล้าธรรม,57,0.1701492537313433,138,0.4119402985074627
อุบลราชธานี,2,ตำบลขี้เหล็ก,ตำบลขี้เหล็ก,11,constituency,324.0,274.0,320.0,274.0,257.0,9.0,8.0,46.0,257,257,257,0,ไทรวมพลัง,148,constituency,อุบลราชธานี|2|ตำบลขี้เหล็ก|ตำบลขี้เหล็ก|11,257,0.5758754863813229,1.0,กล้าธรรม,50,0.19455252918287938,98,0.38132295719844356
อุบลราชธานี,2,ตำบลขี้เหล็ก,ตำบลขี้เหล็ก,2,constituency,635.0,472.0,620.0,472.0,453.0,9.0,12.0,148.0,453,453,453,0,ไทรวมพลัง,253,constituency,อุบลราชธานี|2|ตำบลขี้เหล็ก|ตำบลขี้เหล็ก|2,453,0.5584988962472406,1.0,กล้าธรรม,118,0.26048565121412803,135,0.29801324503311255
อุบลราชธานี,2,ตำบลขี้เหล็ก,ตำบลขี้เหล็ก,3,constituency,548.0,443.0,540.0,443.0,401.0,26.0,16.0,97.0,401,401,401,0,ไทรวมพลัง,233,constituency,อุบลราชธานี|2|ตำบลขี้เหล็ก|ตำบลขี้เหล็ก|3,401,0.5810473815461347,1.0,กล้าธรรม,84,0.20947630922693267,149,0.371571072319202
อุบลราชธานี,2,ตำบลขี้เหล็ก,ตำบลขี้เหล็ก,4,constituency,657.0,512.0,640.0,512.0,477.0,14.0,21.0,128.0,469,469,477,-8,ไทรวมพลัง,251,constituency,อุบลราชธานี|2|ตำบลขี้เหล็ก|ตำบลขี้เหล็ก|4,469,0.535181236673774,1.0,กล้าธรรม,117,0.24946695095948826,134,0.2857142857142858
อุบลราชธานี,2,ตำบลขี้เหล็ก,ตำบลขี้เหล็ก,5,constituency,590.0,482.0,580.0,482.0,438.0,18.0,26.0,78.0,438,438,438,0,กล้าธรรม,210,constituency,อุบลราชธานี|2|ตำบลขี้เหล็ก|ตำบลขี้เหล็ก|5,438,0.4794520547945205,1.0,ไทรวมพลัง,115,0.2625570776255708,95,0.21689497716894973
อุบลราชธานี,2,ตำบลขี้เหล็ก,ตำบลขี้เหล็ก,6,constituency,766.0,54.0,760.0,594.0,560.0,16.0,18.0,166.0,560,560,560,0,ไทรวมพลัง,262,constituency,อุบลราชธานี|2|ตำบลขี้เหล็ก|ตำบลขี้เหล็ก|6,560,0.46785714285714286,1.0,กล้าธรรม,202,0.3607142857142857,60,0.10714285714285715
อุบลราชธานี,2,ตำบลขี้เหล็ก,ตำบลขี้เหล็ก,7,constituency,399.0,287.0,380.0,287.0,250.0,14.0,23.0,93.0,248,248,250,-2,กล้าธรรม,86,constituency,อุบลราชธานี|2|ตำบลขี้เหล็ก|ตำบลขี้เหล็ก|7,248,0.3467741935483871,1.0,ไทรวมพลัง,55,0.2217741935483871,31,0.12500000000000003
อุบลราชธานี,2,ตำบลขี้เหล็ก,ตำบลขี้เหล็ก,8,constituency,554.0,465.0,540.0,465.0,444.0,11.0,10.0,75.0,444,444,444,0,ไทรวมพลัง,237,constituency,อุบลราชธานี|2|ตำบลขี้เหล็ก|ตำบลขี้เหล็ก|8,444,0.5337837837837838,1.0,กล้าธรรม,143,0.32207207207207206,94,0.21171171171171171
อุบลราชธานี,2,ตำบลปะอาว,ตำบลปะอาว,1,constituency,267.0,198.0,260.0,198.0,188.0,3.0,7.0,62.0,188,188,188,0,กล้าธรรม,79,constituency,อุบลราชธานี|2|ตำบลปะอาว|ตำบลปะอาว|1,188,0.42021276595744683,1.0,ไทรวมพลัง,64,0.3404255319148936,15,0.07978723404255322
อุบลราชธานี,2,ตำบลปะอาว,ตำบลปะอาว,2,constituency,370.0,293.0,360.0,293.0,252.0,15.0,26.0,67.0,252,252,252,0,กล้าธรรม,105,constituency,อุบลราชธานี|2|ตำบลปะอาว|ตำบลปะอาว|2,252,0.4166666666666667,1.0,ไทรวมพลัง,83,0.32936507936507936,22,0.08730158730158732
อุบลราชธานี,2,ตำบลปะอาว,ตำบลปะอาว,3,constituency,632.0,404.0,620.0,404.0,368.0,17.0,19.0,216.0,368,368,368,0,ไทรวมพลัง,122,constituency,อุบลราชธานี|2|ตำบลปะอาว|ตำบลปะอาว|3,368,0.33152173913043476,1.0,กล้าธรรม,92,0.25,30,0.08152173913043476
อุบลราชธานี,2,ตำบลปะอาว,ตำบลปะอาว,4,constituency,472.0,281.0,440.0,281.0,274.0,2.0,5.0,159.0,274,274,274,0,กล้าธรรม,103,constituency,อุบลราชธานี|2|ตำบลปะอาว|ตำบลปะอาว|4,274,0.3759124087591241,1.0,ไทรวมพลัง,73,0.2664233576642336,30,0.10948905109489049
อุบลราชธานี,2,ตำบลปะอาว,ตำบลปะอาว,5,constituency,754.0,443.0,740.0,443.0,416.0,20.0,7.0,297.0,416,416,416,0,กล้าธรรม,182,constituency,อุบลราชธานี|2|ตำบลปะอาว|ตำบลปะอาว|5,416,0.4375,1.0,ประชาชน,71,0.17067307692307693,111,0.2668269230769231
อุบลราชธานี,2,ตำบลปะอาว,ตำบลปะอาว,6,constituency,477.0,266.0,440.0,266.0,246.0,10.0,10.0,174.0,246,246,246,0,ไทรวมพลัง,108,constituency,อุบลราชธานี|2|ตำบลปะอาว|ตำบลปะอาว|6,245,0.44081632653061226,1.0,กล้าธรรม,78,0.3183673469387755,30,0.12244897959183676
อุบลราชธานี,2,ตำบลปะอาว,ตำบลปะอาว,7,constituency,460.0,319.0,460.0,319.0,291.0,12.0,16.0,141.0,291,291,291,0,ไทรวมพลัง,112,constituency,อุบลราชธานี|2|ตำบลปะอาว|ตำบลปะอาว|7,291,0.3848797250859107,1.0,กล้าธรรม,99,0.3402061855670103,13,0.04467353951890035
อุบลราชธานี,2,ตำบลปะอาว,ตำบลปะอาว,9,constituency,425.0,269.0,420.0,269.0,256.0,10.0,3.0,151.0,326,326,256,70,ไทรวมพลัง,61,constituency,อุบลราชธานี|2|ตำบลปะอาว|ตำบลปะอาว|9,213,0.2863849765258216,1.0,เพื่อไทย,39,0.18309859154929578,22,0.10328638497652584
อุบลราชธานี,2,ตำบลหัวเรือ,ตำบลหัวเรือ,1,constituency,879.0,431.0,560.0,431.0,406.0,10.0,15.0,129.0,406,406,406,0,ไทรวมพลัง,208,constituency,อุบลราชธานี|2|ตำบลหัวเรือ|ตำบลหัวเรือ|1,406,0.5123152709359606,1.0,กล้าธรรม,102,0.2512315270935961,106,0.26108374384236455
อุบลราชธานี,2,ตำบลหัวเรือ,ตำบลหัวเรือ,10,constituency,385.0,,380.0,316.0,307.0,6.0,2.0,64.0,308,308,307,1,ไทรวมพลัง,223,constituency,อุบลราชธานี|2|ตำบลหัวเรือ|ตำบลหัวเรือ|10,308,0.724025974025974,1.0,กล้าธรรม,45,0.1461038961038961,178,0.577922077922078
อุบลราชธานี,2,ตำบลหัวเรือ,ตำบลหัวเรือ,11,constituency,590.0,480.0,580.0,480.0,455.0,9.0,16.0,106.0,455,455,455,0,ไทรวมพลัง,195,constituency,อุบลราชธานี|2|ตำบลหัวเรือ|ตำบลหัวเรือ|11,455,0.42857142857142855,1.0,กล้าธรรม,181,0.3978021978021978,14,0.03076923076923077
อุบลราชธานี,2,ตำบลหัวเรือ,ตำบลหัวเรือ,12,constituency,481.0,403.0,480.0,403.0,389.0,8.0,8.0,23.0,398,398,389,9,ไทรวมพลัง,164,constituency,อุบลราชธานี|2|ตำบลหัวเรือ|ตำบลหัวเรือ|12,398,0.4120603015075377,1.0,กล้าธรรม,159,0.39949748743718594,5,0.012562814070351758
อุบลราชธานี,2,ตำบลหัวเรือ,ตำบลหัวเรือ,13,constituency,418.0,394.0,400.0,374.0,312.0,13.0,9.0,66.0,312,312,312,0,ไทรวมพลัง,142,constituency,อุบลราชธานี|2|ตำบลหัวเรือ|ตำบลหัวเรือ|13,312,0.4551282051282051,1.0,กล้าธรรม,113,0.36217948717948717,29,0.09294871794871795
อุบลราชธานี,2,ตำบลหัวเรือ,ตำบลหัวเรือ,14,constituency,333.0,271.0,320.0,271.0,264.0,4.0,3.0,49.0,264,264,264,0,ไทรวมพลัง,192,constituency,อุบลราชธานี|2|ตำบลหัวเรือ|ตำบลหัวเรือ|14,264,0.7272727272727273,1.0,กล้าธรรม,38,0.14393939393939395,154,0.5833333333333334
อุบลราชธานี,2,ตำบลหัวเรือ,ตำบลหัวเรือ,15,constituency,402.0,92.0,400.0,328.0,309.0,6.0,13.0,72.0,315,315,309,6,ไทรวมพลัง,170,constituency,อุบลราชธานี|2|ตำบลหัวเรือ|ตำบลหัวเรือ|15,315,0.5396825396825397,1.0,กล้าธรรม,80,0.25396825396825395,90,0.2857142857142857
อุบลราชธานี,2,ตำบลหัวเรือ,ตำบลหัวเรือ,2,constituency,584.0,,580.0,475.0,460.0,6.0,9.0,105.0,463,463,460,3,ไทรวมพลัง,242,constituency,อุบลราชธานี|2|ตำบลหัวเรือ|ตำบลหัวเรือ|2,463,0.5226781857451404,1.0,กล้าธรรม,142,0.30669546436285094,100,0.2159827213822894
อุบลราชธานี,2,ตำบลหัวเรือ,ตำบลหัวเรือ,4,constituency,525.0,,520.0,418.0,400.0,10.0,6.0,102.0,400,400,400,0,ไทรวมพลัง,211,constituency,อุบลราชธานี|2|ตำบลหัวเรือ|ตำบลหัวเรือ|4,400,0.5275,1.0,กล้าธรรม,113,0.2825,98,0.245
อุบลราชธานี,2,ตำบลหัวเรือ,ตำบลหัวเรือ,5,constituency,680.0,,680.0,517.0,498.0,12.0,7.0,163.0,498,498,498,0,ไทรวมพลัง,256,constituency,อุบลราชธานี|2|ตำบลหัวเรือ|ตำบลหัวเรือ|5,498,0.5140562248995983,1.0,กล้าธรรม,152,0.30522088353413657,104,0.20883534136546178
อุบลราชธานี,2,ตำบลหัวเรือ,ตำบลหัวเรือ,7,constituency,643.0,,640.0,486.0,461.0,14.0,11.0,154.0,461,461,461,0,ไทรวมพลัง,226,constituency,อุบลราชธานี|2|ตำบลหัวเรือ|ตำบลหัวเรือ|7,461,0.49023861171366595,1.0,กล้าธรรม,148,0.3210412147505423,78,0.16919739696312364
อุบลราชธานี,2,ตำบลหัวเรือ,ตำบลหัวเรือ,8,constituency,385.0,,380.0,316.0,307.0,6.0,2.0,64.0,308,308,307,1,ไทรวมพลัง,223,constituency,อุบลราชธานี|2|ตำบลหัวเรือ|ตำบลหัวเรือ|8,308,0.724025974025974,1.0,กล้าธรรม,45,0.1461038961038961,178,0.577922077922078
อุบลราชธานี,2,ตำบลเขื่องใน,เขตตำบลเขื่องใน,10,constituency,727.0,480.0,920.0,480.0,466.0,14.0,,240.0,416,416,466,-50,กล้าธรรม,239,constituency,อุบลราชธานี|2|ตำบลเขื่องใน|เขตตำบลเขื่องใน|10,416,0.5745192307692307,1.0,ไทรวมพลัง,129,0.31009615384615385,110,0.26442307692307687
อุบลราชธานี,2,ตำบลเขื่องใน,เขตตำบลเขื่องใน,12,constituency,522.0,350.0,520.0,350.0,342.0,7.0,1.0,190.0,342,342,342,0,ไทรวมพลัง,221,constituency,อุบลราชธานี|2|ตำบลเขื่องใน|เขตตำบลเขื่องใน|12,342,0.6461988304093568,1.0,กล้าธรรม,99,0.2894736842105263,122,0.35672514619883045
อุบลราชธานี,2,ตำบลเขื่องใน,เขตตำบลเขื่องใน,7,constituency,405.0,291.0,400.0,291.0,278.0,3.0,10.0,109.0,278,278,278,0,กล้าธรรม,184,constituency,อุบลราชธานี|2|ตำบลเขื่องใน|เขตตำบลเขื่องใน|7,278,0.6618705035971223,1.0,ไทรวมพลัง,61,0.21942446043165467,123,0.44244604316546765
อุบลราชธานี,2,ตำบลเขื่องใน,เขตตำบลเขื่องใน,8,constituency,902.0,608.0,900.0,608.0,587.0,22.0,1.0,292.0,585,585,587,-2,กล้าธรรม,351,constituency,อุบลราชธานี|2|ตำบลเขื่องใน|เขตตำบลเขื่องใน|8,585,0.6,1.0,ไทรวมพลัง,193,0.3299145299145299,158,0.27008547008547007
อุบลราชธานี,2,ตำบลเขื่องใน,เขตตำบลเขื่องใน,9,constituency,136.0,,120.0,104.0,104.0,,,16.0,96,96,104,-8,กล้าธรรม,54,constituency,อุบลราชธานี|2|ตำบลเขื่องใน|เขตตำบลเขื่องใน|9,96,0.5625,1.0,ไทรวมพลัง,34,0.3541666666666667,20,0.20833333333333331
อุบลราชธานี,2,ตำบลเขื่องใน,เขตเทศบาล และนอกเขต,0,constituency,581.0,479.0,580.0,479.0,479.0,10.0,3.0,166.0,406,406,479,-73,กล้าธรรม,217,constituency,อุบลราชธานี|2|ตำบลเขื่องใน|เขตเทศบาล และนอกเขต|0,406,0.5344827586206896,1.0,ไทรวมพลัง,179,0.4408866995073892,38,0.09359605911330043
อุบลราชธานี,2,อำเภอเขื่องใน,ตำบลกลางใหญ่,1,constituency,536.0,283.0,520.0,283.0,263.0,16.0,4.0,237.0,253,253,263,-10,กล้าธรรม,115,constituency,อุบลราชธานี|2|อำเภอเขื่องใน|ตำบลกลางใหญ่|1,253,0.45454545454545453,1.0,ไทรวมพลัง,105,0.4150197628458498,10,0.03952569169960474
อุบลราชธานี,2,อำเภอเขื่องใน,ตำบลกลางใหญ่,10,constituency,373.0,130.0,340.0,130.0,129.0,1.0,2.0,210.0,127,127,129,-2,กล้าธรรม,73,constituency,อุบลราชธานี|2|อำเภอเขื่องใน|ตำบลกลางใหญ่|10,127,0.5748031496062992,1.0,ไทรวมพลัง,32,0.25196850393700787,41,0.3228346456692913
อุบลราชธานี,2,อำเภอเขื่องใน,ตำบลกลางใหญ่,11,constituency,302.0,183.0,300.0,183.0,183.0,0.0,2.0,117.0,181,181,183,-2,กล้าธรรม,101,constituency,อุบลราชธานี|2|อำเภอเขื่องใน|ตำบลกลางใหญ่|11,181,0.5580110497237569,1.0,ไทรวมพลัง,65,0.35911602209944754,36,0.19889502762430938
อุบลราชธานี,2,อำเภอเขื่องใน,ตำบลกลางใหญ่,2,constituency,278.0,,260.0,159.0,155.0,2.0,2.0,101.0,155,155,155,0,กล้าธรรม,68,constituency,อุบลราชธานี|2|อำเภอเขื่องใน|ตำบลกลางใหญ่|2,155,0.43870967741935485,1.0,ไทรวมพลัง,66,0.4258064516129032,2,0.012903225806451646
อุบลราชธานี,2,อำเภอเขื่องใน,ตำบลกลางใหญ่,4,constituency,447.0,183.0,440.0,183.0,179.0,3.0,1.0,257.0,179,179,179,0,กล้าธรรม,95,constituency,อุบลราชธานี|2|อำเภอเขื่องใน|ตำบลกลางใหญ่|4,179,0.5307262569832403,1.0,ไทรวมพลัง,62,0.3463687150837989,33,0.18435754189944137
อุบลราชธานี,2,อำเภอเขื่องใน,ตำบลกลางใหญ่,5,constituency,75.0,70.0,360.0,225.0,199.0,12.0,5.0,140.0,214,214,199,15,กล้าธรรม,124,constituency,อุบลราชธานี|2|อำเภอเขื่องใน|ตำบลกลางใหญ่|5,214,0.5794392523364486,1.0,ไทรวมพลัง,69,0.32242990654205606,55,0.2570093457943925
อุบลราชธานี,2,อำเภอเขื่องใน,ตำบลกลางใหญ่,6,constituency,306.0,196.0,300.0,196.0,188.0,2.0,6.0,104.0,188,188,188,0,กล้าธรรม,105,constituency,อุบลราชธานี|2|อำเภอเขื่องใน|ตำบลกลางใหญ่|6,188,0.5585106382978723,1.0,ไทรวมพลัง,53,0.28191489361702127,52,0.276595744680851
อุบลราชธานี,2,อำเภอเขื่องใน,ตำบลกลางใหญ่,8,constituency,529.0,216.0,520.0,216.0,206.0,6.0,4.0,304.0,206,206,206,0,กล้าธรรม,103,constituency,อุบลราชธานี|2|อำเภอเขื่องใน|ตำบลกลางใหญ่|8,206,0.5,1.0,ไทรวมพลัง,74,0.3592233009708738,29,0.1407766990291262
อุบลราชธานี,2,อำเภอเขื่องใน,ตำบลก่อเอ้,1,constituency,530.0,374.0,520.0,374.0,356.0,3.0,15.0,146.0,356,356,356,0,ไทรวมพลัง,182,constituency,อุบลราชธานี|2|อำเภอเขื่องใน|ตำบลก่อเอ้|1,356,0.5112359550561798,1.0,กล้าธรรม,124,0.34831460674157305,58,0.16292134831460675
อุบลราชธานี,2,อำเภอเขื่องใน,ตำบลก่อเอ้,12,constituency,537.0,429.0,520.0,429.0,399.0,12.0,18.0,91.0,399,399,399,0,ไทรวมพลัง,233,constituency,อุบลราชธานี|2|อำเภอเขื่องใน|ตำบลก่อเอ้|12,399,0.5839598997493735,1.0,กล้าธรรม,137,0.3433583959899749,96,0.24060150375939854
อุบลราชธานี,2,อำเภอเขื่องใน,ตำบลก่อเอ้,2,constituency,293.0,204.0,280.0,204.0,197.0,3.0,4.0,76.0,197,197,197,0,ไทรวมพลัง,107,constituency,อุบลราชธานี|2|อำเภอเขื่องใน|ตำบลก่อเอ้|2,197,0.5431472081218274,1.0,กล้าธรรม,53,0.26903553299492383,54,0.27411167512690354
อุบลราชธานี,2,อำเภอเขื่องใน,ตำบลก่อเอ้,3,constituency,383.0,232.0,380.0,232.0,215.0,9.0,8.0,151.0,214,214,215,-1,ไทรวมพลัง,105,constituency,อุบลราชธานี|2|อำเภอเขื่องใน|ตำบลก่อเอ้|3,214,0.49065420560747663,1.0,กล้าธรรม,79,0.3691588785046729,26,0.12149532710280375
อุบลราชธานี,2,อำเภอเขื่องใน,ตำบลค้อทอง,10,constituency,702.0,389.0,400.0,389.0,373.0,9.0,7.0,311.0,373,373,373,0,ไทรวมพลัง,243,constituency,อุบลราชธานี|2|อำเภอเขื่องใน|ตำบลค้อทอง|10,373,0.6514745308310992,1.0,กล้าธรรม,83,0.2225201072386059,160,0.42895442359249325
อุบลราชธานี,2,อำเภอเขื่องใน,ตำบลค้อทอง,2,constituency,560.0,397.0,560.0,397.0,383.0,8.0,0.0,169.0,383,383,383,0,ไทรวมพลัง,185,constituency,อุบลราชธานี|2|อำเภอเขื่องใน|ตำบลค้อทอง|2,383,0.4830287206266319,1.0,กล้าธรรม,184,0.4804177545691906,1,0.0026109660574412663
อุบลราชธานี,2,อำเภอเขื่องใน,ตำบลค้อทอง,3,constituency,581.0,362.0,580.0,362.0,350.0,4.0,8.0,218.0,350,350,350,0,กล้าธรรม,186,constituency,อุบลราชธานี|2|อำเภอเขื่องใน|ตำบลค้อทอง|3,350,0.5314285714285715,1.0,ไทรวมพลัง,146,0.41714285714285715,40,0.11428571428571432
อุบลราชธานี,2,อำเภอเขื่องใน,ตำบลค้อทอง,4,constituency,560.0,340.0,560.0,340.0,308.0,24.0,8.0,220.0,244,244,308,-64,เพื่อไทย,17,constituency,อุบลราชธานี|2|อำเภอเขื่องใน|ตำบลค้อทอง|4,19,0.8947368421052632,1.0,ประชาธิปไตยใหม่,2,0.10526315789473684,15,0.7894736842105263
อุบลราชธานี,2,อำเภอเขื่องใน,ตำบลค้อทอง,5,constituency,913.0,216.0,300.0,216.0,210.0,0.0,6.0,84.0,210,210,210,0,กล้าธรรม,152,constituency,อุบลราชธานี|2|อำเภอเขื่องใน|ตำบลค้อทอง|5,210,0.7238095238095238,1.0,ไทรวมพลัง,47,0.22380952380952382,105,0.5
อุบลราชธานี,2,อำเภอเขื่องใน,ตำบลค้อทอง,6,constituency,482.0,321.0,480.0,321.0,314.0,3.0,4.0,159.0,314,314,314,0,กล้าธรรม,215,constituency,อุบลราชธานี|2|อำเภอเขื่องใน|ตำบลค้อทอง|6,314,0.6847133757961783,1.0,ไทรวมพลัง,79,0.2515923566878981,136,0.4331210191082802
อุบลราชธานี,2,อำเภอเขื่องใน,ตำบลค้อทอง,7,constituency,277.0,147.0,260.0,147.0,137.0,8.0,2.0,113.0,137,137,137,0,ไทรวมพลัง,74,constituency,อุบลราชธานี|2|อำเภอเขื่องใน|ตำบลค้อทอง|7,137,0.5401459854014599,1.0,กล้าธรรม,52,0.3795620437956204,22,0.16058394160583944
อุบลราชธานี,2,อำเภอเขื่องใน,ตำบลค้อทอง,8,constituency,362.0,222.0,360.0,222.0,214.0,6.0,2.0,138.0,214,214,214,0,กล้าธรรม,108,constituency,อุบลราชธานี|2|อำเภอเขื่องใน|ตำบลค้อทอง|8,214,0.5046728971962616,1.0,ไทรวมพลัง,91,0.4252336448598131,17,0.07943925233644855
อุบลราชธานี,2,อำเภอเขื่องใน,ตำบลชีทวน,1,constituency,358.0,205.0,340.0,235.0,229.0,2.0,4.0,105.0,229,229,229,0,ไทรวมพลัง,131,constituency,อุบลราชธานี|2|อำเภอเขื่องใน|ตำบลชีทวน|1,229,0.5720524017467249,1.0,กล้าธรรม,87,0.3799126637554585,44,0.19213973799126638
อุบลราชธานี,2,อำเภอเขื่องใน,ตำบลชีทวน,10,constituency,367.0,367.0,620.0,367.0,345.0,16.0,6.0,257.0,345,345,345,0,กล้าธรรม,243,constituency,อุบลราชธานี|2|อำเภอเขื่องใน|ตำบลชีทวน|10,345,0.7043478260869566,1.0,ไทรวมพลัง,72,0.20869565217391303,171,0.4956521739130435
อุบลราชธานี,2,อำเภอเขื่องใน,ตำบลชีทวน,11,constituency,652.0,366.0,640.0,366.0,359.0,3.0,4.0,274.0,359,359,359,0,กล้าธรรม,239,constituency,อุบลราชธานี|2|อำเภอเขื่องใน|ตำบลชีทวน|11,359,0.6657381615598886,1.0,ไทรวมพลัง,107,0.298050139275766,132,0.3676880222841226
อุบลราชธานี,2,อำเภอเขื่องใน,ตำบลชีทวน,2,constituency,444.0,,440.0,275.0,265.0,7.0,3.0,165.0,265,265,265,0,กล้าธรรม,125,constituency,อุบลราชธานี|2|อำเภอเขื่องใน|ตำบลชีทวน|2,265,0.4716981132075472,1.0,ไทรวมพลัง,114,0.43018867924528303,11,0.04150943396226414
อุบลราชธานี,2,อำเภอเขื่องใน,ตำบลชีทวน,3,constituency,890.0,542.0,880.0,542.0,527.0,10.0,6.0,338.0,527,527,527,0,ไทรวมพลัง,268,constituency,อุบลราชธานี|2|อำเภอเขื่องใน|ตำบลชีทวน|3,527,0.50853889943074,1.0,กล้าธรรม,189,0.3586337760910816,79,0.14990512333965844
อุบลราชธานี,2,อำเภอเขื่องใน,ตำบลชีทวน,4,constituency,629.0,421.0,620.0,421.0,402.0,7.0,199.0,218.0,402,402,402,0,กล้าธรรม,188,constituency,อุบลราชธานี|2|อำเภอเขื่องใน|ตำบลชีทวน|4,402,0.46766169154228854,1.0,ไทรวมพลัง,180,0.44776119402985076,8,0.019900497512437776
อุบลราชธานี,2,อำเภอเขื่องใน,ตำบลชีทวน,6,constituency,548.0,313.0,540.0,313.0,381.0,8.0,4.0,227.0,301,301,381,-80,กล้าธรรม,168,constituency,อุบลราชธานี|2|อำเภอเขื่องใน|ตำบลชีทวน|6,301,0.5581395348837209,1.0,ไทรวมพลัง,101,0.33554817275747506,67,0.22259136212624586
อุบลราชธานี,2,อำเภอเขื่องใน,ตำบลชีทวน,7,constituency,319.0,165.0,300.0,165.0,156.0,4.0,3.0,135.0,156,156,156,0,กล้าธรรม,106,constituency,อุบลราชธานี|2|อำเภอเขื่องใน|ตำบลชีทวน|7,156,0.6794871794871795,1.0,ไทรวมพลัง,39,0.25,67,0.4294871794871795
อุบลราชธานี,2,อำเภอเขื่องใน,ตำบลชีทวน,8,constituency,329.0,205.0,320.0,205.0,203.0,2.0,0.0,115.0,201,201,203,-2,ไทรวมพลัง,107,constituency,อุบลราชธานี|2|อำเภอเขื่องใน|ตำบลชีทวน|8,201,0.5323383084577115,1.0,กล้าธรรม,72,0.3582089552238806,35,0.17412935323383089
อุบลราชธานี,2,อำเภอเขื่องใน,ตำบลชีทวน,9,constituency,260.0,170.0,260.0,170.0,162.0,4.0,4.0,90.0,162,162,162,0,กล้าธรรม,112,constituency,อุบลราชธานี|2|อำเภอเขื่องใน|ตำบลชีทวน|9,162,0.691358024691358,1.0,ไทรวมพลัง,42,0.25925925925925924,70,0.43209876543209874
อุบลราชธานี,2,อำเภอเขื่องใน,ตำบลท่าไห,1,constituency,546.0,193.0,540.0,193.0,176.0,6.0,1.0,347.0,136,136,176,-40,กล้าธรรม,114,constituency,อุบลราชธานี|2|อำเภอเขื่องใน|ตำบลท่าไห|1,136,0.8382352941176471,1.0,ไทรวมพลัง,12,0.08823529411764706,102,0.75
อุบลราชธานี,2,อำเภอเขื่องใน,ตำบลท่าไห,10,constituency,693.0,301.0,680.0,301.0,280.0,20.0,1.0,379.0,280,280,280,0,ไทรวมพลัง,177,constituency,อุบลราชธานี|2|อำเภอเขื่องใน|ตำบลท่าไห|10,280,0.6321428571428571,1.0,กล้าธรรม,78,0.2785714285714286,99,0.35357142857142854
อุบลราชธานี,2,อำเภอเขื่องใน,ตำบลท่าไห,11,constituency,579.0,263.0,580.0,263.0,248.0,11.0,4.0,317.0,248,248,248,0,ไทรวมพลัง,142,constituency,อุบลราชธานี|2|อำเภอเขื่องใน|ตำบลท่าไห|11,248,0.5725806451612904,1.0,กล้าธรรม,86,0.3467741935483871,56,0.22580645161290325
อุบลราชธานี,2,อำเภอเขื่องใน,ตำบลท่าไห,12,constituency,651.0,242.0,640.0,242.0,237.0,3.0,2.0,398.0,237,237,237,0,ไทรวมพลัง,166,constituency,อุบลราชธานี|2|อำเภอเขื่องใน|ตำบลท่าไห|12,237,0.70042194092827,1.0,กล้าธรรม,50,0.2109704641350211,116,0.48945147679324896
อุบลราชธานี,2,อำเภอเขื่องใน,ตำบลท่าไห,3,constituency,500.0,219.0,520.0,219.0,207.0,1.0,1.0,301.0,209,209,207,2,ไทรวมพลัง,106,constituency,อุบลราชธานี|2|อำเภอเขื่องใน|ตำบลท่าไห|3,209,0.507177033492823,1.0,กล้าธรรม,80,0.3827751196172249,26,0.12440191387559807
อุบลราชธานี,2,อำเภอเขื่องใน,ตำบลท่าไห,5,constituency,569.0,321.0,560.0,321.0,309.0,9.0,3.0,239.0,309,309,309,0,ไทรวมพลัง,180,constituency,อุบลราชธานี|2|อำเภอเขื่องใน|ตำบลท่าไห|5,309,0.5825242718446602,1.0,กล้าธรรม,99,0.32038834951456313,81,0.262135922330097
อุบลราชธานี,2,อำเภอเขื่องใน,ตำบลท่าไห,7,constituency,512.0,225.0,500.0,225.0,214.0,11.0,0.0,275.0,214,214,214,0,กล้าธรรม,112,constituency,อุบลราชธานี|2|อำเภอเขื่องใน|ตำบลท่าไห|7,214,0.5233644859813084,1.0,ไทรวมพลัง,88,0.411214953271028,24,0.11214953271028033
อุบลราชธานี,2,อำเภอเขื่องใน,ตำบลท่าไห,8,constituency,591.0,297.0,560.0,297.0,287.0,10.0,4.0,263.0,295,295,287,8,ไทรวมพลัง,157,constituency,อุบลราชธานี|2|อำเภอเขื่องใน|ตำบลท่าไห|8,295,0.5322033898305085,1.0,กล้าธรรม,107,0.36271186440677966,50,0.16949152542372886
อุบลราชธานี,2,อำเภอเขื่องใน,ตำบลท่าไห,9,constituency,404.0,,420.0,209.0,201.0,6.0,2.0,211.0,201,201,201,0,ไทรวมพลัง,104,constituency,อุบลราชธานี|2|อำเภอเขื่องใน|ตำบลท่าไห|9,201,0.5174129353233831,1.0,กล้าธรรม,77,0.38308457711442784,27,0.13432835820895522
อุบลราชธานี,2,อำเภอเขื่องใน,ตำบลธาตุน้อย,1,constituency,525.0,283.0,520.0,283.0,270.0,8.0,5.0,237.0,310,310,270,40,กล้าธรรม,131,constituency,อุบลราชธานี|2|อำเภอเขื่องใน|ตำบลธาตุน้อย|1,310,0.42258064516129035,1.0,ไทรวมพลัง,97,0.31290322580645163,34,0.10967741935483871
อุบลราชธานี,2,อำเภอเขื่องใน,ตำบลธาตุน้อย,10,constituency,684.0,494.0,680.0,407.0,387.0,11.0,5.0,276.0,388,388,387,1,ไทรวมพลัง,273,constituency,อุบลราชธานี|2|อำเภอเขื่องใน|ตำบลธาตุน้อย|10,388,0.7036082474226805,1.0,กล้าธรรม,99,0.2551546391752577,174,0.44845360824742275
อุบลราชธานี,2,อำเภอเขื่องใน,ตำบลธาตุน้อย,3,constituency,753.0,459.0,740.0,459.0,442.0,14.0,3.0,581.0,442,442,442,0,ไทรวมพลัง,317,constituency,อุบลราชธานี|2|อำเภอเขื่องใน|ตำบลธาตุน้อย|3,442,0.7171945701357466,1.0,กล้าธรรม,101,0.22850678733031674,216,0.4886877828054299
อุบลราชธานี,2,อำเภอเขื่องใน,ตำบลธาตุน้อย,4,constituency,296.0,177.0,280.0,197.0,169.0,5.0,3.0,103.0,169,169,169,0,ไทรวมพลัง,96,constituency,อุบลราชธานี|2|อำเภอเขื่องใน|ตำบลธาตุน้อย|4,169,0.5680473372781065,1.0,กล้าธรรม,66,0.3905325443786982,30,0.1775147928994083
อุบลราชธานี,2,อำเภอเขื่องใน,ตำบลธาตุน้อย,6,constituency,316.0,190.0,300.0,190.0,179.0,5.0,6.0,110.0,179,179,179,0,ไทรวมพลัง,96,constituency,อุบลราชธานี|2|อำเภอเขื่องใน|ตำบลธาตุน้อย|6,179,0.5363128491620112,1.0,กล้าธรรม,60,0.33519553072625696,36,0.2011173184357542
อุบลราชธานี,2,อำเภอเขื่องใน,ตำบลธาตุน้อย,7,constituency,210.0,210.0,360.0,210.0,197.0,10.0,3.0,150.0,196,196,197,-1,ไทรวมพลัง,99,constituency,อุบลราชธานี|2|อำเภอเขื่องใน|ตำบลธาตุน้อย|7,196,0.5051020408163265,1.0,กล้าธรรม,81,0.413265306122449,18,0.09183673469387749
อุบลราชธานี,2,อำเภอเขื่องใน,ตำบลธาตุน้อย,8,constituency,640.0,406.0,640.0,406.0,388.0,16.0,2.0,234.0,386,386,388,-2,ไทรวมพลัง,240,constituency,อุบลราชธานี|2|อำเภอเขื่องใน|ตำบลธาตุน้อย|8,386,0.6217616580310881,1.0,กล้าธรรม,87,0.22538860103626943,153,0.3963730569948186
อุบลราชธานี,2,อำเภอเขื่องใน,ตำบลธาตุน้อย,9,constituency,553.0,333.0,550.0,333.0,323.0,9.0,1.0,207.0,333,333,323,10,กล้าธรรม,191,constituency,อุบลราชธานี|2|อำเภอเขื่องใน|ตำบลธาตุน้อย|9,333,0.5735735735735735,1.0,ไทรวมพลัง,117,0.35135135135135137,74,0.22222222222222215
อุบลราชธานี,2,อำเภอเขื่องใน,ตำบลนาคำใหญ่,3,constituency,115.0,73.0,100.0,73.0,72.0,4.0,1.0,27.0,63,63,72,-9,ไทรวมพลัง,43,constituency,อุบลราชธานี|2|อำเภอเขื่องใน|ตำบลนาคำใหญ่|3,63,0.6825396825396826,1.0,กล้าธรรม,13,0.20634920634920634,30,0.4761904761904762
อุบลราชธานี,2,อำเภอเขื่องใน,ตำบลนาคำใหญ่,4,constituency,214.0,176.0,200.0,136.0,131.0,5.0,,64.0,130,130,131,-1,ไทรวมพลัง,89,constituency,อุบลราชธานี|2|อำเภอเขื่องใน|ตำบลนาคำใหญ่|4,130,0.6846153846153846,1.0,กล้าธรรม,32,0.24615384615384617,57,0.43846153846153846
อุบลราชธานี,2,อำเภอเขื่องใน,ตำบลนาคำใหญ่,5,constituency,260.0,167.0,260.0,167.0,152.0,10.0,5.0,93.0,152,152,152,0,ไทรวมพลัง,105,constituency,อุบลราชธานี|2|อำเภอเขื่องใน|ตำบลนาคำใหญ่|5,152,0.6907894736842105,1.0,กล้าธรรม,40,0.2631578947368421,65,0.4276315789473684
อุบลราชธานี,2,อำเภอเขื่องใน,ตำบลนาคำใหญ่,6,constituency,582.0,346.0,580.0,346.0,299.0,2.0,5.0,234.0,339,339,299,40,ไทรวมพลัง,161,constituency,อุบลราชธานี|2|อำเภอเขื่องใน|ตำบลนาคำใหญ่|6,339,0.4749262536873156,1.0,กล้าธรรม,136,0.40117994100294985,25,0.07374631268436577
อุบลราชธานี,2,อำเภอเขื่องใน,ตำบลนาคำใหญ่,8,constituency,504.0,296.0,500.0,296.0,280.0,9.0,7.0,204.0,277,277,280,-3,ไทรวมพลัง,121,constituency,อุบลราชธานี|2|อำเภอเขื่องใน|ตำบลนาคำใหญ่|8,277,0.4368231046931408,1.0,กล้าธรรม,80,0.2888086642599278,41,0.148014440433213
อุบลราชธานี,2,อำเภอเขื่องใน,ตำบลบ้านกอก,1,constituency,681.0,542.0,680.0,542.0,526.0,11.0,9.0,198.0,528,528,526,2,ไทรวมพลัง,263,constituency,อุบลราชธานี|2|อำเภอเขื่องใน|ตำบลบ้านกอก|1,528,0.4981060606060606,1.0,กล้าธรรม,196,0.3712121212121212,67,0.1268939393939394
อุบลราชธานี,2,อำเภอเขื่องใน,ตำบลบ้านกอก,2,constituency,668.0,529.0,660.0,527.0,516.0,9.0,2.0,-133.0,516,516,516,0,ไทรวมพลัง,325,constituency,อุบลราชธานี|2|อำเภอเขื่องใน|ตำบลบ้านกอก|2,516,0.6298449612403101,1.0,กล้าธรรม,154,0.29844961240310075,171,0.33139534883720934
อุบลราชธานี,2,อำเภอเขื่องใน,ตำบลบ้านกอก,3,constituency,172.0,172.0,220.0,172.0,168.0,2.0,2.0,48.0,168,168,168,0,กล้าธรรม,90,constituency,อุบลราชธานี|2|อำเภอเขื่องใน|ตำบลบ้านกอก|3,168,0.5357142857142857,1.0,ไทรวมพลัง,67,0.39880952380952384,23,0.13690476190476186
อุบลราชธานี,2,อำเภอเขื่องใน,ตำบลบ้านกอก,4,constituency,644.0,411.0,640.0,411.0,389.0,9.0,13.0,229.0,389,389,389,0,ไทรวมพลัง,181,constituency,อุบลราชธานี|2|อำเภอเขื่องใน|ตำบลบ้านกอก|4,389,0.4652956298200514,1.0,กล้าธรรม,155,0.39845758354755784,26,0.06683804627249357
อุบลราชธานี,2,อำเภอเขื่องใน,ตำบลบ้านกอก,5,constituency,528.0,354.0,540.0,354.0,329.0,11.0,14.0,486.0,299,299,329,-30,กล้าธรรม,128,constituency,อุบลราชธานี|2|อำเภอเขื่องใน|ตำบลบ้านกอก|5,299,0.4280936454849498,1.0,ไทรวมพลัง,107,0.35785953177257523,21,0.07023411371237459
อุบลราชธานี,2,อำเภอเขื่องใน,ตำบลบ้านกอก,6,constituency,458.0,295.0,440.0,285.0,267.0,7.0,11.0,155.0,267,267,267,0,ไทรวมพลัง,117,constituency,อุบลราชธานี|2|อำเภอเขื่องใน|ตำบลบ้านกอก|6,267,0.43820224719101125,1.0,กล้าธรรม,78,0.29213483146067415,39,0.1460674157303371
อุบลราชธานี,2,อำเภอเขื่องใน,ตำบลบ้านไทย,1,constituency,470.0,146.0,240.0,146.0,142.0,2.0,2.0,94.0,142,142,142,0,กล้าธรรม,74,constituency,อุบลราชธานี|2|อำเภอเขื่องใน|ตำบลบ้านไทย|1,142,0.5211267605633803,1.0,ไทรวมพลัง,58,0.4084507042253521,16,0.11267605633802813
อุบลราชธานี,2,อำเภอเขื่องใน,ตำบลบ้านไทย,10,constituency,288.0,195.0,280.0,195.0,184.0,7.0,4.0,85.0,239,239,184,55,กล้าธรรม,104,constituency,อุบลราชธานี|2|อำเภอเขื่องใน|ตำบลบ้านไทย|10,239,0.4351464435146444,1.0,เพื่อไทย,61,0.25523012552301255,43,0.17991631799163182
อุบลราชธานี,2,อำเภอเขื่องใน,ตำบลบ้านไทย,11,constituency,340.0,200.0,340.0,200.0,191.0,5.0,4.0,140.0,191,191,191,0,ไทรวมพลัง,97,constituency,อุบลราชธานี|2|อำเภอเขื่องใน|ตำบลบ้านไทย|11,191,0.5078534031413613,1.0,กล้าธรรม,82,0.4293193717277487,15,0.07853403141361259
อุบลราชธานี,2,อำเภอเขื่องใน,ตำบลบ้านไทย,12,constituency,338.0,172.0,320.0,172.0,166.0,6.0,,144.0,166,166,166,0,ไทรวมพลัง,103,constituency,อุบลราชธานี|2|อำเภอเขื่องใน|ตำบลบ้านไทย|12,166,0.6204819277108434,1.0,กล้าธรรม,46,0.27710843373493976,57,0.34337349397590367
อุบลราชธานี,2,อำเภอเขื่องใน,ตำบลบ้านไทย,3,constituency,535.0,374.0,520.0,374.0,362.0,6.0,6.0,146.0,362,362,362,0,กล้าธรรม,229,constituency,อุบลราชธานี|2|อำเภอเขื่องใน|ตำบลบ้านไทย|3,362,0.6325966850828729,1.0,ไทรวมพลัง,91,0.2513812154696133,138,0.38121546961325964
อุบลราชธานี,2,อำเภอเขื่องใน,ตำบลบ้านไทย,4,constituency,548.0,367.0,540.0,367.0,363.0,1.0,3.0,173.0,363,363,363,0,กล้าธรรม,235,constituency,อุบลราชธานี|2|อำเภอเขื่องใน|ตำบลบ้านไทย|4,363,0.6473829201101928,1.0,ไทรวมพลัง,94,0.25895316804407714,141,0.3884297520661157
อุบลราชธานี,2,อำเภอเขื่องใน,ตำบลบ้านไทย,5,constituency,267.0,167.0,260.0,167.0,167.0,1.0,7.0,93.0,157,157,167,-10,ไทรวมพลัง,71,constituency,อุบลราชธานี|2|อำเภอเขื่องใน|ตำบลบ้านไทย|5,157,0.45222929936305734,1.0,กล้าธรรม,67,0.4267515923566879,4,0.02547770700636942
อุบลราชธานี,2,อำเภอเขื่องใน,ตำบลบ้านไทย,7,constituency,520.0,297.0,520.0,297.0,289.0,2.0,2.0,22.0,259,259,289,-30,ไทรวมพลัง,148,constituency,อุบลราชธานี|2|อำเภอเขื่องใน|ตำบลบ้านไทย|7,259,0.5714285714285714,1.0,กล้าธรรม,75,0.28957528957528955,73,0.28185328185328185
อุบลราชธานี,2,อำเภอเขื่องใน,ตำบลบ้านไทย,8,constituency,520.0,340.0,520.0,190.0,318.0,11.0,11.0,180.0,318,318,318,0,ไทรวมพลัง,163,constituency,อุบลราชธานี|2|อำเภอเขื่องใน|ตำบลบ้านไทย|8,318,0.5125786163522013,1.0,กล้าธรรม,120,0.37735849056603776,43,0.1352201257861635
อุบลราชธานี,2,อำเภอเขื่องใน,ตำบลบ้านไทย,9,constituency,748.0,,740.0,480.0,454.0,15.0,11.0,260.0,454,454,454,0,ไทรวมพลัง,243,constituency,อุบลราชธานี|2|อำเภอเขื่องใน|ตำบลบ้านไทย|9,454,0.5352422907488987,1.0,กล้าธรรม,173,0.381057268722467,70,0.15418502202643175
อุบลราชธานี,2,อำเภอเขื่องใน,ตำบลยางขี้นก,10,constituency,302.0,201.0,300.0,201.0,192.0,7.0,6.0,49.0,192,192,192,0,กล้าธรรม,120,constituency,อุบลราชธานี|2|อำเภอเขื่องใน|ตำบลยางขี้นก|10,192,0.625,1.0,ไทรวมพลัง,59,0.3072916666666667,61,0.3177083333333333
อุบลราชธานี,2,อำเภอเขื่องใน,ตำบลยางขี้นก,3,constituency,621.0,428.0,620.0,428.0,415.0,10.0,3.0,192.0,415,415,415,0,กล้าธรรม,200,constituency,อุบลราชธานี|2|อำเภอเขื่องใน|ตำบลยางขี้นก|3,415,0.4819277108433735,1.0,ไทรวมพลัง,179,0.43132530120481927,21,0.050602409638554224
อุบลราชธานี,2,อำเภอเขื่องใน,ตำบลยางขี้นก,5,constituency,,,,,,,,,0,0,0,0,กล้าธรรม,0,constituency,อุบลราชธานี|2|อำเภอเขื่องใน|ตำบลยางขี้นก|5,0,0.0,1.0,ภูมิใจไทย,0,0.0,0,0.0
อุบลราชธานี,2,อำเภอเขื่องใน,ตำบลยางขี้นก,7,constituency,350.0,264.0,340.0,264.0,264.0,2.0,2.0,76.0,253,253,264,-11,กล้าธรรม,169,constituency,อุบลราชธานี|2|อำเภอเขื่องใน|ตำบลยางขี้นก|7,253,0.6679841897233202,1.0,ไทรวมพลัง,63,0.2490118577075099,106,0.4189723320158103
อุบลราชธานี,2,อำเภอเขื่องใน,ตำบลยางขี้นก,9,constituency,257.0,183.0,240.0,183.0,177.0,2.0,45.0,57.0,177,177,177,0,ไทรวมพลัง,85,constituency,อุบลราชธานี|2|อำเภอเขื่องใน|ตำบลยางขี้นก|9,177,0.480225988700565,1.0,กล้าธรรม,84,0.4745762711864407,1,0.005649717514124297
อุบลราชธานี,2,อำเภอเขื่องใน,ตำบลศรีสุข,1,constituency,508.0,276.0,500.0,276.0,276.0,8.0,2.0,274.0,276,276,276,0,ไทรวมพลัง,167,constituency,อุบลราชธานี|2|อำเภอเขื่องใน|ตำบลศรีสุข|1,276,0.605072463768116,1.0,กล้าธรรม,84,0.30434782608695654,83,0.3007246376811594
อุบลราชธานี,2,อำเภอเขื่องใน,ตำบลศรีสุข,2,constituency,525.0,,520.0,320.0,311.0,8.0,1.0,200.0,314,314,311,3,ไทรวมพลัง,153,constituency,อุบลราชธานี|2|อำเภอเขื่องใน|ตำบลศรีสุข|2,314,0.4872611464968153,1.0,กล้าธรรม,126,0.4012738853503185,27,0.0859872611464968
อุบลราชธานี,2,อำเภอเขื่องใน,ตำบลศรีสุข,3,constituency,580.0,361.0,580.0,361.0,352.0,8.0,1.0,219.0,352,352,352,0,ไทรวมพลัง,174,constituency,อุบลราชธานี|2|อำเภอเขื่องใน|ตำบลศรีสุข|3,352,0.4943181818181818,1.0,กล้าธรรม,147,0.41761363636363635,27,0.07670454545454547
อุบลราชธานี,2,อำเภอเขื่องใน,ตำบลศรีสุข,4,constituency,638.0,404.0,620.0,404.0,383.0,15.0,6.0,216.0,383,383,383,0,ไทรวมพลัง,238,constituency,อุบลราชธานี|2|อำเภอเขื่องใน|ตำบลศรีสุข|4,383,0.6214099216710183,1.0,กล้าธรรม,129,0.3368146214099217,109,0.2845953002610966
อุบลราชธานี,2,อำเภอเขื่องใน,ตำบลศรีสุข,5,constituency,350.0,239.0,340.0,239.0,230.0,8.0,1.0,101.0,230,230,230,0,กล้าธรรม,140,constituency,อุบลราชธานี|2|อำเภอเขื่องใน|ตำบลศรีสุข|5,230,0.6086956521739131,1.0,ไทรวมพลัง,73,0.3173913043478261,67,0.291304347826087
อุบลราชธานี,2,อำเภอเขื่องใน,ตำบลศรีสุข,8,constituency,640.0,408.0,640.0,408.0,390.0,14.0,4.0,232.0,392,392,390,2,ไทรวมพลัง,221,constituency,อุบลราชธานี|2|อำเภอเขื่องใน|ตำบลศรีสุข|8,392,0.5637755102040817,1.0,กล้าธรรม,131,0.33418367346938777,90,0.2295918367346939
อุบลราชธานี,2,อำเภอเขื่องใน,ตำบลสร้างถ่อ,10,constituency,254.0,168.0,240.0,168.0,161.0,3.0,4.0,72.0,161,161,161,0,กล้าธรรม,80,constituency,อุบลราชธานี|2|อำเภอเขื่องใน|ตำบลสร้างถ่อ|10,161,0.4968944099378882,1.0,ไทรวมพลัง,72,0.4472049689440994,8,0.0496894409937888
อุบลราชธานี,2,อำเภอเขื่องใน,ตำบลสร้างถ่อ,11,constituency,377.0,275.0,360.0,275.0,261.0,7.0,7.0,85.0,261,261,261,0,ไทรวมพลัง,185,constituency,อุบลราชธานี|2|อำเภอเขื่องใน|ตำบลสร้างถ่อ|11,261,0.7088122605363985,1.0,กล้าธรรม,59,0.2260536398467433,126,0.48275862068965514
อุบลราชธานี,2,อำเภอเขื่องใน,ตำบลสร้างถ่อ,13,constituency,641.0,,640.0,378.0,365.0,6.0,7.0,262.0,365,365,365,0,กล้าธรรม,167,constituency,อุบลราชธานี|2|อำเภอเขื่องใน|ตำบลสร้างถ่อ|13,365,0.4575342465753425,1.0,ไทรวมพลัง,166,0.4547945205479452,1,0.002739726027397249
อุบลราชธานี,2,อำเภอเขื่องใน,ตำบลสร้างถ่อ,14,constituency,640.0,356.0,540.0,356.0,349.0,9.0,3.0,197.0,364,364,349,15,กล้าธรรม,195,constituency,อุบลราชธานี|2|อำเภอเขื่องใน|ตำบลสร้างถ่อ|14,364,0.5357142857142857,1.0,ไทรวมพลัง,141,0.3873626373626374,54,0.14835164835164832
อุบลราชธานี,2,อำเภอเขื่องใน,ตำบลสร้างถ่อ,15,constituency,455.0,301.0,470.0,301.0,291.0,7.0,3.0,139.0,291,291,291,0,กล้าธรรม,182,constituency,อุบลราชธานี|2|อำเภอเขื่องใน|ตำบลสร้างถ่อ|15,291,0.6254295532646048,1.0,ไทรวมพลัง,88,0.3024054982817869,94,0.3230240549828179
อุบลราชธานี,2,อำเภอเขื่องใน,ตำบลสร้างถ่อ,16,constituency,273.0,261.0,940.0,261.0,261.0,6.0,6.0,99.0,249,249,261,-12,กล้าธรรม,160,constituency,อุบลราชธานี|2|อำเภอเขื่องใน|ตำบลสร้างถ่อ|16,249,0.642570281124498,1.0,ไทรวมพลัง,66,0.26506024096385544,94,0.37751004016064255
อุบลราชธานี,2,อำเภอเขื่องใน,ตำบลสร้างถ่อ,17,constituency,732.0,289.0,720.0,289.0,278.0,8.0,3.0,231.0,278,278,278,0,ไทรวมพลัง,136,constituency,อุบลราชธานี|2|อำเภอเขื่องใน|ตำบลสร้างถ่อ|17,278,0.4892086330935252,1.0,กล้าธรรม,111,0.39928057553956836,25,0.08992805755395683
อุบลราชธานี,2,อำเภอเขื่องใน,ตำบลสร้างถ่อ,2,constituency,604.0,447.0,660.0,447.0,424.0,14.0,4.0,213.0,420,420,424,-4,กล้าธรรม,236,constituency,อุบลราชธานี|2|อำเภอเขื่องใน|ตำบลสร้างถ่อ|2,420,0.5619047619047619,1.0,ไทรวมพลัง,157,0.3738095238095238,79,0.1880952380952381
อุบลราชธานี,2,อำเภอเขื่องใน,ตำบลสร้างถ่อ,3,constituency,405.0,405.0,600.0,405.0,388.0,10.0,7.0,195.0,388,388,388,0,กล้าธรรม,211,constituency,อุบลราชธานี|2|อำเภอเขื่องใน|ตำบลสร้างถ่อ|3,388,0.5438144329896907,1.0,ไทรวมพลัง,143,0.36855670103092786,68,0.17525773195876282
อุบลราชธานี,2,อำเภอเขื่องใน,ตำบลสร้างถ่อ,4,constituency,359.0,279.0,350.0,239.0,234.0,4.0,1.0,11.0,230,230,234,-4,ไทรวมพลัง,124,constituency,อุบลราชธานี|2|อำเภอเขื่องใน|ตำบลสร้างถ่อ|4,230,0.5391304347826087,1.0,กล้าธรรม,88,0.3826086956521739,36,0.15652173913043477
อุบลราชธานี,2,อำเภอเขื่องใน,ตำบลสร้างถ่อ,5,constituency,409.0,265.0,400.0,265.0,250.0,8.0,7.0,135.0,250,250,250,0,กล้าธรรม,160,constituency,อุบลราชธานี|2|อำเภอเขื่องใน|ตำบลสร้างถ่อ|5,250,0.64,1.0,ไทรวมพลัง,75,0.3,85,0.34
อุบลราชธานี,2,อำเภอเขื่องใน,ตำบลสร้างถ่อ,7,constituency,254.0,168.0,240.0,168.0,240.0,0.0,0.0,72.0,243,243,240,3,ไทยก้าวใหม่,161,constituency,อุบลราชธานี|2|อำเภอเขื่องใน|ตำบลสร้างถ่อ|7,238,0.6764705882352942,1.0,ไทรวมพลัง,72,0.3025210084033613,89,0.37394957983193283
อุบลราชธานี,2,อำเภอเขื่องใน,ตำบลสร้างถ่อ,8,constituency,254.0,168.0,240.0,168.0,240.0,0.0,0.0,72.0,243,243,240,3,ไทยก้าวใหม่,161,constituency,อุบลราชธานี|2|อำเภอเขื่องใน|ตำบลสร้างถ่อ|8,238,0.6764705882352942,1.0,ไทรวมพลัง,72,0.3025210084033613,89,0.37394957983193283
อุบลราชธานี,2,อำเภอเขื่องใน,ตำบลสร้างถ่อ,9,constituency,398.0,,380.0,233.0,227.0,4.0,2.0,147.0,227,227,227,0,ไทรวมพลัง,137,constituency,อุบลราชธานี|2|อำเภอเขื่องใน|ตำบลสร้างถ่อ|9,227,0.6035242290748899,1.0,กล้าธรรม,70,0.30837004405286345,67,0.29515418502202645
อุบลราชธานี,2,อำเภอเขื่องใน,ตำบลสหธาตุ,2,constituency,393.0,234.0,380.0,234.0,222.0,11.0,2.0,146.0,222,222,222,0,ไทรวมพลัง,113,constituency,อุบลราชธานี|2|อำเภอเขื่องใน|ตำบลสหธาตุ|2,222,0.509009009009009,1.0,กล้าธรรม,87,0.3918918918918919,26,0.11711711711711714
อุบลราชธานี,2,อำเภอเขื่องใน,ตำบลสหธาตุ,3,constituency,437.0,291.0,420.0,291.0,277.0,10.0,4.0,129.0,277,277,277,0,ไทรวมพลัง,140,constituency,อุบลราชธานี|2|อำเภอเขื่องใน|ตำบลสหธาตุ|3,277,0.5054151624548736,1.0,กล้าธรรม,103,0.37184115523465705,37,0.13357400722021656
อุบลราชธานี,2,อำเภอเขื่องใน,ตำบลสหธาตุ,4,constituency,462.0,338.0,460.0,338.0,320.0,10.0,8.0,122.0,320,320,320,0,ไทรวมพลัง,140,constituency,อุบลราชธานี|2|อำเภอเขื่องใน|ตำบลสหธาตุ|4,320,0.4375,1.0,กล้าธรรม,125,0.390625,15,0.046875
อุบลราชธานี,2,อำเภอเขื่องใน,ตำบลสหธาตุ,5,constituency,,,,,,,,,0,0,0,0,กล้าธรรม,0,constituency,อุบลราชธานี|2|อำเภอเขื่องใน|ตำบลสหธาตุ|5,0,0.0,1.0,ภูมิใจไทย,0,0.0,0,0.0
อุบลราชธานี,2,อำเภอเขื่องใน,ตำบลหนองเหล่า,1,constituency,471.0,335.0,460.0,335.0,320.0,9.0,6.0,125.0,400,400,320,80,กล้าธรรม,212,constituency,อุบลราชธานี|2|อำเภอเขื่องใน|ตำบลหนองเหล่า|1,400,0.53,1.0,ไทรวมพลัง,84,0.21,128,0.32000000000000006
อุบลราชธานี,2,อำเภอเขื่องใน,ตำบลหนองเหล่า,3,constituency,576.0,,576.0,387.0,387.0,7.0,6.0,173.0,374,374,387,-13,ไทรวมพลัง,246,constituency,อุบลราชธานี|2|อำเภอเขื่องใน|ตำบลหนองเหล่า|3,374,0.6577540106951871,1.0,กล้าธรรม,93,0.24866310160427807,153,0.40909090909090906
อุบลราชธานี,2,อำเภอเขื่องใน,ตำบลหนองเหล่า,4,constituency,452.0,299.0,440.0,299.0,288.0,8.0,3.0,141.0,286,286,288,-2,ไทรวมพลัง,132,constituency,อุบลราชธานี|2|อำเภอเขื่องใน|ตำบลหนองเหล่า|4,286,0.46153846153846156,1.0,กล้าธรรม,121,0.4230769230769231,11,0.03846153846153849
อุบลราชธานี,2,อำเภอเขื่องใน,ตำบลหนองเหล่า,5,constituency,384.0,230.0,380.0,230.0,231.0,3.0,5.0,141.0,231,231,231,0,กล้าธรรม,137,constituency,อุบลราชธานี|2|อำเภอเขื่องใน|ตำบลหนองเหล่า|5,231,0.5930735930735931,1.0,ไทรวมพลัง,81,0.35064935064935066,56,0.24242424242424243
อุบลราชธานี,2,อำเภอเขื่องใน,ตำบลหนองเหล่า,8,constituency,300.0,235.0,300.0,235.0,0.0,0.0,0.0,75.0,419,419,0,419,ไทยก้าวใหม่,255,constituency,อุบลราชธานี|2|อำเภอเขื่องใน|ตำบลหนองเหล่า|8,419,0.6085918854415274,1.0,ไทรวมพลัง,153,0.36515513126491644,102,0.24343675417661098
อุบลราชธานี,2,อำเภอเขื่องใน,ตำบลหนองเหล่า,9,constituency,576.0,,576.0,387.0,387.0,7.0,6.0,173.0,374,374,387,-13,ไทรวมพลัง,246,constituency,อุบลราชธานี|2|อำเภอเขื่องใน|ตำบลหนองเหล่า|9,374,0.6577540106951871,1.0,กล้าธรรม,93,0.24866310160427807,153,0.40909090909090906
อุบลราชธานี,2,อำเภอเขื่องใน,ตำบลหัวดอน,1,constituency,361.0,,360.0,254.0,239.0,4.0,11.0,106.0,239,239,239,0,ไทรวมพลัง,142,constituency,อุบลราชธานี|2|อำเภอเขื่องใน|ตำบลหัวดอน|1,239,0.5941422594142259,1.0,กล้าธรรม,66,0.27615062761506276,76,0.3179916317991632
อุบลราชธานี,2,อำเภอเขื่องใน,ตำบลหัวดอน,10,constituency,608.0,399.0,600.0,399.0,368.0,11.0,20.0,201.0,368,368,368,0,กล้าธรรม,175,constituency,อุบลราชธานี|2|อำเภอเขื่องใน|ตำบลหัวดอน|10,368,0.47554347826086957,1.0,ไทรวมพลัง,102,0.27717391304347827,73,0.1983695652173913
อุบลราชธานี,2,อำเภอเขื่องใน,ตำบลหัวดอน,11,constituency,478.0,,460.0,170.0,334.0,6.0,10.0,110.0,334,334,334,0,กล้าธรรม,169,constituency,อุบลราชธานี|2|อำเภอเขื่องใน|ตำบลหัวดอน|11,334,0.5059880239520959,1.0,ไทรวมพลัง,120,0.3592814371257485,49,0.14670658682634735
อุบลราชธานี,2,อำเภอเขื่องใน,ตำบลหัวดอน,2,constituency,331.0,222.0,320.0,222.0,217.0,6.0,5.0,98.0,211,211,217,-6,ไทรวมพลัง,108,constituency,อุบลราชธานี|2|อำเภอเขื่องใน|ตำบลหัวดอน|2,211,0.5118483412322274,1.0,กล้าธรรม,77,0.36492890995260663,31,0.14691943127962082
อุบลราชธานี,2,อำเภอเขื่องใน,ตำบลหัวดอน,3,constituency,497.0,279.0,420.0,279.0,275.0,3.0,1.0,141.0,275,275,275,0,กล้าธรรม,185,constituency,อุบลราชธานี|2|อำเภอเขื่องใน|ตำบลหัวดอน|3,275,0.6727272727272727,1.0,ไทรวมพลัง,71,0.2581818181818182,114,0.41454545454545455
อุบลราชธานี,2,อำเภอเขื่องใน,ตำบลหัวดอน,6,constituency,628.0,323.0,620.0,323.0,307.0,11.0,5.0,197.0,256,256,307,-51,ไทรวมพลัง,117,constituency,อุบลราชธานี|2|อำเภอเขื่องใน|ตำบลหัวดอน|6,256,0.45703125,1.0,กล้าธรรม,102,0.3984375,15,0.05859375
อุบลราชธานี,2,อำเภอเขื่องใน,ตำบลหัวดอน,7,constituency,540.0,292.0,540.0,292.0,263.0,16.0,13.0,249.0,259,259,263,-4,กล้าธรรม,130,constituency,อุบลราชธานี|2|อำเภอเขื่องใน|ตำบลหัวดอน|7,259,0.5019305019305019,1.0,ไทรวมพลัง,52,0.20077220077220076,78,0.30115830115830117
อุบลราชธานี,2,อำเภอเขื่องใน,ตำบลแดงหม้อ,1,constituency,638.0,,620.0,369.0,335.0,17.0,17.0,251.0,335,335,335,0,ไทรวมพลัง,144,constituency,อุบลราชธานี|2|อำเภอเขื่องใน|ตำบลแดงหม้อ|1,335,0.4298507462686567,1.0,กล้าธรรม,137,0.408955223880597,7,0.020895522388059695
อุบลราชธานี,2,อำเภอเขื่องใน,ตำบลแดงหม้อ,3,constituency,200.0,12.0,200.0,126.0,123.0,2.0,1.0,74.0,118,118,123,-5,ไทรวมพลัง,87,constituency,อุบลราชธานี|2|อำเภอเขื่องใน|ตำบลแดงหม้อ|3,118,0.7372881355932204,1.0,กล้าธรรม,20,0.1694915254237288,67,0.5677966101694916
อุบลราชธานี,2,อำเภอเขื่องใน,ตำบลแดงหม้อ,4,constituency,282.0,76.0,280.0,176.0,173.0,2.0,1.0,104.0,173,173,173,0,ไทรวมพลัง,116,constituency,อุบลราชธานี|2|อำเภอเขื่องใน|ตำบลแดงหม้อ|4,173,0.6705202312138728,1.0,กล้าธรรม,39,0.2254335260115607,77,0.44508670520231214
อุบลราชธานี,2,อำเภอเขื่องใน,ตำบลแดงหม้อ,6,constituency,320.0,196.0,320.0,196.0,193.0,3.0,0.0,124.0,193,193,193,0,ไทรวมพลัง,115,constituency,อุบลราชธานี|2|อำเภอเขื่องใน|ตำบลแดงหม้อ|6,193,0.5958549222797928,1.0,กล้าธรรม,63,0.32642487046632124,52,0.2694300518134715
อุบลราชธานี,2,อำเภอเขื่องใน,ตำบลโนนรัง,1,constituency,738.0,313.0,520.0,313.0,309.0,3.0,1.0,207.0,309,309,309,0,ไทรวมพลัง,171,constituency,อุบลราชธานี|2|อำเภอเขื่องใน|ตำบลโนนรัง|1,309,0.5533980582524272,1.0,กล้าธรรม,113,0.3656957928802589,58,0.18770226537216828
อุบลราชธานี,2,อำเภอเขื่องใน,ตำบลโนนรัง,2,constituency,530.0,374.0,520.0,374.0,356.0,3.0,15.0,146.0,356,356,356,0,ไทรวมพลัง,182,constituency,อุบลราชธานี|2|อำเภอเขื่องใน|ตำบลโนนรัง|2,356,0.5112359550561798,1.0,กล้าธรรม,124,0.34831460674157305,58,0.16292134831460675
อุบลราชธานี,2,อำเภอเขื่องใน,ตำบลโนนรัง,3,constituency,308.0,308.0,520.0,308.0,298.0,4.0,6.0,212.0,298,298,298,0,กล้าธรรม,207,constituency,อุบลราชธานี|2|อำเภอเขื่องใน|ตำบลโนนรัง|3,298,0.6946308724832215,1.0,ไทรวมพลัง,71,0.23825503355704697,136,0.45637583892617456
อุบลราชธานี,2,อำเภอเขื่องใน,ตำบลโนนรัง,4,constituency,585.0,343.0,580.0,343.0,332.0,7.0,4.0,239.0,332,332,332,0,กล้าธรรม,212,constituency,อุบลราชธานี|2|อำเภอเขื่องใน|ตำบลโนนรัง|4,332,0.6385542168674698,1.0,ไทรวมพลัง,95,0.286144578313253,117,0.3524096385542168
อุบลราชธานี,2,อำเภอเขื่องใน,ตำบลโนนรัง,6,constituency,120.0,90.0,120.0,90.0,87.0,1.0,2.0,30.0,87,87,87,0,ไทรวมพลัง,45,constituency,อุบลราชธานี|2|อำเภอเขื่องใน|ตำบลโนนรัง|6,87,0.5172413793103449,1.0,กล้าธรรม,30,0.3448275862068966,15,0.1724137931034483
อุบลราชธานี,2,เขต 2 อ.เมืองฯ,ตำบลหนองขอน,1,constituency,436.0,298.0,420.0,298.0,282.0,8.0,8.0,122.0,282,282,282,0,กล้าธรรม,126,constituency,อุบลราชธานี|2|เขต 2 อ.เมืองฯ|ตำบลหนองขอน|1,282,0.44680851063829785,1.0,ไทรวมพลัง,80,0.28368794326241137,46,0.16312056737588648
อุบลราชธานี,2,เขต 2 อ.เมืองฯ,ตำบลหนองขอน,10,constituency,512.0,390.0,500.0,390.0,357.0,4.0,29.0,110.0,355,355,357,-2,ไทรวมพลัง,171,constituency,อุบลราชธานี|2|เขต 2 อ.เมืองฯ|ตำบลหนองขอน|10,355,0.48169014084507045,1.0,กล้าธรรม,74,0.2084507042253521,97,0.27323943661971833
อุบลราชธานี,2,เขต 2 อ.เมืองฯ,ตำบลหนองขอน,11,constituency,802.0,577.0,800.0,577.0,521.0,22.0,34.0,223.0,521,521,521,0,ไทรวมพลัง,265,constituency,อุบลราชธานี|2|เขต 2 อ.เมืองฯ|ตำบลหนองขอน|11,521,0.508637236084453,1.0,กล้าธรรม,145,0.2783109404990403,120,0.23032629558541268
อุบลราชธานี,2,เขต 2 อ.เมืองฯ,ตำบลหนองขอน,12,constituency,656.0,474.0,640.0,474.0,424.0,12.0,38.0,166.0,424,424,424,0,กล้าธรรม,130,constituency,อุบลราชธานี|2|เขต 2 อ.เมืองฯ|ตำบลหนองขอน|12,424,0.30660377358490565,1.0,ไทรวมพลัง,123,0.29009433962264153,7,0.01650943396226412
อุบลราชธานี,2,เขต 2 อ.เมืองฯ,ตำบลหนองขอน,13,constituency,390.0,335.0,380.0,335.0,326.0,7.0,2.0,45.0,326,326,326,0,ไทรวมพลัง,172,constituency,อุบลราชธานี|2|เขต 2 อ.เมืองฯ|ตำบลหนองขอน|13,326,0.5276073619631901,1.0,กล้าธรรม,113,0.34662576687116564,59,0.1809815950920245
อุบลราชธานี,2,เขต 2 อ.เมืองฯ,ตำบลหนองขอน,14,constituency,300.0,237.0,300.0,237.0,213.0,6.0,18.0,63.0,213,213,213,0,กล้าธรรม,84,constituency,อุบลราชธานี|2|เขต 2 อ.เมืองฯ|ตำบลหนองขอน|14,213,0.39436619718309857,1.0,ไทรวมพลัง,59,0.27699530516431925,25,0.11737089201877932
อุบลราชธานี,2,เขต 2 อ.เมืองฯ,ตำบลหนองขอน,15,constituency,253.0,253.0,340.0,253.0,223.0,6.0,24.0,87.0,223,223,223,0,กล้าธรรม,90,constituency,อุบลราชธานี|2|เขต 2 อ.เมืองฯ|ตำบลหนองขอน|15,223,0.40358744394618834,1.0,ไทรวมพลัง,89,0.3991031390134529,1,0.004484304932735439
อุบลราชธานี,2,เขต 2 อ.เมืองฯ,ตำบลหนองขอน,16,constituency,291.0,,480.0,408.0,194.0,6.0,8.0,72.0,184,184,194,-10,ไทรวมพลัง,78,constituency,อุบลราชธานี|2|เขต 2 อ.เมืองฯ|ตำบลหนองขอน|16,184,0.42391304347826086,1.0,กล้าธรรม,59,0.32065217391304346,19,0.1032608695652174
อุบลราชธานี,2,เขต 2 อ.เมืองฯ,ตำบลหนองขอน,4,constituency,420.0,350.0,420.0,350.0,306.0,6.0,38.0,70.0,306,306,306,0,กล้าธรรม,110,constituency,อุบลราชธานี|2|เขต 2 อ.เมืองฯ|ตำบลหนองขอน|4,306,0.35947712418300654,1.0,ไทรวมพลัง,110,0.35947712418300654,0,0.0
อุบลราชธานี,2,เขต 2 อ.เมืองฯ,ตำบลหนองขอน,5,constituency,472.0,367.0,480.0,367.0,357.0,10.0,24.0,113.0,333,333,357,-24,กล้าธรรม,178,constituency,อุบลราชธานี|2|เขต 2 อ.เมืองฯ|ตำบลหนองขอน|5,333,0.5345345345345346,1.0,ไทรวมพลัง,69,0.2072072072072072,109,0.3273273273273274
อุบลราชธานี,2,เขต 2 อ.เมืองฯ,ตำบลหนองขอน,6,constituency,474.0,351.0,460.0,351.0,322.0,49.0,20.0,109.0,323,323,322,1,กล้าธรรม,109,constituency,อุบลราชธานี|2|เขต 2 อ.เมืองฯ|ตำบลหนองขอน|6,323,0.33746130030959753,1.0,ไทรวมพลัง,109,0.33746130030959753,0,0.0
อุบลราชธานี,2,เขต 2 อ.เมืองฯ,ตำบลหนองขอน,9,constituency,485.0,346.0,480.0,346.0,318.0,12.0,16.0,134.0,318,318,318,0,ไทรวมพลัง,124,constituency,อุบลราชธานี|2|เขต 2 อ.เมืองฯ|ตำบลหนองขอน|9,318,0.389937106918239,1.0,กล้าธรรม,98,0.3081761006289308,26,0.08176100628930821
อุบลราชธานี,2,เขตไร่น้อย,เขตไร่น้อย,1,constituency,701.0,513.0,700.0,513.0,461.0,13.0,39.0,187.0,461,461,461,0,กล้าธรรม,146,constituency,อุบลราชธานี|2|เขตไร่น้อย|เขตไร่น้อย|1,461,0.31670281995661603,1.0,ประชาชน,132,0.28633405639913234,14,0.03036876355748369
อุบลราชธานี,2,เขตไร่น้อย,เขตไร่น้อย,10,constituency,499.0,316.0,480.0,316.0,275.0,15.0,26.0,164.0,275,275,275,0,ไทรวมพลัง,99,constituency,อุบลราชธานี|2|เขตไร่น้อย|เขตไร่น้อย|10,275,0.36,1.0,กล้าธรรม,59,0.21454545454545454,40,0.14545454545454545
อุบลราชธานี,2,เขตไร่น้อย,เขตไร่น้อย,11,constituency,497.0,374.0,480.0,374.0,264.0,29.0,41.0,116.0,264,264,264,0,ไทรวมพลัง,80,constituency,อุบลราชธานี|2|เขตไร่น้อย|เขตไร่น้อย|11,264,0.30303030303030304,1.0,ประชาชน,70,0.26515151515151514,10,0.0378787878787879
อุบลราชธานี,2,เขตไร่น้อย,เขตไร่น้อย,12,constituency,504.0,,500.0,367.0,321.0,17.0,29.0,133.0,322,322,321,1,ประชาชน,109,constituency,อุบลราชธานี|2|เขตไร่น้อย|เขตไร่น้อย|12,322,0.3385093167701863,1.0,ไทรวมพลัง,72,0.2236024844720497,37,0.11490683229813661
อุบลราชธานี,2,เขตไร่น้อย,เขตไร่น้อย,13,constituency,329.0,247.0,320.0,247.0,247.0,6.0,9.0,79.0,226,226,247,-21,ไทรวมพลัง,104,constituency,อุบลราชธานี|2|เขตไร่น้อย|เขตไร่น้อย|13,226,0.46017699115044247,1.0,กล้าธรรม,50,0.22123893805309736,54,0.23893805309734512
อุบลราชธานี,2,เขตไร่น้อย,เขตไร่น้อย,14,constituency,440.0,,440.0,321.0,289.0,12.0,20.0,119.0,289,289,289,0,ไทรวมพลัง,120,constituency,อุบลราชธานี|2|เขตไร่น้อย|เขตไร่น้อย|14,289,0.41522491349480967,1.0,กล้าธรรม,91,0.314878892733564,29,0.10034602076124566
อุบลราชธานี,2,เขตไร่น้อย,เขตไร่น้อย,16,constituency,536.0,427.0,520.0,427.0,398.0,14.0,15.0,93.0,398,398,398,0,ไทรวมพลัง,262,constituency,อุบลราชธานี|2|เขตไร่น้อย|เขตไร่น้อย|16,398,0.6582914572864321,1.0,กล้าธรรม,59,0.14824120603015076,203,0.5100502512562813
อุบลราชธานี,2,เขตไร่น้อย,เขตไร่น้อย,17,constituency,540.0,407.0,540.0,407.0,385.0,11.0,11.0,132.0,385,385,385,0,ไทรวมพลัง,231,constituency,อุบลราชธานี|2|เขตไร่น้อย|เขตไร่น้อย|17,385,0.6,1.0,กล้าธรรม,72,0.18701298701298702,159,0.41298701298701296
อุบลราชธานี,2,เขตไร่น้อย,เขตไร่น้อย,18,constituency,559.0,416.0,540.0,416.0,376.0,14.0,6.0,124.0,450,450,376,74,ไทรวมพลัง,223,constituency,อุบลราชธานี|2|เขตไร่น้อย|เขตไร่น้อย|18,450,0.4955555555555556,1.0,กล้าธรรม,63,0.14,160,0.35555555555555557
อุบลราชธานี,2,เขตไร่น้อย,เขตไร่น้อย,19,constituency,210.0,154.0,200.0,154.0,139.0,9.0,6.0,46.0,84,84,139,-55,ไทรวมพลัง,45,constituency,อุบลราชธานี|2|เขตไร่น้อย|เขตไร่น้อย|19,62,0.7258064516129032,1.0,เพื่อไทย,16,0.25806451612903225,29,0.467741935483871
อุบลราชธานี,2,เขตไร่น้อย,เขตไร่น้อย,2,constituency,694.0,456.0,680.0,456.0,398.0,47.0,54.0,224.0,398,398,398,0,ประชาชน,197,constituency,อุบลราชธานี|2|เขตไร่น้อย|เขตไร่น้อย|2,398,0.4949748743718593,1.0,ไทรวมพลัง,47,0.11809045226130653,150,0.37688442211055273
อุบลราชธานี,2,เขตไร่น้อย,เขตไร่น้อย,20,constituency,491.0,346.0,480.0,346.0,312.0,18.0,16.0,134.0,312,312,312,0,ไทรวมพลัง,136,constituency,อุบลราชธานี|2|เขตไร่น้อย|เขตไร่น้อย|20,312,0.4358974358974359,1.0,กล้าธรรม,109,0.34935897435897434,27,0.08653846153846156
อุบลราชธานี,2,เขตไร่น้อย,เขตไร่น้อย,22,constituency,480.0,319.0,480.0,319.0,268.0,16.0,35.0,161.0,268,268,268,0,กล้าธรรม,128,constituency,อุบลราชธานี|2|เขตไร่น้อย|เขตไร่น้อย|22,268,0.47761194029850745,1.0,ประชาชน,70,0.26119402985074625,58,0.2164179104477612
อุบลราชธานี,2,เขตไร่น้อย,เขตไร่น้อย,23,constituency,474.0,322.0,460.0,322.0,273.0,7.0,42.0,128.0,272,272,273,-1,กล้าธรรม,84,constituency,อุบลราชธานี|2|เขตไร่น้อย|เขตไร่น้อย|23,272,0.3088235294117647,1.0,ประชาชน,81,0.2977941176470588,3,0.011029411764705899
อุบลราชธานี,2,เขตไร่น้อย,เขตไร่น้อย,25,constituency,477.0,325.0,460.0,325.0,284.0,6.0,35.0,135.0,284,284,284,0,ประชาชน,111,constituency,อุบลราชธานี|2|เขตไร่น้อย|เขตไร่น้อย|25,284,0.3908450704225352,1.0,กล้าธรรม,82,0.2887323943661972,29,0.102112676056338
อุบลราชธานี,2,เขตไร่น้อย,เขตไร่น้อย,26,constituency,554.0,403.0,540.0,403.0,358.0,8.0,37.0,131.0,358,358,358,0,กล้าธรรม,131,constituency,อุบลราชธานี|2|เขตไร่น้อย|เขตไร่น้อย|26,358,0.3659217877094972,1.0,ประชาชน,119,0.3324022346368715,12,0.03351955307262566
อุบลราชธานี,2,เขตไร่น้อย,เขตไร่น้อย,27,constituency,555.0,394.0,540.0,394.0,356.0,5.0,33.0,146.0,356,356,356,0,ประชาชน,121,constituency,อุบลราชธานี|2|เขตไร่น้อย|เขตไร่น้อย|27,356,0.3398876404494382,1.0,กล้าธรรม,117,0.32865168539325845,4,0.011235955056179747
อุบลราชธานี,2,เขตไร่น้อย,เขตไร่น้อย,28,constituency,556.0,381.0,540.0,381.0,347.0,5.0,29.0,159.0,407,407,347,60,ประชาชน,187,constituency,อุบลราชธานี|2|เขตไร่น้อย|เขตไร่น้อย|28,407,0.4594594594594595,1.0,กล้าธรรม,92,0.22604422604422605,95,0.23341523341523343
อุบลราชธานี,2,เขตไร่น้อย,เขตไร่น้อย,3,constituency,690.0,486.0,680.0,486.0,294.0,5.0,7.0,194.0,434,434,294,140,ประชาชน,193,constituency,อุบลราชธานี|2|เขตไร่น้อย|เขตไร่น้อย|3,434,0.4447004608294931,1.0,ภูมิใจไทย,54,0.12442396313364056,139,0.32027649769585254
อุบลราชธานี,2,เขตไร่น้อย,เขตไร่น้อย,30,constituency,548.0,393.0,548.0,393.0,349.0,43.0,155.0,155.0,349,349,349,0,ประชาชน,178,constituency,อุบลราชธานี|2|เขตไร่น้อย|เขตไร่น้อย|30,349,0.5100286532951289,1.0,กล้าธรรม,58,0.166189111747851,120,0.3438395415472779
อุบลราชธานี,2,เขตไร่น้อย,เขตไร่น้อย,31,constituency,520.0,388.0,520.0,388.0,362.0,12.0,14.0,132.0,362,362,362,0,ไทรวมพลัง,211,constituency,อุบลราชธานี|2|เขตไร่น้อย|เขตไร่น้อย|31,362,0.5828729281767956,1.0,กล้าธรรม,70,0.19337016574585636,141,0.38950276243093923
อุบลราชธานี,2,เขตไร่น้อย,เขตไร่น้อย,32,constituency,482.0,349.0,480.0,349.0,314.0,14.0,21.0,131.0,314,314,314,0,ไทรวมพลัง,117,constituency,อุบลราชธานี|2|เขตไร่น้อย|เขตไร่น้อย|32,314,0.37261146496815284,1.0,กล้าธรรม,80,0.25477707006369427,37,0.11783439490445857
อุบลราชธานี,2,เขตไร่น้อย,เขตไร่น้อย,33,constituency,480.0,335.0,480.0,335.0,294.0,4.0,37.0,145.0,324,324,294,30,ประชาชน,80,constituency,อุบลราชธานี|2|เขตไร่น้อย|เขตไร่น้อย|33,324,0.24691358024691357,1.0,ไทรวมพลัง,73,0.22530864197530864,7,0.021604938271604923
อุบลราชธานี,2,เขตไร่น้อย,เขตไร่น้อย,34,constituency,540.0,354.0,540.0,354.0,301.0,17.0,36.0,186.0,295,295,301,-6,กล้าธรรม,104,constituency,อุบลราชธานี|2|เขตไร่น้อย|เขตไร่น้อย|34,295,0.3525423728813559,1.0,ประชาชน,75,0.2542372881355932,29,0.09830508474576272
อุบลราชธานี,2,เขตไร่น้อย,เขตไร่น้อย,35,constituency,540.0,368.0,520.0,368.0,334.0,14.0,20.0,152.0,334,334,334,0,ไทรวมพลัง,109,constituency,อุบลราชธานี|2|เขตไร่น้อย|เขตไร่น้อย|35,334,0.3263473053892216,1.0,ประชาชน,83,0.24850299401197604,26,0.07784431137724554
อุบลราชธานี,2,เขตไร่น้อย,เขตไร่น้อย,36,constituency,538.0,394.0,520.0,394.0,349.0,10.0,35.0,126.0,349,349,349,0,กล้าธรรม,101,constituency,อุบลราชธานี|2|เขตไร่น้อย|เขตไร่น้อย|36,349,0.28939828080229224,1.0,ไทรวมพลัง,96,0.27507163323782235,5,0.014326647564469885
อุบลราชธานี,2,เขตไร่น้อย,เขตไร่น้อย,37,constituency,540.0,389.0,540.0,389.0,344.0,41.0,151.0,196.0,344,344,344,0,ประชาชน,154,constituency,อุบลราชธานี|2|เขตไร่น้อย|เขตไร่น้อย|37,344,0.4476744186046512,1.0,กล้าธรรม,68,0.19767441860465115,86,0.25
อุบลราชธานี,2,เขตไร่น้อย,เขตไร่น้อย,38,constituency,684.0,493.0,680.0,493.0,439.0,24.0,30.0,187.0,439,439,439,0,ไทรวมพลัง,208,constituency,อุบลราชธานี|2|เขตไร่น้อย|เขตไร่น้อย|38,439,0.47380410022779046,1.0,ประชาชน,89,0.20273348519362186,119,0.2710706150341686
อุบลราชธานี,2,เขตไร่น้อย,เขตไร่น้อย,40,constituency,651.0,427.0,640.0,427.0,368.0,11.0,48.0,213.0,369,369,368,1,ประชาชน,141,constituency,อุบลราชธานี|2|เขตไร่น้อย|เขตไร่น้อย|40,369,0.3821138211382114,1.0,กล้าธรรม,80,0.21680216802168023,61,0.16531165311653118
อุบลราชธานี,2,เขตไร่น้อย,เขตไร่น้อย,41,constituency,648.0,450.0,640.0,450.0,389.0,20.0,41.0,190.0,339,339,389,-50,ประชาชน,105,constituency,อุบลราชธานี|2|เขตไร่น้อย|เขตไร่น้อย|41,339,0.30973451327433627,1.0,กล้าธรรม,84,0.24778761061946902,21,0.06194690265486724
อุบลราชธานี,2,เขตไร่น้อย,เขตไร่น้อย,43,constituency,627.0,446.0,620.0,446.0,401.0,7.0,38.0,174.0,401,401,401,0,ประชาชน,117,constituency,อุบลราชธานี|2|เขตไร่น้อย|เขตไร่น้อย|43,401,0.29177057356608477,1.0,กล้าธรรม,92,0.22942643391521197,25,0.06234413965087279
อุบลราชธานี,2,เขตไร่น้อย,เขตไร่น้อย,44,constituency,511.0,270.0,500.0,370.0,317.0,21.0,32.0,130.0,317,317,317,0,ไทรวมพลัง,107,constituency,อุบลราชธานี|2|เขตไร่น้อย|เขตไร่น้อย|44,317,0.33753943217665616,1.0,กล้าธรรม,83,0.2618296529968454,24,0.07570977917981075
อุบลราชธานี,2,เขตไร่น้อย,เขตไร่น้อย,45,constituency,571.0,350.0,500.0,350.0,310.0,3.0,37.0,150.0,310,310,310,0,ประชาชน,137,constituency,อุบลราชธานี|2|เขตไร่น้อย|เขตไร่น้อย|45,310,0.44193548387096776,1.0,กล้าธรรม,48,0.15483870967741936,89,0.2870967741935484
อุบลราชธานี,2,เขตไร่น้อย,เขตไร่น้อย,5,constituency,733.0,253.0,720.0,253.0,206.0,18.0,29.0,467.0,206,206,206,0,ประชาชน,91,constituency,อุบลราชธานี|2|เขตไร่น้อย|เขตไร่น้อย|5,206,0.441747572815534,1.0,พลังประชารัฐ,28,0.13592233009708737,63,0.30582524271844663
อุบลราชธานี,2,เขตไร่น้อย,เขตไร่น้อย,6,constituency,500.0,356.0,500.0,356.0,349.0,9.0,79.0,144.0,366,366,349,17,กล้าธรรม,110,constituency,อุบลราชธานี|2|เขตไร่น้อย|เขตไร่น้อย|6,366,0.3005464480874317,1.0,ประชาชน,97,0.2650273224043716,13,0.03551912568306009
อุบลราชธานี,2,เขตไร่น้อย,เขตไร่น้อย,7,constituency,498.0,344.0,480.0,344.0,312.0,9.0,23.0,136.0,312,312,312,0,กล้าธรรม,90,constituency,อุบลราชธานี|2|เขตไร่น้อย|เขตไร่น้อย|7,312,0.28846153846153844,1.0,ประชาชน,88,0.28205128205128205,2,0.0064102564102563875
อุบลราชธานี,2,เขตไร่น้อย,เขตไร่น้อย,8,constituency,505.0,353.0,500.0,353.0,316.0,5.0,32.0,147.0,452,452,316,136,เศรษฐกิจ,147,constituency,อุบลราชธานี|2|เขตไร่น้อย|เขตไร่น้อย|8,452,0.3252212389380531,1.0,ประชาชน,124,0.2743362831858407,23,0.05088495575221241
อุบลราชธานี,2,เขตไร่น้อย,เขตไร่น้อย,9,constituency,573.0,367.0,520.0,367.0,320.0,8.0,39.0,153.0,320,320,320,0,ประชาชน,132,constituency,อุบลราชธานี|2|เขตไร่น้อย|เขตไร่น้อย|9,320,0.4125,1.0,ไทรวมพลัง,46,0.14375,86,0.26875
