polling_station_id,กล้าธรรม,ประชาชน,ประชาธิปัตย์,ภูมิใจไทย,เพื่อไทย,เศรษฐกิจ,ไทยก้าวใหม่,ไทรวมพลัง,turnout_rate,spoiled_rate,abstain_rate,cluster,province,constituency,amphoe,tambon,unit,election_type,pca_1,pca_2
อุบลราชธานี|2|ตำบลขี้เหล็ก|ตำบลขี้เหล็ก|1,0.17117117117117117,0.09309309309309309,0.0,0.03303303303303303,0.0990990990990991,0.009009009009009009,0.009009009009009009,0.5855855855855856,0.7860696517412935,0.022151898734177215,0.04430379746835443,1,อุบลราชธานี,2,ตำบลขี้เหล็ก,ตำบลขี้เหล็ก,1,constituency,-0.17264575434224147,-0.7445386386158209
อุบลราชธานี|2|ตำบลขี้เหล็ก|ตำบลขี้เหล็ก|11,0.1953125,0.1328125,0.0,0.015625,0.0703125,0.0078125,0.0,0.578125,0.845679012345679,0.032846715328467155,0.029197080291970802,1,อุบลราชธานี,2,ตำบลขี้เหล็ก,ตำบลขี้เหล็ก,11,constituency,-0.3189558271514548,-0.4391132033958172
อุบลราชธานี|2|ตำบลขี้เหล็ก|ตำบลขี้เหล็ก|2,0.2616407982261641,0.11086474501108648,0.008869179600886918,0.015521064301552107,0.026607538802660754,0.011086474501108648,0.004434589800443459,0.5609756097560976,0.7433070866141732,0.019067796610169493,0.025423728813559324,1,อุบลราชธานี,2,ตำบลขี้เหล็ก,ตำบลขี้เหล็ก,2,constituency,-0.30605008305183534,-0.5427689216610851
อุบลราชธานี|2|ตำบลขี้เหล็ก|ตำบลขี้เหล็ก|3,0.20947630922693267,0.10723192019950124,0.007481296758104738,0.014962593516209476,0.06483790523690773,0.00997506234413965,0.004987531172069825,0.5810473815461347,0.8083941605839416,0.05869074492099323,0.03611738148984198,1,อุบลราชธานี,2,ตำบลขี้เหล็ก,ตำบลขี้เหล็ก,3,constituency,0.038905650175781605,-0.28789763335787916
อุบลราชธานี|2|ตำบลขี้เหล็ก|ตำบลขี้เหล็ก|4,0.24946695095948826,0.14285714285714285,0.0042643923240938165,0.02771855010660981,0.03411513859275053,0.0042643923240938165,0.0021321961620469083,0.535181236673774,0.7792998477929984,0.02734375,0.041015625,1,อุบลราชธานี,2,ตำบลขี้เหล็ก,ตำบลขี้เหล็ก,4,constituency,-0.04540006469128777,-0.2514371122633039
อุบลราชธานี|2|ตำบลขี้เหล็ก|ตำบลขี้เหล็ก|5,0.4838709677419355,0.15668202764976957,0.002304147465437788,0.029953917050691243,0.04377880184331797,0.016129032258064516,0.002304147465437788,0.26497695852534564,0.8169491525423729,0.03734439834024896,0.05394190871369295,2,อุบลราชธานี,2,ตำบลขี้เหล็ก,ตำบลขี้เหล็ก,5,constituency,0.44089400942009255,1.187369863143344
อุบลราชธานี|2|ตำบลขี้เหล็ก|ตำบลขี้เหล็ก|6,0.36200716845878134,0.10215053763440861,0.0017921146953405018,0.014336917562724014,0.034050179211469536,0.014336917562724014,0.0017921146953405018,0.46953405017921146,0.07049608355091384,0.2962962962962963,0.3333333333333333,0,อุบลราชธานี,2,ตำบลขี้เหล็ก,ตำบลขี้เหล็ก,6,constituency,2.257504246019287,3.2232440849060544
อุบลราชธานี|2|ตำบลขี้เหล็ก|ตำบลขี้เหล็ก|7,0.35684647302904565,0.22406639004149378,0.012448132780082987,0.058091286307053944,0.1037344398340249,0.012448132780082987,0.004149377593360996,0.22821576763485477,0.7192982456140351,0.04878048780487805,0.08013937282229965,0,อุบลราชธานี,2,ตำบลขี้เหล็ก,ตำบลขี้เหล็ก,7,constituency,2.093186771740886,0.6323137426160538
อุบลราชธานี|2|ตำบลขี้เหล็ก|ตำบลขี้เหล็ก|8,0.3227990970654628,0.09480812641083522,0.011286681715575621,0.004514672686230248,0.020316027088036117,0.009029345372460496,0.002257336343115124,0.5349887133182845,0.8393501805054152,0.023655913978494623,0.021505376344086023,1,อุบลราชธานี,2,ตำบลขี้เหล็ก,ตำบลขี้เหล็ก,8,constituency,-0.4250654374578833,-0.10730092910305863
อุบลราชธานี|2|ตำบลปะอาว|ตำบลปะอาว|1,0.42473118279569894,0.12365591397849462,0.0,0.016129032258064516,0.06989247311827956,0.016129032258064516,0.005376344086021506,0.34408602150537637,0.7415730337078652,0.015151515151515152,0.03535353535353535,2,อุบลราชธานี,2,ตำบลปะอาว,ตำบลปะอาว,1,constituency,-0.2450346337627528,0.44978505645990163
อุบลราชธานี|2|ตำบลปะอาว|ตำบลปะอาว|2,0.42168674698795183,0.08032128514056225,0.004016064257028112,0.020080321285140562,0.12048192771084337,0.01606425702811245,0.004016064257028112,0.3333333333333333,0.7918918918918919,0.051194539249146756,0.08873720136518772,2,อุบลราชธานี,2,ตำบลปะอาว,ตำบลปะอาว,2,constituency,0.466569685906249,0.9939237463999003
อุบลราชธานี|2|ตำบลปะอาว|ตำบลปะอาว|3,0.25274725274725274,0.18406593406593408,0.019230769230769232,0.03021978021978022,0.1510989010989011,0.027472527472527472,0.0,0.33516483516483514,0.6392405063291139,0.04207920792079208,0.04702970297029703,0,อุบลราชธานี,2,ตำบลปะอาว,ตำบลปะอาว,3,constituency,1.8158574117862247,-0.4674703619649277
อุบลราชธานี|2|ตำบลปะอาว|ตำบลปะอาว|4,0.3772893772893773,0.11721611721611722,0.007326007326007326,0.06227106227106227,0.1391941391941392,0.02197802197802198,0.007326007326007326,0.2673992673992674,0.5953389830508474,0.0071174377224199285,0.017793594306049824,2,อุบลราชธานี,2,ตำบลปะอาว,ตำบลปะอาว,4,constituency,0.9017497328536732,-0.1972430119687154
อุบลราชธานี|2|ตำบลปะอาว|ตำบลปะอาว|5,0.441747572815534,0.17233009708737865,0.0048543689320388345,0.0412621359223301,0.16747572815533981,0.009708737864077669,0.0048543689320388345,0.15776699029126215,0.5875331564986738,0.045146726862302484,0.01580135440180587,2,อุบลราชธานี,2,ตำบลปะอาว,ตำบลปะอาว,5,constituency,1.0592157035344028,0.6820233845135478
อุบลราชธานี|2|ตำบลปะอาว|ตำบลปะอาว|6,0.32231404958677684,0.09504132231404959,0.0,0.01652892561983471,0.09917355371900827,0.012396694214876033,0.008264462809917356,0.4462809917355372,0.5576519916142557,0.03759398496240601,0.03759398496240601,1,อุบลราชธานี,2,ตำบลปะอาว,ตำบลปะอาว,6,constituency,-0.33062457184270566,-0.11303177083989015
อุบลราชธานี|2|ตำบลปะอาว|ตำบลปะอาว|7,0.3402061855670103,0.12714776632302405,0.003436426116838488,0.01718213058419244,0.11683848797250859,0.010309278350515464,0.0,0.3848797250859107,0.6934782608695652,0.03761755485893417,0.050156739811912224,2,อุบลราชธานี,2,ตำบลปะอาว,ตำบลปะอาว,7,constituency,0.23490724421826875,0.2543775610446128
อุบลราชธานี|2|ตำบลปะอาว|ตำบลปะอาว|9,0.13270142180094788,0.1848341232227488,0.004739336492890996,0.15639810426540285,0.1848341232227488,0.04739336492890995,0.0,0.2890995260663507,0.6329411764705882,0.03717472118959108,0.011152416356877323,0,อุบลราชธานี,2,ตำบลปะอาว,ตำบลปะอาว,9,constituency,3.0690660347584346,-1.1176067517517747
อุบลราชธานี|2|ตำบลหัวเรือ|ตำบลหัวเรือ|1,0.2524752475247525,0.16831683168316833,0.0024752475247524753,0.024752475247524754,0.019801980198019802,0.01485148514851485,0.0024752475247524753,0.5148514851485149,0.49032992036405004,0.02320185614849188,0.03480278422273782,1,อุบลราชธานี,2,ตำบลหัวเรือ,ตำบลหัวเรือ,1,constituency,-0.15191079541503014,-0.6803829976504383
อุบลราชธานี|2|ตำบลหัวเรือ|ตำบลหัวเรือ|10,0.14705882352941177,0.08496732026143791,0.0,0.0,0.02287581699346405,0.016339869281045753,0.0,0.7287581699346405,0.0,0.0,0.0,1,อุบลราชธานี,2,ตำบลหัวเรือ,ตำบลหัวเรือ,10,constituency,-1.7410956404419289,-2.3183749353906435
อุบลราชธานี|2|ตำบลหัวเรือ|ตำบลหัวเรือ|11,0.401330376940133,0.11529933481152993,0.0022172949002217295,0.017738359201773836,0.022172949002217297,0.008869179600886918,0.0,0.43237250554323725,0.8135593220338984,0.01875,0.03333333333333333,2,อุบลราชธานี,2,ตำบลหัวเรือ,ตำบลหัวเรือ,11,constituency,-0.45484323535138604,0.4535164782154785
อุบลราชธานี|2|ตำบลหัวเรือ|ตำบลหัวเรือ|12,0.4035532994923858,0.1319796954314721,0.0025380710659898475,0.017766497461928935,0.025380710659898477,0.0025380710659898475,0.0,0.41624365482233505,0.8378378378378378,0.019851116625310174,0.019851116625310174,2,อุบลราชธานี,2,ตำบลหัวเรือ,ตำบลหัวเรือ,12,constituency,-0.43852215318374727,0.5108945049822249
อุบลราชธานี|2|ตำบลหัวเรือ|ตำบลหัวเรือ|13,0.369281045751634,0.12091503267973856,0.0,0.013071895424836602,0.02287581699346405,0.0032679738562091504,0.006535947712418301,0.46405228758169936,0.9425837320574163,0.03299492385786802,0.02284263959390863,2,อุบลราชธานี,2,ตำบลหัวเรือ,ตำบลหัวเรือ,13,constituency,-0.5768423615743372,0.5693462243702864
อุบลราชธานี|2|ตำบลหัวเรือ|ตำบลหัวเรือ|14,0.14559386973180077,0.06130268199233716,0.0,0.02681992337164751,0.02681992337164751,0.0038314176245210726,0.0,0.735632183908046,0.8138138138138138,0.014760147601476014,0.01107011070110701,1,อุบลราชธานี,2,ตำบลหัวเรือ,ตำบลหัวเรือ,14,constituency,-1.1000894946451456,-1.0629455251825461
อุบลราชธานี|2|ตำบลหัวเรือ|ตำบลหัวเรือ|15,0.2597402597402597,0.10064935064935066,0.012987012987012988,0.00974025974025974,0.05844155844155844,0.003246753246753247,0.003246753246753247,0.551948051948052,0.22885572139303484,0.06521739130434782,0.14130434782608695,1,อุบลราชธานี,2,ตำบลหัวเรือ,ตำบลหัวเรือ,15,constituency,0.4344515416483268,-0.24425740294855738
อุบลราชธานี|2|ตำบลหัวเรือ|ตำบลหัวเรือ|2,0.31072210065645517,0.11159737417943107,0.002188183807439825,0.01312910284463895,0.0262582056892779,0.006564551422319475,0.0,0.5295404814004376,0.0,0.0,0.0,1,อุบลราชธานี,2,ตำบลหัวเรือ,ตำบลหัวเรือ,2,constituency,-1.2624904822564045,-1.3358075400949014
อุบลราชธานี|2|ตำบลหัวเรือ|ตำบลหัวเรือ|4,0.28391959798994976,0.11306532663316583,0.01256281407035176,0.02512562814070352,0.020100502512562814,0.01507537688442211,0.0,0.5301507537688442,0.0,0.0,0.0,1,อุบลราชธานี,2,ตำบลหัวเรือ,ตำบลหัวเรือ,4,constituency,-0.5382617919372507,-1.6519199221132659
อุบลราชธานี|2|ตำบลหัวเรือ|ตำบลหัวเรือ|5,0.3064516129032258,0.0846774193548387,0.008064516129032258,0.016129032258064516,0.06048387096774194,0.008064516129032258,0.0,0.5161290322580645,0.0,0.0,0.0,1,อุบลราชธานี,2,ตำบลหัวเรือ,ตำบลหัวเรือ,5,constituency,-0.9352447349810493,-1.4565952582065524
อุบลราชธานี|2|ตำบลหัวเรือ|ตำบลหัวเรือ|7,0.3210412147505423,0.13449023861171366,0.0021691973969631237,0.021691973969631236,0.015184381778741865,0.013015184381778741,0.0021691973969631237,0.49023861171366595,0.0,0.0,0.0,1,อุบลราชธานี,2,ตำบลหัวเรือ,ตำบลหัวเรือ,7,constituency,-0.9646736895970854,-1.298109973915442
อุบลราชธานี|2|ตำบลหัวเรือ|ตำบลหัวเรือ|8,0.14705882352941177,0.08496732026143791,0.0,0.0,0.02287581699346405,0.016339869281045753,0.0,0.7287581699346405,0.0,0.0,0.0,1,อุบลราชธานี,2,ตำบลหัวเรือ,ตำบลหัวเรือ,8,constituency,-1.7410956404419289,-2.3183749353906435
อุบลราชธานี|2|ตำบลเขื่องใน|เขตตำบลเขื่องใน|10,0.5960099750623441,0.05236907730673317,0.0,0.0,0.022443890274314215,0.004987531172069825,0.0024937655860349127,0.32169576059850374,0.6602475928473177,0.029166666666666667,0.0,2,อุบลราชธานี,2,ตำบลเขื่องใน,เขตตำบลเขื่องใน,10,constituency,-1.329505486859388,1.2361628564427432
อุบลราชธานี|2|ตำบลเขื่องใน|เขตตำบลเขื่องใน|12,0.29464285714285715,0.03273809523809524,0.0,0.005952380952380952,0.008928571428571428,0.0,0.0,0.6577380952380952,0.6704980842911877,0.02,0.002857142857142857,1,อุบลราชธานี,2,ตำบลเขื่องใน,เขตตำบลเขื่องใน,12,constituency,-1.7045186087213546,-0.44855433610243683
อุบลราชธานี|2|ตำบลเขื่องใน|เขตตำบลเขื่องใน|7,0.6642599277978339,0.10830324909747292,0.0,0.0036101083032490976,0.0,0.0036101083032490976,0.0,0.22021660649819494,0.7185185185185186,0.010309278350515464,0.03436426116838488,2,อุบลราชธานี,2,ตำบลเขื่องใน,เขตตำบลเขื่องใน,7,constituency,-0.8972555863097096,1.7224142198147232
อุบลราชธานี|2|ตำบลเขื่องใน|เขตตำบลเขื่องใน|8,0.6030927835051546,0.0429553264604811,0.0,0.005154639175257732,0.005154639175257732,0.010309278350515464,0.001718213058419244,0.3316151202749141,0.6740576496674058,0.03618421052631579,0.001644736842105263,2,อุบลราชธานี,2,ตำบลเขื่องใน,เขตตำบลเขื่องใน,8,constituency,-1.2819505726078917,1.3209818140175755
อุบลราชธานี|2|ตำบลเขื่องใน|เขตตำบลเขื่องใน|9,0.5625,0.07291666666666667,0.010416666666666666,0.0,0.0,0.0,0.0,0.3541666666666667,0.0,0.0,0.0,2,อุบลราชธานี,2,ตำบลเขื่องใน,เขตตำบลเขื่องใน,9,constituency,-1.3520456524901592,-0.09232733102450096
อุบลราชธานี|2|ตำบลเขื่องใน|เขตเทศบาล และนอกเขต|0,0.5344827586206896,0.022167487684729065,0.0024630541871921183,0.0,0.0,0.0,0.0,0.4408866995073892,0.8244406196213425,0.020876826722338204,0.006263048016701462,2,อุบลราชธานี,2,ตำบลเขื่องใน,เขตเทศบาล และนอกเขต,0,constituency,-1.5439068369050124,1.0134952901024359
อุบลราชธานี|2|อำเภอเขื่องใน|ตำบลกลางใหญ่|1,0.45454545454545453,0.09486166007905138,0.003952569169960474,0.007905138339920948,0.011857707509881422,0.011857707509881422,0.0,0.4150197628458498,0.5279850746268657,0.05653710247349823,0.014134275618374558,2,อุบลราชธานี,2,อำเภอเขื่องใน,ตำบลกลางใหญ่,1,constituency,-0.6575859773779397,0.6023043056345697
อุบลราชธานี|2|อำเภอเขื่องใน|ตำบลกลางใหญ่|10,0.5748031496062992,0.08661417322834646,0.031496062992125984,0.0,0.05511811023622047,0.0,0.0,0.25196850393700787,0.3485254691689008,0.007692307692307693,0.015384615384615385,2,อุบลราชธานี,2,อำเภอเขื่องใน,ตำบลกลางใหญ่,10,constituency,0.28936949964551767,0.3169872569775014
อุบลราชธานี|2|อำเภอเขื่องใน|ตำบลกลางใหญ่|11,0.5580110497237569,0.055248618784530384,0.011049723756906077,0.0,0.016574585635359115,0.0,0.0,0.35911602209944754,0.6059602649006622,0.0,0.01092896174863388,2,อุบลราชธานี,2,อำเภอเขื่องใน,ตำบลกลางใหญ่,11,constituency,-1.0222404900713213,0.6377670147349316
อุบลราชธานี|2|อำเภอเขื่องใน|ตำบลกลางใหญ่|2,0.43870967741935485,0.07741935483870968,0.0,0.0,0.025806451612903226,0.025806451612903226,0.0064516129032258064,0.4258064516129032,0.0,0.0,0.0,1,อุบลราชธานี,2,อำเภอเขื่องใน,ตำบลกลางใหญ่,2,constituency,-1.4838197831027704,-0.8282121671721506
อุบลราชธานี|2|อำเภอเขื่องใน|ตำบลกลางใหญ่|4,0.536723163841808,0.07344632768361582,0.01694915254237288,0.0,0.01694915254237288,0.005649717514124294,0.0,0.3502824858757062,0.40939597315436244,0.01639344262295082,0.00546448087431694,2,อุบลราชธานี,2,อำเภอเขื่องใน,ตำบลกลางใหญ่,4,constituency,-0.6061048091899499,0.33269202483429033
อุบลราชธานี|2|อำเภอเขื่องใน|ตำบลกลางใหญ่|5,0.5794392523364486,0.06542056074766354,0.0,0.014018691588785047,0.018691588785046728,0.0,0.0,0.32242990654205606,0.9333333333333333,0.17142857142857143,0.07142857142857142,2,อุบลราชธานี,2,อำเภอเขื่องใน,ตำบลกลางใหญ่,5,constituency,0.15922992620179174,3.22767977734875
อุบลราชธานี|2|อำเภอเขื่องใน|ตำบลกลางใหญ่|6,0.5585106382978723,0.09574468085106383,0.0,0.026595744680851064,0.026595744680851064,0.010638297872340425,0.0,0.28191489361702127,0.6405228758169934,0.01020408163265306,0.030612244897959183,2,อุบลราชธานี,2,อำเภอเขื่องใน,ตำบลกลางใหญ่,6,constituency,-0.5588995698304959,1.010310628601062
อุบลราชธานี|2|อำเภอเขื่องใน|ตำบลกลางใหญ่|8,0.5024390243902439,0.08292682926829269,0.004878048780487805,0.00975609756097561,0.024390243902439025,0.014634146341463415,0.0,0.36097560975609755,0.40831758034026466,0.027777777777777776,0.018518518518518517,2,อุบลราชธานี,2,อำเภอเขื่องใน,ตำบลกลางใหญ่,8,constituency,-0.7333631020660287,0.4204658576534394
อุบลราชธานี|2|อำเภอเขื่องใน|ตำบลก่อเอ้|1,0.34831460674157305,0.08426966292134831,0.0028089887640449437,0.016853932584269662,0.028089887640449437,0.008426966292134831,0.0,0.5112359550561798,0.7056603773584905,0.008021390374331552,0.040106951871657755,1,อุบลราชธานี,2,อำเภอเขื่องใน,ตำบลก่อเอ้,1,constituency,-0.7194898047883115,-0.08260451486376635
อุบลราชธานี|2|อำเภอเขื่องใน|ตำบลก่อเอ้|12,0.3433583959899749,0.040100250626566414,0.005012531328320802,0.012531328320802004,0.005012531328320802,0.010025062656641603,0.0,0.5839598997493735,0.7988826815642458,0.027972027972027972,0.04195804195804196,1,อุบลราชธานี,2,อำเภอเขื่องใน,ตำบลก่อเอ้,12,constituency,-0.8934790114329879,0.0978435754430265
อุบลราชธานี|2|อำเภอเขื่องใน|ตำบลก่อเอ้|2,0.26903553299492383,0.1218274111675127,0.01015228426395939,0.005076142131979695,0.03553299492385787,0.015228426395939087,0.0,0.5431472081218274,0.6962457337883959,0.014705882352941176,0.0196078431372549,1,อุบลราชธานี,2,อำเภอเขื่องใน,ตำบลก่อเอ้,2,constituency,-0.3212862256592066,-0.6475754030056903
อุบลราชธานี|2|อำเภอเขื่องใน|ตำบลก่อเอ้|3,0.37089201877934275,0.06572769953051644,0.009389671361502348,0.009389671361502348,0.03755868544600939,0.014084507042253521,0.0,0.49295774647887325,0.6057441253263708,0.03879310344827586,0.034482758620689655,1,อุบลราชธานี,2,อำเภอเขื่องใน,ตำบลก่อเอ้,3,constituency,-0.422603273943528,0.04781780483740941
อุบลราชธานี|2|อำเภอเขื่องใน|ตำบลค้อทอง|10,0.22311827956989247,0.06451612903225806,0.0,0.016129032258064516,0.03763440860215054,0.005376344086021506,0.0,0.6532258064516129,0.5541310541310541,0.02313624678663239,0.017994858611825194,1,อุบลราชธานี,2,อำเภอเขื่องใน,ตำบลค้อทอง,10,constituency,-1.1580844066854217,-0.85974465096396
อุบลราชธานี|2|อำเภอเขื่องใน|ตำบลค้อทอง|2,0.48293963254593175,0.02099737532808399,0.0026246719160104987,0.0026246719160104987,0.0026246719160104987,0.0026246719160104987,0.0,0.48556430446194226,0.7089285714285715,0.020151133501259445,0.0,2,อุบลราชธานี,2,อำเภอเขื่องใน,ตำบลค้อทอง,2,constituency,-1.5864436688146337,0.5428505966628066
อุบลราชธานี|2|อำเภอเขื่องใน|ตำบลค้อทอง|3,0.5329512893982808,0.04297994269340974,0.0,0.0,0.0,0.0057306590257879654,0.0,0.4183381088825215,0.6230636833046471,0.011049723756906077,0.022099447513812154,2,อุบลราชธานี,2,อำเภอเขื่องใน,ตำบลค้อทอง,3,constituency,-1.5299439969063744,0.7485503216347861
อุบลราชธานี|2|อำเภอเขื่องใน|ตำบลค้อทอง|4,0.0,0.0,0.0,0.0,1.0,0.0,0.0,0.0,0.6071428571428571,0.07058823529411765,0.023529411764705882,0,อุบลราชธานี,2,อำเภอเขื่องใน,ตำบลค้อทอง,4,constituency,2.876654763734663,-1.2142772906933117
อุบลราชธานี|2|อำเภอเขื่องใน|ตำบลค้อทอง|5,0.7238095238095238,0.0380952380952381,0.0,0.0,0.0,0.014285714285714285,0.0,0.22380952380952382,0.23658269441401972,0.0,0.027777777777777776,2,อุบลราชธานี,2,อำเภอเขื่องใน,ตำบลค้อทอง,5,constituency,-1.5601587432652795,1.1736388942550258
อุบลราชธานี|2|อำเภอเขื่องใน|ตำบลค้อทอง|6,0.6847133757961783,0.03184713375796178,0.0031847133757961785,0.009554140127388535,0.012738853503184714,0.006369426751592357,0.0,0.2515923566878981,0.6659751037344398,0.009345794392523364,0.012461059190031152,2,อุบลราชธานี,2,อำเภอเขื่องใน,ตำบลค้อทอง,6,constituency,-1.1894159258284827,1.5309512416087954
อุบลราชธานี|2|อำเภอเขื่องใน|ตำบลค้อทอง|7,0.3795620437956204,0.029197080291970802,0.0,0.0072992700729927005,0.043795620437956206,0.0,0.0,0.5401459854014599,0.5306859205776173,0.05442176870748299,0.013605442176870748,1,อุบลราชธานี,2,อำเภอเขื่องใน,ตำบลค้อทอง,7,constituency,-1.3081996729395047,0.2346168431103106
อุบลราชธานี|2|อำเภอเขื่องใน|ตำบลค้อทอง|8,0.5046728971962616,0.03271028037383177,0.0,0.018691588785046728,0.014018691588785047,0.004672897196261682,0.0,0.4252336448598131,0.6132596685082873,0.02702702702702703,0.009009009009009009,2,อุบลราชธานี,2,อำเภอเขื่องใน,ตำบลค้อทอง,8,constituency,-1.2690367992308818,0.7061705231983176
อุบลราชธานี|2|อำเภอเขื่องใน|ตำบลชีทวน|1,0.3799126637554585,0.034934497816593885,0.0,0.008733624454148471,0.004366812227074236,0.0,0.0,0.5720524017467249,0.5726256983240223,0.00975609756097561,0.01951219512195122,1,อุบลราชธานี,2,อำเภอเขื่องใน,ตำบลชีทวน,1,constituency,-1.6316355922647667,-0.12784280691357258
อุบลราชธานี|2|อำเภอเขื่องใน|ตำบลชีทวน|10,0.7063953488372093,0.05813953488372093,0.00872093023255814,0.0029069767441860465,0.00872093023255814,0.005813953488372093,0.0,0.20930232558139536,1.0,0.043596730245231606,0.01634877384196185,2,อุบลราชธานี,2,อำเภอเขื่องใน,ตำบลชีทวน,10,constituency,-0.5062156984816177,2.3599881149349944
อุบลราชธานี|2|อำเภอเขื่องใน|ตำบลชีทวน|11,0.6675977653631285,0.019553072625698324,0.0,0.00558659217877095,0.002793296089385475,0.00558659217877095,0.0,0.2988826815642458,0.5613496932515337,0.00819672131147541,0.01092896174863388,2,อุบลราชธานี,2,อำเภอเขื่องใน,ตำบลชีทวน,11,constituency,-1.6060840504581708,1.3139122734724147
อุบลราชธานี|2|อำเภอเขื่องใน|ตำบลชีทวน|2,0.4716981132075472,0.07169811320754717,0.0,0.0037735849056603774,0.007547169811320755,0.01509433962264151,0.0,0.43018867924528303,0.0,0.0,0.0,1,อุบลราชธานี,2,อำเภอเขื่องใน,ตำบลชีทวน,2,constituency,-1.656854895517915,-0.5582602240629326
อุบลราชธานี|2|อำเภอเขื่องใน|ตำบลชีทวน|3,0.36,0.08,0.005714285714285714,0.017142857142857144,0.015238095238095238,0.011428571428571429,0.0,0.5104761904761905,0.6089887640449438,0.01845018450184502,0.01107011070110701,1,อุบลราชธานี,2,อำเภอเขื่องใน,ตำบลชีทวน,3,constituency,-0.7674041138639144,-0.221006491289039
อุบลราชธานี|2|อำเภอเขื่องใน|ตำบลชีทวน|4,0.46766169154228854,0.03731343283582089,0.0,0.022388059701492536,0.017412935323383085,0.007462686567164179,0.0,0.44776119402985076,0.6693163751987281,0.0166270783847981,0.47268408551068886,2,อุบลราชธานี,2,อำเภอเขื่องใน,ตำบลชีทวน,4,constituency,1.267339126107775,2.3905510886309624
อุบลราชธานี|2|อำเภอเขื่องใน|ตำบลชีทวน|6,0.5618729096989966,0.05016722408026756,0.0033444816053511705,0.013377926421404682,0.026755852842809364,0.0033444816053511705,0.0033444816053511705,0.3377926421404682,0.5711678832116789,0.025559105431309903,0.012779552715654952,2,อุบลราชธานี,2,อำเภอเขื่องใน,ตำบลชีทวน,6,constituency,-0.9975883993533432,0.9433141753627575
อุบลราชธานี|2|อำเภอเขื่องใน|ตำบลชีทวน|7,0.6838709677419355,0.03870967741935484,0.0,0.012903225806451613,0.0064516129032258064,0.0064516129032258064,0.0,0.25161290322580643,0.5172413793103449,0.024242424242424242,0.01818181818181818,2,อุบลราชธานี,2,อำเภอเขื่องใน,ตำบลชีทวน,7,constituency,-1.2333650638138625,1.56299161571985
อุบลราชธานี|2|อำเภอเขื่องใน|ตำบลชีทวน|8,0.36,0.055,0.0,0.0,0.04,0.01,0.0,0.535,0.6231003039513677,0.00975609756097561,0.0,1,อุบลราชธานี,2,อำเภอเขื่องใน,ตำบลชีทวน,8,constituency,-1.4483082362035884,-0.29719985992745007
อุบลราชธานี|2|อำเภอเขื่องใน|ตำบลชีทวน|9,0.6956521739130435,0.031055900621118012,0.0,0.006211180124223602,0.006211180124223602,0.0,0.0,0.2608695652173913,0.6538461538461539,0.023529411764705882,0.023529411764705882,2,อุบลราชธานี,2,อำเภอเขื่องใน,ตำบลชีทวน,9,constituency,-1.3565560911759276,1.8340582060272308
อุบลราชธานี|2|อำเภอเขื่องใน|ตำบลท่าไห|1,0.8382352941176471,0.0661764705882353,0.0,0.0,0.007352941176470588,0.0,0.0,0.08823529411764706,0.3534798534798535,0.031088082901554404,0.0051813471502590676,2,อุบลราชธานี,2,อำเภอเขื่องใน,ตำบลท่าไห,1,constituency,-1.32487567276145,2.2812021012168584
อุบลราชธานี|2|อำเภอเขื่องใน|ตำบลท่าไห|10,0.2785714285714286,0.06785714285714285,0.0,0.007142857142857143,0.010714285714285714,0.0035714285714285713,0.0,0.6321428571428571,0.43434343434343436,0.0664451827242525,0.0033222591362126247,1,อุบลราชธานี,2,อำเภอเขื่องใน,ตำบลท่าไห,10,constituency,-1.277377635113762,-0.34850627713541793
อุบลราชธานี|2|อำเภอเขื่องใน|ตำบลท่าไห|11,0.3467741935483871,0.024193548387096774,0.004032258064516129,0.024193548387096774,0.016129032258064516,0.012096774193548387,0.0,0.5725806451612904,0.4542314335060449,0.04182509505703422,0.015209125475285171,1,อุบลราชธานี,2,อำเภอเขื่องใน,ตำบลท่าไห,11,constituency,-1.0172885767298832,-0.2799266713392692
อุบลราชธานี|2|อำเภอเขื่องใน|ตำบลท่าไห|12,0.2127659574468085,0.03829787234042553,0.0,0.00425531914893617,0.02553191489361702,0.00851063829787234,0.00425531914893617,0.7063829787234043,0.3717357910906298,0.012396694214876033,0.008264462809917356,1,อุบลราชธานี,2,อำเภอเขื่องใน,ตำบลท่าไห,12,constituency,-1.717506546967121,-1.3713491343652893
อุบลราชธานี|2|อำเภอเขื่องใน|ตำบลท่าไห|3,0.3827751196172249,0.05263157894736842,0.004784688995215311,0.009569377990430622,0.014354066985645933,0.023923444976076555,0.004784688995215311,0.507177033492823,0.438,0.0045662100456621,0.0045662100456621,1,อุบลราชธานี,2,อำเภอเขื่องใน,ตำบลท่าไห,3,constituency,-1.1349676649760974,-0.6021694070192097
อุบลราชธานี|2|อำเภอเขื่องใน|ตำบลท่าไห|5,0.32247557003257327,0.06840390879478828,0.0,0.0,0.019543973941368076,0.003257328990228013,0.0,0.5863192182410424,0.5641476274165202,0.028037383177570093,0.009345794392523364,1,อุบลราชธานี,2,อำเภอเขื่องใน,ตำบลท่าไห,5,constituency,-1.4325116315434367,-0.3021932222550107
อุบลราชธานี|2|อำเภอเขื่องใน|ตำบลท่าไห|7,0.5233644859813084,0.037383177570093455,0.0,0.009345794392523364,0.018691588785046728,0.0,0.0,0.411214953271028,0.439453125,0.04888888888888889,0.0,2,อุบลราชธานี,2,อำเภอเขื่องใน,ตำบลท่าไห,7,constituency,-1.4010739402899748,0.8006711202080979
อุบลราชธานี|2|อำเภอเขื่องใน|ตำบลท่าไห|8,0.3651877133105802,0.06484641638225255,0.0,0.006825938566552901,0.017064846416382253,0.010238907849829351,0.0,0.5358361774744027,0.5025380710659898,0.03367003367003367,0.013468013468013467,1,อุบลราชธานี,2,อำเภอเขื่องใน,ตำบลท่าไห,8,constituency,-1.2408877423591356,-0.11694010721752505
อุบลราชธานี|2|อำเภอเขื่องใน|ตำบลท่าไห|9,0.38308457711442784,0.05970149253731343,0.004975124378109453,0.004975124378109453,0.024875621890547265,0.004975124378109453,0.0,0.5174129353233831,0.0,0.0,0.0,1,อุบลราชธานี,2,อำเภอเขื่องใน,ตำบลท่าไห,9,constituency,-1.5603770125842296,-1.0386035661882123
อุบลราชธานี|2|อำเภอเขื่องใน|ตำบลธาตุน้อย|1,0.42394822006472493,0.08414239482200647,0.0,0.1423948220064725,0.02912621359223301,0.006472491909385114,0.0,0.313915857605178,0.539047619047619,0.028268551236749116,0.0176678445229682,2,อุบลราชธานี,2,อำเภอเขื่องใน,ตำบลธาตุน้อย,1,constituency,0.9391717686306903,0.43329815284296297
อุบลราชธานี|2|อำเภอเขื่องใน|ตำบลธาตุน้อย|10,0.2551546391752577,0.028350515463917526,0.0,0.002577319587628866,0.010309278350515464,0.0,0.0,0.7036082474226805,0.7222222222222222,0.022267206477732792,0.010121457489878543,1,อุบลราชธานี,2,อำเภอเขื่องใน,ตำบลธาตุน้อย,10,constituency,-1.7251142233934553,-0.5581018418978635
อุบลราชธานี|2|อำเภอเขื่องใน|ตำบลธาตุน้อย|3,0.23006833712984054,0.025056947608200455,0.004555808656036446,0.002277904328018223,0.011389521640091117,0.002277904328018223,0.002277904328018223,0.7220956719817767,0.6095617529880478,0.030501089324618737,0.006535947712418301,1,อุบลราชธานี,2,อำเภอเขื่องใน,ตำบลธาตุน้อย,3,constituency,-1.5419163243772502,-0.8501267768264428
อุบลราชธานี|2|อำเภอเขื่องใน|ตำบลธาตุน้อย|4,0.3905325443786982,0.029585798816568046,0.0,0.005917159763313609,0.005917159763313609,0.0,0.0,0.5680473372781065,0.597972972972973,0.02824858757062147,0.01694915254237288,1,อุบลราชธานี,2,อำเภอเขื่องใน,ตำบลธาตุน้อย,4,constituency,-1.5938414198257511,0.11983728250250256
อุบลราชธานี|2|อำเภอเขื่องใน|ตำบลธาตุน้อย|6,0.33519553072625696,0.09497206703910614,0.00558659217877095,0.0,0.0223463687150838,0.00558659217877095,0.0,0.5363128491620112,0.6012658227848101,0.02631578947368421,0.031578947368421054,1,อุบลราชธานี,2,อำเภอเขื่องใน,ตำบลธาตุน้อย,6,constituency,-0.8260024384324429,-0.16234676091926922
อุบลราชธานี|2|อำเภอเขื่องใน|ตำบลธาตุน้อย|7,0.413265306122449,0.07142857142857142,0.0,0.00510204081632653,0.00510204081632653,0.0,0.0,0.5051020408163265,1.0,0.047619047619047616,0.014285714285714285,2,อุบลราชธานี,2,อำเภอเขื่องใน,ตำบลธาตุน้อย,7,constituency,-1.0518270874306779,0.9561231953297173
อุบลราชธานี|2|อำเภอเขื่องใน|ตำบลธาตุน้อย|8,0.2265625,0.08333333333333333,0.005208333333333333,0.010416666666666666,0.044270833333333336,0.005208333333333333,0.0,0.625,0.634375,0.03940886699507389,0.0049261083743842365,1,อุบลราชธานี,2,อำเภอเขื่องใน,ตำบลธาตุน้อย,8,constituency,-0.7861764011141941,-0.683945665767257
อุบลราชธานี|2|อำเภอเขื่องใน|ตำบลธาตุน้อย|9,0.5735735735735735,0.02702702702702703,0.003003003003003003,0.02702702702702703,0.012012012012012012,0.006006006006006006,0.0,0.35135135135135137,0.6021699819168174,0.02702702702702703,0.003003003003003003,2,อุบลราชธานี,2,อำเภอเขื่องใน,ตำบลธาตุน้อย,9,constituency,-1.0298987503531813,1.000232642645415
อุบลราชธานี|2|อำเภอเขื่องใน|ตำบลนาคำใหญ่|3,0.20967741935483872,0.04838709677419355,0.016129032258064516,0.016129032258064516,0.016129032258064516,0.0,0.0,0.6935483870967742,0.6347826086956522,0.0547945205479452,0.0136986301369863,1,อุบลราชธานี,2,อำเภอเขื่องใน,ตำบลนาคำใหญ่,3,constituency,-0.47515502027641887,-0.7334951884702064
อุบลราชธานี|2|อำเภอเขื่องใน|ตำบลนาคำใหญ่|4,0.24615384615384617,0.046153846153846156,0.0,0.0,0.015384615384615385,0.007692307692307693,0.0,0.6846153846153846,0.822429906542056,0.028409090909090908,0.0,1,อุบลราชธานี,2,อำเภอเขื่องใน,ตำบลนาคำใหญ่,4,constituency,-1.5222634261721324,-0.5006991547037918
อุบลราชธานี|2|อำเภอเขื่องใน|ตำบลนาคำใหญ่|5,0.2631578947368421,0.006578947368421052,0.013157894736842105,0.013157894736842105,0.006578947368421052,0.006578947368421052,0.0,0.6907894736842105,0.6423076923076924,0.059880239520958084,0.029940119760479042,1,อุบลราชธานี,2,อำเภอเขื่องใน,ตำบลนาคำใหญ่,5,constituency,-0.7509413567393303,-0.38394091612831865
อุบลราชธานี|2|อำเภอเขื่องใน|ตำบลนาคำใหญ่|6,0.40117994100294985,0.0855457227138643,0.0,0.0029498525073746312,0.02064896755162242,0.011799410029498525,0.0029498525073746312,0.4749262536873156,0.5945017182130584,0.005780346820809248,0.014450867052023121,1,อุบลราชธานี,2,อำเภอเขื่องใน,ตำบลนาคำใหญ่,6,constituency,-1.2105657274229646,-0.07660808861217072
อุบลราชธานี|2|อำเภอเขื่องใน|ตำบลนาคำใหญ่|8,0.2898550724637681,0.15579710144927536,0.0036231884057971015,0.010869565217391304,0.07246376811594203,0.028985507246376812,0.0,0.4384057971014493,0.5873015873015873,0.030405405405405407,0.02364864864864865,1,อุบลราชธานี,2,อำเภอเขื่องใน,ตำบลนาคำใหญ่,8,constituency,0.06376682995909201,-0.4486367992998563
อุบลราชธานี|2|อำเภอเขื่องใน|ตำบลบ้านกอก|1,0.3712121212121212,0.10416666666666667,0.001893939393939394,0.007575757575757576,0.017045454545454544,0.0,0.0,0.4981060606060606,0.7958883994126285,0.02029520295202952,0.016605166051660517,1,อุบลราชธานี,2,อำเภอเขื่องใน,ตำบลบ้านกอก,1,constituency,-0.9172239205803238,0.2500750996541322
อุบลราชธานี|2|อำเภอเขื่องใน|ตำบลบ้านกอก|2,0.29902912621359223,0.05436893203883495,0.001941747572815534,0.001941747572815534,0.003883495145631068,0.007766990291262136,0.0,0.6310679611650486,0.7919161676646707,0.017013232514177693,0.003780718336483932,1,อุบลราชธานี,2,อำเภอเขื่องใน,ตำบลบ้านกอก,2,constituency,-1.4268097844394554,-0.36024492976412925
อุบลราชธานี|2|อำเภอเขื่องใน|ตำบลบ้านกอก|3,0.5357142857142857,0.041666666666666664,0.005952380952380952,0.0,0.005952380952380952,0.011904761904761904,0.0,0.39880952380952384,1.0,0.011627906976744186,0.011627906976744186,2,อุบลราชธานี,2,อำเภอเขื่องใน,ตำบลบ้านกอก,3,constituency,-1.0385338366916743,1.0672450121612167
อุบลราชธานี|2|อำเภอเขื่องใน|ตำบลบ้านกอก|4,0.39948453608247425,0.08247422680412371,0.002577319587628866,0.010309278350515464,0.030927835051546393,0.007731958762886598,0.0,0.46649484536082475,0.6381987577639752,0.021897810218978103,0.031630170316301706,1,อุบลราชธานี,2,อำเภอเขื่องใน,ตำบลบ้านกอก,4,constituency,-0.800695376040092,0.21248939196674968
อุบลราชธานี|2|อำเภอเขื่องใน|ตำบลบ้านกอก|5,0.43389830508474575,0.1288135593220339,0.003389830508474576,0.013559322033898305,0.03389830508474576,0.020338983050847456,0.003389830508474576,0.36271186440677966,0.6704545454545454,0.031073446327683617,0.03954802259887006,2,อุบลราชธานี,2,อำเภอเขื่องใน,ตำบลบ้านกอก,5,constituency,-0.13525957956539342,0.5127902979878883
อุบลราชธานี|2|อำเภอเขื่องใน|ตำบลบ้านกอก|6,0.29545454545454547,0.17045454545454544,0.0,0.01893939393939394,0.06060606060606061,0.011363636363636364,0.0,0.4431818181818182,0.6441048034934498,0.023728813559322035,0.03728813559322034,1,อุบลราชธานี,2,อำเภอเขื่องใน,ตำบลบ้านกอก,6,constituency,-0.07617418363517779,-0.1695004307875711
อุบลราชธานี|2|อำเภอเขื่องใน|ตำบลบ้านไทย|1,0.5211267605633803,0.04929577464788732,0.0,0.007042253521126761,0.007042253521126761,0.007042253521126761,0.0,0.4084507042253521,0.31063829787234043,0.0136986301369863,0.0136986301369863,2,อุบลราชธานี,2,อำเภอเขื่องใน,ตำบลบ้านไทย,1,constituency,-1.5195180217120217,0.30762229036726557
อุบลราชธานี|2|อำเภอเขื่องใน|ตำบลบ้านไทย|10,0.4351464435146444,0.0502092050209205,0.0,0.0041841004184100415,0.25523012552301255,0.0,0.0,0.25523012552301255,0.6770833333333334,0.035897435897435895,0.020512820512820513,2,อุบลราชธานี,2,อำเภอเขื่องใน,ตำบลบ้านไทย,10,constituency,-0.18063819605598208,0.6682293844238003
อุบลราชธานี|2|อำเภอเขื่องใน|ตำบลบ้านไทย|11,0.4293193717277487,0.041884816753926704,0.0,0.010471204188481676,0.005235602094240838,0.005235602094240838,0.0,0.5078534031413613,0.5882352941176471,0.025,0.02,1,อุบลราชธานี,2,อำเภอเขื่องใน,ตำบลบ้านไทย,11,constituency,-1.3776612645247683,0.2851673204119537
อุบลราชธานี|2|อำเภอเขื่องใน|ตำบลบ้านไทย|12,0.2804878048780488,0.06097560975609756,0.0,0.012195121951219513,0.012195121951219513,0.006097560975609756,0.0,0.6280487804878049,0.5088757396449705,0.03488372093023256,0.0,1,อุบลราชธานี,2,อำเภอเขื่องใน,ตำบลบ้านไทย,12,constituency,-1.36808812188317,-0.5867456723044394
อุบลราชธานี|2|อำเภอเขื่องใน|ตำบลบ้านไทย|3,0.6343490304709142,0.08033240997229917,0.00554016620498615,0.008310249307479225,0.019390581717451522,0.0,0.0,0.2520775623268698,0.6990654205607477,0.016042780748663103,0.016042780748663103,2,อุบลราชธานี,2,อำเภอเขื่องใน,ตำบลบ้านไทย,3,constituency,-0.7833704265051858,1.4519444698095454
อุบลราชธานี|2|อำเภอเขื่องใน|ตำบลบ้านไทย|4,0.6473829201101928,0.06060606060606061,0.0,0.0027548209366391185,0.027548209366391185,0.0027548209366391185,0.0,0.25895316804407714,0.6697080291970803,0.0027247956403269754,0.008174386920980926,2,อุบลราชธานี,2,อำเภอเขื่องใน,ตำบลบ้านไทย,4,constituency,-1.3060571331644195,1.3461717292485968
อุบลราชธานี|2|อำเภอเขื่องใน|ตำบลบ้านไทย|5,0.4267515923566879,0.07006369426751592,0.0,0.01910828025477707,0.01910828025477707,0.012738853503184714,0.0,0.45222929936305734,0.6254681647940075,0.005988023952095809,0.041916167664670656,2,อุบลราชธานี,2,อำเภอเขื่องใน,ตำบลบ้านไทย,5,constituency,-0.8968730796860195,0.22211345197385096
อุบลราชธานี|2|อำเภอเขื่องใน|ตำบลบ้านไทย|7,0.29069767441860467,0.07751937984496124,0.007751937984496124,0.015503875968992248,0.027131782945736434,0.007751937984496124,0.0,0.5736434108527132,0.5711538461538461,0.006734006734006734,0.006734006734006734,1,อุบลราชธานี,2,อำเภอเขื่องใน,ตำบลบ้านไทย,7,constituency,-0.84089684530704,-0.7758894506898308
อุบลราชธานี|2|อำเภอเขื่องใน|ตำบลบ้านไทย|8,0.37735849056603776,0.0660377358490566,0.0031446540880503146,0.015723270440251572,0.012578616352201259,0.009433962264150943,0.0031446540880503146,0.5125786163522013,0.6538461538461539,0.03235294117647059,0.03235294117647059,1,อุบลราชธานี,2,อำเภอเขื่องใน,ตำบลบ้านไทย,8,constituency,-0.8077213811960373,0.16311039740921532
อุบลราชธานี|2|อำเภอเขื่องใน|ตำบลบ้านไทย|9,0.3818984547461369,0.05739514348785872,0.002207505518763797,0.002207505518763797,0.013245033112582781,0.004415011037527594,0.002207505518763797,0.5364238410596026,0.0,0.0,0.0,1,อุบลราชธานี,2,อำเภอเขื่องใน,ตำบลบ้านไทย,9,constituency,-1.805479030572556,-1.0274264352880023
อุบลราชธานี|2|อำเภอเขื่องใน|ตำบลยางขี้นก|10,0.625,0.0625,0.0,0.0,0.005208333333333333,0.0,0.0,0.3072916666666667,0.6655629139072847,0.03482587064676617,0.029850746268656716,2,อุบลราชธานี,2,อำเภอเขื่องใน,ตำบลยางขี้นก,10,constituency,-1.1946056119059518,1.6295104487441814
อุบลราชธานี|2|อำเภอเขื่องใน|ตำบลยางขี้นก|3,0.4819277108433735,0.05783132530120482,0.0,0.004819277108433735,0.016867469879518072,0.007228915662650603,0.0,0.43132530120481927,0.6892109500805152,0.02336448598130841,0.007009345794392523,2,อุบลราชธานี,2,อำเภอเขื่องใน,ตำบลยางขี้นก,3,constituency,-1.2816676657920445,0.6275307867334369
อุบลราชธานี|2|อำเภอเขื่องใน|ตำบลยางขี้นก|5,0.0,0.0,0.0,0.0,0.0,0.0,0.0,0.0,0.0,0.0,0.0,1,อุบลราชธานี,2,อำเภอเขื่องใน,ตำบลยางขี้นก,5,constituency,-0.7455359757944447,-1.6415968670471133
อุบลราชธานี|2|อำเภอเขื่องใน|ตำบลยางขี้นก|7,0.6679841897233202,0.06719367588932806,0.0,0.007905138339920948,0.007905138339920948,0.0,0.0,0.2490118577075099,0.7542857142857143,0.007575757575757576,0.007575757575757576,2,อุบลราชธานี,2,อำเภอเขื่องใน,ตำบลยางขี้นก,7,constituency,-1.2360236007283423,1.6307696329307957
อุบลราชธานี|2|อำเภอเขื่องใน|ตำบลยางขี้นก|9,0.4772727272727273,0.03409090909090909,0.0,0.0,0.0,0.005681818181818182,0.0,0.48295454545454547,0.7120622568093385,0.01092896174863388,0.2459016393442623,2,อุบลราชธานี,2,อำเภอเขื่องใน,ตำบลยางขี้นก,9,constituency,-0.39348355843241883,1.4708820653740609
อุบลราชธานี|2|อำเภอเขื่องใน|ตำบลศรีสุข|1,0.30434782608695654,0.07608695652173914,0.0,0.0036231884057971015,0.010869565217391304,0.0,0.0,0.605072463768116,0.5433070866141733,0.028985507246376812,0.007246376811594203,1,อุบลราชธานี,2,อำเภอเขื่องใน,ตำบลศรีสุข,1,constituency,-1.4329646154976643,-0.39287215561826677
อุบลราชธานี|2|อำเภอเขื่องใน|ตำบลศรีสุข|2,0.40384615384615385,0.07692307692307693,0.003205128205128205,0.009615384615384616,0.009615384615384616,0.003205128205128205,0.003205128205128205,0.49038461538461536,0.0,0.0,0.0,1,อุบลราชธานี,2,อำเภอเขื่องใน,ตำบลศรีสุข,2,constituency,-1.5395953694762827,-0.8840260827464802
อุบลราชธานี|2|อำเภอเขื่องใน|ตำบลศรีสุข|3,0.4188034188034188,0.05413105413105413,0.002849002849002849,0.002849002849002849,0.008547008547008548,0.014245014245014245,0.002849002849002849,0.49572649572649574,0.6224137931034482,0.0221606648199446,0.002770083102493075,1,อุบลราชธานี,2,อำเภอเขื่องใน,ตำบลศรีสุข,3,constituency,-1.256975086930828,0.06906692043476535
อุบลราชธานี|2|อำเภอเขื่องใน|ตำบลศรีสุข|4,0.3368146214099217,0.033942558746736295,0.0,0.0,0.005221932114882507,0.0026109660574412533,0.0,0.6214099216710183,0.6332288401253918,0.03712871287128713,0.01485148514851485,1,อุบลราชธานี,2,อำเภอเขื่องใน,ตำบลศรีสุข,4,constituency,-1.607587456123865,-0.07306228950395313
อุบลราชธานี|2|อำเภอเขื่องใน|ตำบลศรีสุข|5,0.611353711790393,0.043668122270742356,0.008733624454148471,0.004366812227074236,0.008733624454148471,0.004366812227074236,0.0,0.31877729257641924,0.6828571428571428,0.03347280334728033,0.0041841004184100415,2,อุบลราชธานี,2,อำเภอเขื่องใน,ตำบลศรีสุข,5,constituency,-0.9162298331647624,1.304030776243686
อุบลราชธานี|2|อำเภอเขื่องใน|ตำบลศรีสุข|8,0.3350383631713555,0.04859335038363171,0.005115089514066497,0.01278772378516624,0.023017902813299233,0.010230179028132993,0.0,0.5652173913043478,0.6375,0.03431372549019608,0.00980392156862745,1,อุบลราชธานี,2,อำเภอเขื่องใน,ตำบลศรีสุข,8,constituency,-0.9582130497053588,-0.19946387026812432
อุบลราชธานี|2|อำเภอเขื่องใน|ตำบลสร้างถ่อ|10,0.4968944099378882,0.031055900621118012,0.0,0.006211180124223602,0.012422360248447204,0.006211180124223602,0.0,0.4472049689440994,0.6614173228346457,0.017857142857142856,0.023809523809523808,2,อุบลราชธานี,2,อำเภอเขื่องใน,ตำบลสร้างถ่อ,10,constituency,-1.4086604916175707,0.6660339376327724
อุบลราชธานี|2|อำเภอเขื่องใน|ตำบลสร้างถ่อ|11,0.2260536398467433,0.04597701149425287,0.0,0.007662835249042145,0.011494252873563218,0.0,0.0,0.7088122605363985,0.7294429708222812,0.025454545454545455,0.025454545454545455,1,อุบลราชธานี,2,อำเภอเขื่องใน,ตำบลสร้างถ่อ,11,constituency,-1.4479249531126295,-0.5850144942892863
อุบลราชธานี|2|อำเภอเขื่องใน|ตำบลสร้างถ่อ|13,0.4575342465753425,0.04657534246575343,0.005479452054794521,0.00821917808219178,0.01643835616438356,0.010958904109589041,0.0,0.4547945205479452,0.0,0.0,0.0,1,อุบลราชธานี,2,อำเภอเขื่องใน,ตำบลสร้างถ่อ,13,constituency,-1.5024680077133445,-0.6954406183741595
อุบลราชธานี|2|อำเภอเขื่องใน|ตำบลสร้างถ่อ|14,0.5357142857142857,0.054945054945054944,0.0,0.008241758241758242,0.013736263736263736,0.0,0.0,0.3873626373626374,0.55625,0.025280898876404494,0.008426966292134831,2,อุบลราชธานี,2,อำเภอเขื่องใน,ตำบลสร้างถ่อ,14,constituency,-1.3522526960580532,0.8335090566512066
อุบลราชธานี|2|อำเภอเขื่องใน|ตำบลสร้างถ่อ|15,0.6275862068965518,0.041379310344827586,0.0,0.0034482758620689655,0.006896551724137931,0.017241379310344827,0.0,0.30344827586206896,0.6615384615384615,0.023255813953488372,0.009966777408637873,2,อุบลราชธานี,2,อำเภอเขื่องใน,ตำบลสร้างถ่อ,15,constituency,-1.2547192571633448,1.3047136544107394
อุบลราชธานี|2|อำเภอเขื่องใน|ตำบลสร้างถ่อ|16,0.6451612903225806,0.056451612903225805,0.0,0.012096774193548387,0.004032258064516129,0.016129032258064516,0.0,0.2661290322580645,0.9560439560439561,0.022988505747126436,0.022988505747126436,2,อุบลราชธานี,2,อำเภอเขื่องใน,ตำบลสร้างถ่อ,16,constituency,-0.8429986746513052,1.843421014657076
อุบลราชธานี|2|อำเภอเขื่องใน|ตำบลสร้างถ่อ|17,0.4036363636363636,0.06545454545454546,0.0036363636363636364,0.014545454545454545,0.01090909090909091,0.0036363636363636364,0.0036363636363636364,0.49454545454545457,0.3948087431693989,0.02768166089965398,0.010380622837370242,1,อุบลราชธานี,2,อำเภอเขื่องใน,ตำบลสร้างถ่อ,17,constituency,-1.1199555054721015,-0.11421778690133554
อุบลราชธานี|2|อำเภอเขื่องใน|ตำบลสร้างถ่อ|2,0.5619047619047619,0.03571428571428571,0.002380952380952381,0.002380952380952381,0.011904761904761904,0.011904761904761904,0.0,0.3738095238095238,0.7400662251655629,0.03131991051454139,0.008948545861297539,2,อุบลราชธานี,2,อำเภอเขื่องใน,ตำบลสร้างถ่อ,2,constituency,-1.192474163203365,1.1169761126416315
อุบลราชธานี|2|อำเภอเขื่องใน|ตำบลสร้างถ่อ|3,0.5452196382428941,0.05426356589147287,0.00516795865633075,0.002583979328165375,0.015503875968992248,0.007751937984496124,0.0,0.3695090439276486,1.0,0.024691358024691357,0.01728395061728395,2,อุบลราชธานี,2,อำเภอเขื่องใน,ตำบลสร้างถ่อ,3,constituency,-0.8491820589205492,1.329541595290733
อุบลราชธานี|2|อำเภอเขื่องใน|ตำบลสร้างถ่อ|4,0.38596491228070173,0.05701754385964912,0.0043859649122807015,0.0043859649122807015,0.0043859649122807015,0.0,0.0,0.543859649122807,0.7771587743732591,0.014336917562724014,0.0035842293906810036,1,อุบลราชธานี,2,อำเภอเขื่องใน,ตำบลสร้างถ่อ,4,constituency,-1.3079950655612578,0.09901908479399918
อุบลราชธานี|2|อำเภอเขื่องใน|ตำบลสร้างถ่อ|5,0.64,0.048,0.0,0.0,0.0,0.012,0.0,0.3,0.6479217603911981,0.03018867924528302,0.026415094339622643,2,อุบลราชธานี,2,อำเภอเขื่องใน,ตำบลสร้างถ่อ,5,constituency,-1.2255275931165326,1.528600683626715
อุบลราชธานี|2|อำเภอเขื่องใน|ตำบลสร้างถ่อ|7,0.0,0.0,0.004201680672268907,0.004201680672268907,0.008403361344537815,0.004201680672268907,0.6764705882352942,0.3025210084033613,0.6614173228346457,0.0,0.0,3,อุบลราชธานี,2,อำเภอเขื่องใน,ตำบลสร้างถ่อ,7,constituency,-0.8852906300128527,-5.145560312045957
อุบลราชธานี|2|อำเภอเขื่องใน|ตำบลสร้างถ่อ|8,0.0,0.0,0.004201680672268907,0.004201680672268907,0.008403361344537815,0.004201680672268907,0.6764705882352942,0.3025210084033613,0.6614173228346457,0.0,0.0,3,อุบลราชธานี,2,อำเภอเขื่องใน,ตำบลสร้างถ่อ,8,constituency,-0.8852906300128527,-5.145560312045957
อุบลราชธานี|2|อำเภอเขื่องใน|ตำบลสร้างถ่อ|9,0.30837004405286345,0.07488986784140969,0.0,0.0,0.004405286343612335,0.00881057268722467,0.0,0.6035242290748899,0.0,0.0,0.0,1,อุบลราชธานี,2,อำเภอเขื่องใน,ตำบลสร้างถ่อ,9,constituency,-1.874732759842084,-1.407227686796531
อุบลราชธานี|2|อำเภอเขื่องใน|ตำบลสหธาตุ|2,0.3918918918918919,0.07657657657657657,0.0045045045045045045,0.009009009009009009,0.0045045045045045045,0.0045045045045045045,0.0,0.509009009009009,0.5954198473282443,0.04700854700854701,0.008547008547008548,1,อุบลราชธานี,2,อำเภอเขื่องใน,ตำบลสหธาตุ,2,constituency,-0.9350222862427193,0.24650019546808347
อุบลราชธานี|2|อำเภอเขื่องใน|ตำบลสหธาตุ|3,0.37318840579710144,0.06884057971014493,0.0036231884057971015,0.03260869565217391,0.010869565217391304,0.0036231884057971015,0.0,0.5072463768115942,0.665903890160183,0.03436426116838488,0.013745704467353952,1,อุบลราชธานี,2,อำเภอเขื่องใน,ตำบลสหธาตุ,3,constituency,-0.6791220444909898,0.16747911682838876
อุบลราชธานี|2|อำเภอเขื่องใน|ตำบลสหธาตุ|4,0.3943217665615142,0.0946372239747634,0.0,0.015772870662460567,0.03470031545741325,0.01892744479495268,0.0,0.4416403785488959,0.7316017316017316,0.029585798816568046,0.023668639053254437,2,อุบลราชธานี,2,อำเภอเขื่องใน,ตำบลสหธาตุ,4,constituency,-0.5873004797268597,0.3162328434148446
อุบลราชธานี|2|อำเภอเขื่องใน|ตำบลสหธาตุ|5,0.0,0.0,0.0,0.0,0.0,0.0,0.0,0.0,0.0,0.0,0.0,1,อุบลราชธานี,2,อำเภอเขื่องใน,ตำบลสหธาตุ,5,constituency,-0.7455359757944447,-1.6415968670471133
อุบลราชธานี|2|อำเภอเขื่องใน|ตำบลหนองเหล่า|1,0.53,0.0375,0.01,0.205,0.0,0.0075,0.0,0.21,0.7112526539278131,0.026865671641791045,0.01791044776119403,0,อุบลราชธานี,2,อำเภอเขื่องใน,ตำบลหนองเหล่า,1,constituency,2.0483862160190918,1.0866570783451048
อุบลราชธานี|2|อำเภอเขื่องใน|ตำบลหนองเหล่า|3,0.24866310160427807,0.0748663101604278,0.00267379679144385,0.013368983957219251,0.00267379679144385,0.0,0.0,0.6577540106951871,0.0,0.0,0.0,1,อุบลราชธานี,2,อำเภอเขื่องใน,ตำบลหนองเหล่า,3,constituency,-1.6907161258210663,-1.6889111808640438
อุบลราชธานี|2|อำเภอเขื่องใน|ตำบลหนองเหล่า|4,0.4230769230769231,0.07342657342657342,0.0034965034965034965,0.02097902097902098,0.006993006993006993,0.01048951048951049,0.0,0.46153846153846156,0.661504424778761,0.026755852842809364,0.010033444816053512,2,อุบลราชธานี,2,อำเภอเขื่องใน,ตำบลหนองเหล่า,4,constituency,-0.8044492978055203,0.28914719060588545
อุบลราชธานี|2|อำเภอเขื่องใน|ตำบลหนองเหล่า|5,0.5930735930735931,0.030303030303030304,0.0,0.008658008658008658,0.004329004329004329,0.012987012987012988,0.0,0.35064935064935066,0.5989583333333334,0.013043478260869565,0.021739130434782608,2,อุบลราชธานี,2,อำเภอเขื่องใน,ตำบลหนองเหล่า,5,constituency,-1.3501096689045662,1.0119295126756513
อุบลราชธานี|2|อำเภอเขื่องใน|ตำบลหนองเหล่า|8,0.0023923444976076554,0.01674641148325359,0.0,0.0,0.004784688995215311,0.0,0.6100478468899522,0.3660287081339713,0.7833333333333333,0.0,0.0,3,อุบลราชธานี,2,อำเภอเขื่องใน,ตำบลหนองเหล่า,8,constituency,-1.1546887942121624,-4.621257570569072
อุบลราชธานี|2|อำเภอเขื่องใน|ตำบลหนองเหล่า|9,0.24866310160427807,0.0748663101604278,0.00267379679144385,0.013368983957219251,0.00267379679144385,0.0,0.0,0.6577540106951871,0.0,0.0,0.0,1,อุบลราชธานี,2,อำเภอเขื่องใน,ตำบลหนองเหล่า,9,constituency,-1.6907161258210663,-1.6889111808640438
อุบลราชธานี|2|อำเภอเขื่องใน|ตำบลหัวดอน|1,0.28085106382978725,0.08085106382978724,0.00851063829787234,0.00425531914893617,0.01702127659574468,0.00425531914893617,0.0,0.6042553191489362,0.0,0.0,0.0,1,อุบลราชธานี,2,อำเภอเขื่องใน,ตำบลหัวดอน,1,constituency,-1.3759422425630077,-1.6116961297216978
อุบลราชธานี|2|อำเภอเขื่องใน|ตำบลหัวดอน|10,0.4768392370572207,0.09809264305177112,0.0027247956403269754,0.027247956403269755,0.09809264305177112,0.01907356948228883,0.0,0.2779291553133515,0.65625,0.02756892230576441,0.05012531328320802,2,อุบลราชธานี,2,อำเภอเขื่องใน,ตำบลหัวดอน,10,constituency,0.180589522858458,0.7743975989172204
อุบลราชธานี|2|อำเภอเขื่องใน|ตำบลหัวดอน|11,0.5090361445783133,0.08132530120481928,0.015060240963855422,0.0030120481927710845,0.012048192771084338,0.018072289156626505,0.0,0.3614457831325301,0.0,0.0,0.0,1,อุบลราชธานี,2,อำเภอเขื่องใน,ตำบลหัวดอน,11,constituency,-0.8152320373114781,-0.545195339612213
อุบลราชธานี|2|อำเภอเขื่องใน|ตำบลหัวดอน|2,0.36492890995260663,0.07109004739336493,0.009478672985781991,0.018957345971563982,0.004739336492890996,0.018957345971563982,0.0,0.5118483412322274,0.6706948640483383,0.02702702702702703,0.02252252252252252,1,อุบลราชธานี,2,อำเภอเขื่องใน,ตำบลหัวดอน,2,constituency,-0.44853689575537464,-0.0989657044031523
อุบลราชธานี|2|อำเภอเขื่องใน|ตำบลหัวดอน|3,0.6727272727272727,0.04727272727272727,0.0,0.0036363636363636364,0.014545454545454545,0.0,0.0036363636363636364,0.2581818181818182,0.5613682092555332,0.010752688172043012,0.0035842293906810036,2,อุบลราชธานี,2,อำเภอเขื่องใน,ตำบลหัวดอน,3,constituency,-1.4779433425518875,1.3958827061142756
อุบลราชธานี|2|อำเภอเขื่องใน|ตำบลหัวดอน|6,0.4015748031496063,0.05905511811023622,0.0,0.007874015748031496,0.05905511811023622,0.011811023622047244,0.0,0.46062992125984253,0.5143312101910829,0.034055727554179564,0.015479876160990712,1,อุบลราชธานี,2,อำเภอเขื่องใน,ตำบลหัวดอน,6,constituency,-1.0058068696317626,0.10753743883598742
อุบลราชธานี|2|อำเภอเขื่องใน|ตำบลหัวดอน|7,0.5078125,0.125,0.0,0.03515625,0.11328125,0.015625,0.0,0.203125,0.5407407407407407,0.0547945205479452,0.04452054794520548,2,อุบลราชธานี,2,อำเภอเขื่องใน,ตำบลหัวดอน,7,constituency,0.45973414997767925,1.1496502766368797
อุบลราชธานี|2|อำเภอเขื่องใน|ตำบลแดงหม้อ|1,0.4101796407185629,0.09880239520958084,0.008982035928143712,0.020958083832335328,0.017964071856287425,0.011976047904191617,0.0,0.4311377245508982,0.0,0.0,0.0,1,อุบลราชธานี,2,อำเภอเขื่องใน,ตำบลแดงหม้อ,1,constituency,-0.8264504519505409,-0.9226122377012899
อุบลราชธานี|2|อำเภอเขื่องใน|ตำบลแดงหม้อ|3,0.1694915254237288,0.07627118644067797,0.0,0.0,0.00847457627118644,0.00847457627118644,0.0,0.7372881355932204,0.06,0.16666666666666666,0.08333333333333333,1,อุบลราชธานี,2,อำเภอเขื่องใน,ตำบลแดงหม้อ,3,constituency,-0.5516213234686415,-0.12417798324276244
อุบลราชธานี|2|อำเภอเขื่องใน|ตำบลแดงหม้อ|4,0.2254335260115607,0.06936416184971098,0.005780346820809248,0.005780346820809248,0.005780346820809248,0.017341040462427744,0.0,0.6705202312138728,0.2695035460992908,0.02631578947368421,0.013157894736842105,1,อุบลราชธานี,2,อำเภอเขื่องใน,ตำบลแดงหม้อ,4,constituency,-1.1652193524931036,-1.3516184230644992
อุบลราชธานี|2|อำเภอเขื่องใน|ตำบลแดงหม้อ|6,0.32642487046632124,0.05699481865284974,0.0,0.0,0.015544041450777202,0.0051813471502590676,0.0,0.5958549222797928,0.6125,0.015306122448979591,0.0,1,อุบลราชธานี,2,อำเภอเขื่องใน,ตำบลแดงหม้อ,6,constituency,-1.5983769151864777,-0.41326465099307785
อุบลราชธานี|2|อำเภอเขื่องใน|ตำบลโนนรัง|1,0.36688311688311687,0.048701298701298704,0.0,0.006493506493506494,0.016233766233766232,0.006493506493506494,0.0,0.5551948051948052,0.4241192411924119,0.009584664536741214,0.003194888178913738,1,อุบลราชธานี,2,อำเภอเขื่องใน,ตำบลโนนรัง,1,constituency,-1.6145730186448803,-0.47345761111739265
อุบลราชธานี|2|อำเภอเขื่องใน|ตำบลโนนรัง|2,0.34831460674157305,0.08426966292134831,0.0028089887640449437,0.016853932584269662,0.028089887640449437,0.008426966292134831,0.0,0.5112359550561798,0.7056603773584905,0.008021390374331552,0.040106951871657755,1,อุบลราชธานี,2,อำเภอเขื่องใน,ตำบลโนนรัง,2,constituency,-0.7194898047883115,-0.08260451486376635
อุบลราชธานี|2|อำเภอเขื่องใน|ตำบลโนนรัง|3,0.6946308724832215,0.04697986577181208,0.003355704697986577,0.0,0.010067114093959731,0.006711409395973154,0.0,0.23825503355704697,1.0,0.012987012987012988,0.01948051948051948,2,อุบลราชธานี,2,อำเภอเขื่องใน,ตำบลโนนรัง,3,constituency,-1.0174274210900673,2.0543489287300583
อุบลราชธานี|2|อำเภอเขื่องใน|ตำบลโนนรัง|4,0.6385542168674698,0.0572289156626506,0.0,0.006024096385542169,0.012048192771084338,0.0,0.0,0.286144578313253,0.5863247863247864,0.02040816326530612,0.011661807580174927,2,อุบลราชธานี,2,อำเภอเขื่องใน,ตำบลโนนรัง,4,constituency,-1.3108653834203794,1.3959257321937992
อุบลราชธานี|2|อำเภอเขื่องใน|ตำบลโนนรัง|6,0.3448275862068966,0.09195402298850575,0.022988505747126436,0.0,0.011494252873563218,0.011494252873563218,0.0,0.5172413793103449,0.75,0.011111111111111112,0.022222222222222223,1,อุบลราชธานี,2,อำเภอเขื่องใน,ตำบลโนนรัง,6,constituency,-0.06569839951747806,-0.37594313672633595
อุบลราชธานี|2|เขต 2 อ.เมืองฯ|ตำบลหนองขอน|1,0.45,0.12142857142857143,0.007142857142857143,0.025,0.1,0.010714285714285714,0.0,0.2857142857142857,0.6834862385321101,0.026845637583892617,0.026845637583892617,2,อุบลราชธานี,2,เขต 2 อ.เมืองฯ,ตำบลหนองขอน,1,constituency,0.294006689102031,0.5876491574605898
อุบลราชธานี|2|เขต 2 อ.เมืองฯ|ตำบลหนองขอน|10,0.21082621082621084,0.17663817663817663,0.008547008547008548,0.039886039886039885,0.045584045584045586,0.022792022792022793,0.008547008547008548,0.48717948717948717,0.76171875,0.010256410256410256,0.07435897435897436,1,อุบลราชธานี,2,เขต 2 อ.เมืองฯ,ตำบลหนองขอน,10,constituency,0.8678768360737825,-0.6545143388947404
อุบลราชธานี|2|เขต 2 อ.เมืองฯ|ตำบลหนองขอน|11,0.279383429672447,0.12716763005780346,0.005780346820809248,0.011560693641618497,0.055876685934489405,0.009633911368015413,0.0,0.5105973025048169,0.7194513715710723,0.038128249566724434,0.058925476603119586,1,อุบลราชธานี,2,เขต 2 อ.เมืองฯ,ตำบลหนองขอน,11,constituency,-0.008855770156865075,-0.05886071620910125
อุบลราชธานี|2|เขต 2 อ.เมืองฯ|ตำบลหนองขอน|12,0.3080568720379147,0.23696682464454977,0.02132701421800948,0.04976303317535545,0.08056872037914692,0.011848341232227487,0.0,0.2914691943127962,0.7225609756097561,0.02531645569620253,0.08016877637130802,0,อุบลราชธานี,2,เขต 2 อ.เมืองฯ,ตำบลหนองขอน,12,constituency,2.1943659370407156,0.05289289340555058
อุบลราชธานี|2|เขต 2 อ.เมืองฯ|ตำบลหนองขอน|13,0.3476923076923077,0.06461538461538462,0.003076923076923077,0.0,0.04,0.012307692307692308,0.003076923076923077,0.5292307692307693,0.8589743589743589,0.020895522388059702,0.005970149253731343,1,อุบลราชธานี,2,เขต 2 อ.เมืองฯ,ตำบลหนองขอน,13,constituency,-1.017303996152432,-0.0003993317413478041
อุบลราชธานี|2|เขต 2 อ.เมืองฯ|ตำบลหนองขอน|14,0.39436619718309857,0.13615023474178403,0.014084507042253521,0.056338028169014086,0.09859154929577464,0.014084507042253521,0.009389671361502348,0.27699530516431925,0.79,0.02531645569620253,0.0759493670886076,0,อุบลราชธานี,2,เขต 2 อ.เมืองฯ,ตำบลหนองขอน,14,constituency,1.4906986031350016,0.5128817099876409
อุบลราชธานี|2|เขต 2 อ.เมืองฯ|ตำบลหนองขอน|15,0.40540540540540543,0.13063063063063063,0.009009009009009009,0.03153153153153153,0.009009009009009009,0.009009009009009009,0.0045045045045045045,0.4009009009009009,1.0,0.023715415019762844,0.09486166007905138,2,อุบลราชธานี,2,เขต 2 อ.เมืองฯ,ตำบลหนองขอน,15,constituency,0.556923772681293,0.9337247831573605
อุบลราชธานี|2|เขต 2 อ.เมืองฯ|ตำบลหนองขอน|16,0.3224043715846995,0.09836065573770492,0.00546448087431694,0.02185792349726776,0.10382513661202186,0.01639344262295082,0.00546448087431694,0.4262295081967213,0.0,0.0,0.0,1,อุบลราชธานี,2,เขต 2 อ.เมืองฯ,ตำบลหนองขอน,16,constituency,-0.5732612409179259,-1.376674880925293
อุบลราชธานี|2|เขต 2 อ.เมืองฯ|ตำบลหนองขอน|4,0.36423841059602646,0.16556291390728478,0.016556291390728478,0.03642384105960265,0.046357615894039736,0.0033112582781456954,0.0033112582781456954,0.36423841059602646,0.8333333333333334,0.017142857142857144,0.10857142857142857,0,อุบลราชธานี,2,เขต 2 อ.เมืองฯ,ตำบลหนองขอน,4,constituency,1.258920704034926,0.5171904040542978
อุบลราชธานี|2|เขต 2 อ.เมืองฯ|ตำบลหนองขอน|5,0.536144578313253,0.13253012048192772,0.015060240963855422,0.0391566265060241,0.0572289156626506,0.009036144578313253,0.0030120481927710845,0.20783132530120482,0.777542372881356,0.027247956403269755,0.0653950953678474,2,อุบลราชธานี,2,เขต 2 อ.เมืองฯ,ตำบลหนองขอน,5,constituency,1.0361442956778562,1.2523543302431912
อุบลราชธานี|2|เขต 2 อ.เมืองฯ|ตำบลหนองขอน|6,0.34276729559748426,0.1069182389937107,0.0031446540880503146,0.040880503144654086,0.13522012578616352,0.025157232704402517,0.0031446540880503146,0.34276729559748426,0.740506329113924,0.1396011396011396,0.05698005698005698,0,อุบลราชธานี,2,เขต 2 อ.เมืองฯ,ตำบลหนองขอน,6,constituency,1.3112522616854287,1.242470337241848
อุบลราชธานี|2|เขต 2 อ.เมืองฯ|ตำบลหนองขอน|9,0.310126582278481,0.18354430379746836,0.012658227848101266,0.015822784810126583,0.06962025316455696,0.015822784810126583,0.0,0.3924050632911392,0.7134020618556701,0.03468208092485549,0.046242774566473986,1,อุบลราชธานี,2,เขต 2 อ.เมืองฯ,ตำบลหนองขอน,9,constituency,0.8016698159170927,-0.03076746017114589
อุบลราชธานี|2|เขตไร่น้อย|เขตไร่น้อย|1,0.31947483588621445,0.2888402625820569,0.015317286652078774,0.08096280087527352,0.07658643326039387,0.0262582056892779,0.00437636761487965,0.18818380743982493,0.7318116975748931,0.025341130604288498,0.07602339181286549,0,อุบลราชธานี,2,เขตไร่น้อย,เขตไร่น้อย,1,constituency,2.8314839393621973,0.1660239549539333
อุบลราชธานี|2|เขตไร่น้อย|เขตไร่น้อย|10,0.2177121771217712,0.1992619926199262,0.04059040590405904,0.04428044280442804,0.0996309963099631,0.025830258302583026,0.007380073800738007,0.36531365313653136,0.6332665330661322,0.04746835443037975,0.08227848101265822,0,อุบลราชธานี,2,เขตไร่น้อย,เขตไร่น้อย,10,constituency,3.0767902714954136,-0.7289211613508546
อุบลราชธานี|2|เขตไร่น้อย|เขตไร่น้อย|11,0.2548262548262548,0.2702702702702703,0.003861003861003861,0.05791505791505792,0.06177606177606178,0.03861003861003861,0.003861003861003861,0.3088803088803089,0.7525150905432596,0.07754010695187166,0.10962566844919786,0,อุบลราชธานี,2,เขตไร่น้อย,เขตไร่น้อย,11,constituency,2.3258402177432083,0.4837536319493862
อุบลราชธานี|2|เขตไร่น้อย|เขตไร่น้อย|12,0.21766561514195584,0.3438485804416404,0.01892744479495268,0.06624605678233439,0.08517350157728706,0.028391167192429023,0.012618296529968454,0.22712933753943218,0.0,0.0,0.0,0,อุบลราชธานี,2,เขตไร่น้อย,เขตไร่น้อย,12,constituency,2.273181398489327,-1.873567712064933
อุบลราชธานี|2|เขตไร่น้อย|เขตไร่น้อย|13,0.2222222222222222,0.16,0.022222222222222223,0.035555555555555556,0.08444444444444445,0.013333333333333334,0.0,0.4622222222222222,0.7507598784194529,0.024291497975708502,0.03643724696356275,0,อุบลราชธานี,2,เขตไร่น้อย,เขตไร่น้อย,13,constituency,1.2936669853836062,-0.7039344679412651
อุบลราชธานี|2|เขตไร่น้อย|เขตไร่น้อย|14,0.3181818181818182,0.15034965034965034,0.0034965034965034965,0.027972027972027972,0.05244755244755245,0.024475524475524476,0.0034965034965034965,0.4195804195804196,0.0,0.0,0.0,1,อุบลราชธานี,2,เขตไร่น้อย,เขตไร่น้อย,14,constituency,-0.4078281567037218,-1.372010719654263
อุบลราชธานี|2|เขตไร่น้อย|เขตไร่น้อย|16,0.14898989898989898,0.12373737373737374,0.0025252525252525255,0.020202020202020204,0.03535353535353535,0.007575757575757576,0.0,0.6616161616161617,0.7966417910447762,0.03278688524590164,0.0351288056206089,1,อุบลราชธานี,2,เขตไร่น้อย,เขตไร่น้อย,16,constituency,-0.37780666774818455,-0.7749275672343409
อุบลราชธานี|2|เขตไร่น้อย|เขตไร่น้อย|17,0.18947368421052632,0.09473684210526316,0.010526315789473684,0.015789473684210527,0.060526315789473685,0.007894736842105263,0.013157894736842105,0.6078947368421053,0.7537037037037037,0.02702702702702703,0.02702702702702703,1,อุบลราชธานี,2,เขตไร่น้อย,เขตไร่น้อย,17,constituency,-0.17263136534423684,-0.8795891511301975
อุบลราชธานี|2|เขตไร่น้อย|เขตไร่น้อย|18,0.14093959731543623,0.1297539149888143,0.0044742729306487695,0.017897091722595078,0.08277404921700224,0.11185682326621924,0.013422818791946308,0.4988814317673378,0.7441860465116279,0.03365384615384615,0.014423076923076924,1,อุบลราชธานี,2,เขตไร่น้อย,เขตไร่น้อย,18,constituency,0.9519197985222273,-1.7300015562099003
อุบลราชธานี|2|เขตไร่น้อย|เขตไร่น้อย|19,0.0,0.0,0.016129032258064516,0.0,0.25806451612903225,0.0,0.0,0.7258064516129032,0.7333333333333333,0.05844155844155844,0.03896103896103896,1,อุบลราชธานี,2,เขตไร่น้อย,เขตไร่น้อย,19,constituency,0.1968745037662195,-1.6013599361885287
อุบลราชธานี|2|เขตไร่น้อย|เขตไร่น้อย|2,0.1012987012987013,0.5116883116883116,0.046753246753246755,0.08571428571428572,0.1012987012987013,0.025974025974025976,0.005194805194805195,0.12207792207792208,0.6570605187319885,0.10307017543859649,0.11842105263157894,0,อุบลราชธานี,2,เขตไร่น้อย,เขตไร่น้อย,2,constituency,6.414304989747775,-0.2772483195308909
อุบลราชธานี|2|เขตไร่น้อย|เขตไร่น้อย|20,0.3538961038961039,0.1038961038961039,0.003246753246753247,0.02922077922077922,0.06168831168831169,0.006493506493506494,0.0,0.44155844155844154,0.7046843177189409,0.05202312138728324,0.046242774566473986,1,อุบลราชธานี,2,เขตไร่น้อย,เขตไร่น้อย,20,constituency,0.023940484198716236,0.4590336656220612
อุบลราชธานี|2|เขตไร่น้อย|เขตไร่น้อย|22,0.48484848484848486,0.26515151515151514,0.007575757575757576,0.030303030303030304,0.06818181818181818,0.011363636363636364,0.007575757575757576,0.125,0.6645833333333333,0.050156739811912224,0.109717868338558,0,อุบลราชธานี,2,เขตไร่น้อย,เขตไร่น้อย,22,constituency,1.7584955570351204,1.4550147472501063
อุบลราชธานี|2|เขตไร่น้อย|เขตไร่น้อย|23,0.3111111111111111,0.3,0.007407407407407408,0.0962962962962963,0.10740740740740741,0.040740740740740744,0.003703703703703704,0.13333333333333333,0.679324894514768,0.021739130434782608,0.13043478260869565,0,อุบลราชธานี,2,เขตไร่น้อย,เขตไร่น้อย,23,constituency,3.292970273691407,0.2921814770312636
อุบลราชธานี|2|เขตไร่น้อย|เขตไร่น้อย|25,0.296028880866426,0.4007220216606498,0.018050541516245487,0.06859205776173286,0.06498194945848375,0.02888086642599278,0.0036101083032490976,0.11913357400722022,0.6813417190775681,0.018461538461538463,0.1076923076923077,0,อุบลราชธานี,2,เขตไร่น้อย,เขตไร่น้อย,25,constituency,3.5576189122830657,0.11176311264497767
อุบลราชธานี|2|เขตไร่น้อย|เขตไร่น้อย|26,0.3700564971751412,0.3361581920903955,0.005649717514124294,0.06779661016949153,0.07344632768361582,0.005649717514124294,0.005649717514124294,0.13559322033898305,0.7274368231046932,0.019851116625310174,0.09181141439205956,0,อุบลราชธานี,2,เขตไร่น้อย,เขตไร่น้อย,26,constituency,2.3292514619833624,0.7428369484611663
อุบลราชธานี|2|เขตไร่น้อย|เขตไร่น้อย|27,0.3342857142857143,0.3457142857142857,0.025714285714285714,0.06,0.09714285714285714,0.02,0.005714285714285714,0.11142857142857143,0.7099099099099099,0.012690355329949238,0.08375634517766498,0,อุบลราชธานี,2,เขตไร่น้อย,เขตไร่น้อย,27,constituency,3.382811358993055,0.09326269553331487
อุบลราชธานี|2|เขตไร่น้อย|เขตไร่น้อย|28,0.23,0.4675,0.03,0.07,0.07,0.02,0.005,0.1075,0.685251798561151,0.013123359580052493,0.07611548556430446,0,อุบลราชธานี,2,เขตไร่น้อย,เขตไร่น้อย,28,constituency,4.266927184214814,-0.43033653028284397
อุบลราชธานี|2|เขตไร่น้อย|เขตไร่น้อย|3,0.10526315789473684,0.46172248803827753,0.04066985645933014,0.1291866028708134,0.09808612440191387,0.03588516746411483,0.009569377990430622,0.11961722488038277,0.7043478260869566,0.0102880658436214,0.01440329218106996,0,อุบลราชธานี,2,เขตไร่น้อย,เขตไร่น้อย,3,constituency,5.508012128807052,-1.5512776305791685
อุบลราชธานี|2|เขตไร่น้อย|เขตไร่น้อย|30,0.17210682492581603,0.5281899109792285,0.020771513353115726,0.12166172106824925,0.06231454005934718,0.017804154302670624,0.0,0.0771513353115727,0.7171532846715328,0.10941475826972011,0.3944020356234097,0,อุบลราชธานี,2,เขตไร่น้อย,เขตไร่น้อย,30,constituency,7.1039600578466775,1.8309840715816408
อุบลราชธานี|2|เขตไร่น้อย|เขตไร่น้อย|31,0.19498607242339833,0.14484679665738162,0.002785515320334262,0.013927576601671309,0.036211699164345405,0.008356545961002786,0.011142061281337047,0.5877437325905293,0.7461538461538462,0.030927835051546393,0.03608247422680412,1,อุบลราชธานี,2,เขตไร่น้อย,เขตไร่น้อย,31,constituency,-0.29224856083215317,-0.6346115015934224
อุบลราชธานี|2|เขตไร่น้อย|เขตไร่น้อย|32,0.26058631921824105,0.18566775244299674,0.016286644951140065,0.029315960912052116,0.11074918566775244,0.009771986970684038,0.006514657980456026,0.3811074918566775,0.7240663900414938,0.04011461318051576,0.06017191977077364,0,อุบลราชธานี,2,เขตไร่น้อย,เขตไร่น้อย,32,constituency,1.4051260778274979,-0.17106805721836607
อุบลราชธานี|2|เขตไร่น้อย|เขตไร่น้อย|33,0.22929936305732485,0.25477707006369427,0.022292993630573247,0.14012738853503184,0.10509554140127389,0.01592356687898089,0.0,0.23248407643312102,0.6979166666666666,0.011940298507462687,0.11044776119402985,0,อุบลราชธานี,2,เขตไร่น้อย,เขตไร่น้อย,33,constituency,3.8710888855189975,-0.30709631965082124
อุบลราชธานี|2|เขตไร่น้อย|เขตไร่น้อย|34,0.3561643835616438,0.2568493150684932,0.0273972602739726,0.05821917808219178,0.0684931506849315,0.003424657534246575,0.003424657534246575,0.22602739726027396,0.6555555555555556,0.0480225988700565,0.1016949152542373,0,อุบลราชธานี,2,เขตไร่น้อย,เขตไร่น้อย,34,constituency,2.82935166662775,0.5439536098042043
อุบลราชธานี|2|เขตไร่น้อย|เขตไร่น้อย|35,0.24848484848484848,0.2515151515151515,0.00909090909090909,0.05757575757575758,0.07272727272727272,0.02727272727272727,0.0030303030303030303,0.3303030303030303,0.6814814814814815,0.03804347826086957,0.05434782608695652,0,อุบลราชธานี,2,เขตไร่น้อย,เขตไร่น้อย,35,constituency,1.8318402411828245,-0.2506325926429964
อุบลราชธานี|2|เขตไร่น้อย|เขตไร่น้อย|36,0.2936046511627907,0.2558139534883721,0.023255813953488372,0.05232558139534884,0.08139534883720931,0.014534883720930232,0.0,0.27906976744186046,0.7323420074349443,0.025380710659898477,0.08883248730964467,0,อุบลราชธานี,2,เขตไร่น้อย,เขตไร่น้อย,36,constituency,2.5186149241810565,0.007363826071473925
อุบลราชธานี|2|เขตไร่น้อย|เขตไร่น้อย|37,0.20298507462686566,0.4597014925373134,0.023880597014925373,0.05970149253731343,0.056716417910447764,0.01791044776119403,0.0029850746268656717,0.1761194029850746,0.7203703703703703,0.10539845758354756,0.38817480719794345,0,อุบลราชธานี,2,เขตไร่น้อย,เขตไร่น้อย,37,constituency,5.847936755139034,1.7253777520084135
อุบลราชธานี|2|เขตไร่น้อย|เขตไร่น้อย|38,0.15473441108545036,0.20554272517321015,0.016166281755196306,0.06466512702078522,0.050808314087759814,0.020785219399538105,0.006928406466512702,0.48036951501154734,0.7207602339181286,0.0486815415821501,0.060851926977687626,0,อุบลราชธานี,2,เขตไร่น้อย,เขตไร่น้อย,38,constituency,1.8649928662233843,-0.6974331731158859
อุบลราชธานี|2|เขตไร่น้อย|เขตไร่น้อย|40,0.2222222222222222,0.39166666666666666,0.030555555555555555,0.08055555555555556,0.15555555555555556,0.016666666666666666,0.002777777777777778,0.1,0.6559139784946236,0.02576112412177986,0.11241217798594848,0,อุบลราชธานี,2,เขตไร่น้อย,เขตไร่น้อย,40,constituency,4.574776247157286,-0.2563067149333952
อุบลราชธานี|2|เขตไร่น้อย|เขตไร่น้อย|41,0.2553191489361702,0.3191489361702128,0.03951367781155015,0.12462006079027356,0.1276595744680851,0.0243161094224924,0.0060790273556231,0.1033434650455927,0.6944444444444444,0.044444444444444446,0.09111111111111111,0,อุบลราชธานี,2,เขตไร่น้อย,เขตไร่น้อย,41,constituency,5.168614373666673,-0.15710619402372372
อุบลราชธานี|2|เขตไร่น้อย|เขตไร่น้อย|43,0.233502538071066,0.2969543147208122,0.012690355329949238,0.10152284263959391,0.09644670050761421,0.02030456852791878,0.007614213197969543,0.23096446700507614,0.7113237639553429,0.01569506726457399,0.08520179372197309,0,อุบลราชธานี,2,เขตไร่น้อย,เขตไร่น้อย,43,constituency,3.030210618959544,-0.2801188491788151
อุบลราชธานี|2|เขตไร่น้อย|เขตไร่น้อย|44,0.266025641025641,0.23076923076923078,0.01282051282051282,0.04487179487179487,0.08333333333333333,0.019230769230769232,0.0,0.34294871794871795,0.5283757338551859,0.07777777777777778,0.11851851851851852,0,อุบลราชธานี,2,เขตไร่น้อย,เขตไร่น้อย,44,constituency,2.1474446606055704,0.2971377434456198
อุบลราชธานี|2|เขตไร่น้อย|เขตไร่น้อย|45,0.16161616161616163,0.4612794612794613,0.020202020202020204,0.09090909090909091,0.07407407407407407,0.016835016835016835,0.016835016835016835,0.15824915824915825,0.6129597197898424,0.008571428571428572,0.10571428571428572,0,อุบลราชธานี,2,เขตไร่น้อย,เขตไร่น้อย,45,constituency,4.131433316838009,-0.6994472073980275
อุบลราชธานี|2|เขตไร่น้อย|เขตไร่น้อย|5,0.12429378531073447,0.5141242937853108,0.03389830508474576,0.14124293785310735,0.05649717514124294,0.02824858757062147,0.04519774011299435,0.05649717514124294,0.3451568894952251,0.07114624505928854,0.11462450592885376,0,อุบลราชธานี,2,เขตไร่น้อย,เขตไร่น้อย,5,constituency,6.1901657445536005,-0.8227076402621496
อุบลราชธานี|2|เขตไร่น้อย|เขตไร่น้อย|6,0.311614730878187,0.2747875354107649,0.0028328611898017,0.12464589235127478,0.12181303116147309,0.014164305949008499,0.0056657223796034,0.14447592067988668,0.712,0.025280898876404494,0.22191011235955055,0,อุบลราชธานี,2,เขตไร่น้อย,เขตไร่น้อย,6,constituency,3.638405854713763,0.9881062218258292
อุบลราชธานี|2|เขตไร่น้อย|เขตไร่น้อย|7,0.29605263157894735,0.2894736842105263,0.01644736842105263,0.046052631578947366,0.10855263157894737,0.039473684210526314,0.0,0.20394736842105263,0.6907630522088354,0.02616279069767442,0.06686046511627906,0,อุบลราชธานี,2,เขตไร่น้อย,เขตไร่น้อย,7,constituency,2.5844272065385425,-0.15744997886576204
อุบลราชธานี|2|เขตไร่น้อย|เขตไร่น้อย|8,0.060810810810810814,0.27927927927927926,0.02252252252252252,0.05855855855855856,0.08783783783783784,0.3310810810810811,0.0022522522522522522,0.15765765765765766,0.699009900990099,0.014164305949008499,0.0906515580736544,0,อุบลราชธานี,2,เขตไร่น้อย,เขตไร่น้อย,8,constituency,5.948204036913432,-3.534593038089616
อุบลราชธานี|2|เขตไร่น้อย|เขตไร่น้อย|9,0.14473684210526316,0.4342105263157895,0.03289473684210526,0.1118421052631579,0.09539473684210527,0.023026315789473683,0.006578947368421052,0.1513157894736842,0.6404886561954625,0.021798365122615803,0.10626702997275204,0,อุบลราชธานี,2,เขตไร่น้อย,เขตไร่น้อย,9,constituency,5.097807893010785,-0.7814896182151451
