election_type,province,constituency,amphoe,tambon,unit,turnout_rate,spoiled_rate,abstain_rate,ocr_vote_diff_abs,outlier_score
constituency,อุบลราชธานี,2,ตำบลขี้เหล็ก,ตำบลขี้เหล็ก,1,0.7860696517412935,0.022151898734177215,0.04430379746835443,40,2.0268665864879187
constituency,อุบลราชธานี,2,ตำบลขี้เหล็ก,ตำบลขี้เหล็ก,11,0.845679012345679,0.032846715328467155,0.029197080291970802,0,1.7825567540689913
constituency,อุบลราชธานี,2,ตำบลขี้เหล็ก,ตำบลขี้เหล็ก,2,0.7433070866141732,0.019067796610169493,0.025423728813559324,0,1.555292728996808
constituency,อุบลราชธานี,2,ตำบลขี้เหล็ก,ตำบลขี้เหล็ก,3,0.8083941605839416,0.05869074492099323,0.03611738148984198,0,2.2443002395748977
constituency,อุบลราชธานี,2,ตำบลขี้เหล็ก,ตำบลขี้เหล็ก,4,0.7792998477929984,0.02734375,0.041015625,8,1.0731291404878118
constituency,อุบลราชธานี,2,ตำบลขี้เหล็ก,ตำบลขี้เหล็ก,5,0.8169491525423729,0.03734439834024896,0.05394190871369295,0,1.618114920048968
constituency,อุบลราชธานี,2,ตำบลขี้เหล็ก,ตำบลขี้เหล็ก,6,0.07049608355091384,0.2962962962962963,0.3333333333333333,0,16.706514464235816
constituency,อุบลราชธานี,2,ตำบลขี้เหล็ก,ตำบลขี้เหล็ก,7,0.7192982456140351,0.04878048780487805,0.08013937282229965,2,1.6725706349315985
constituency,อุบลราชธานี,2,ตำบลขี้เหล็ก,ตำบลขี้เหล็ก,8,0.8393501805054152,0.023655913978494623,0.021505376344086023,0,2.099606937413249
constituency,อุบลราชธานี,2,ตำบลปะอาว,ตำบลปะอาว,1,0.7415730337078652,0.015151515151515152,0.03535353535353535,0,1.5179090275942542
constituency,อุบลราชธานี,2,ตำบลปะอาว,ตำบลปะอาว,2,0.7918918918918919,0.051194539249146756,0.08873720136518772,0,2.408992148746166
constituency,อุบลราชธานี,2,ตำบลปะอาว,ตำบลปะอาว,3,0.6392405063291139,0.04207920792079208,0.04702970297029703,0,0.7265287230515136
constituency,อุบลราชธานี,2,ตำบลปะอาว,ตำบลปะอาว,4,0.5953389830508474,0.0071174377224199285,0.017793594306049824,0,1.877855770078894
constituency,อุบลราชธานี,2,ตำบลปะอาว,ตำบลปะอาว,5,0.5875331564986738,0.045146726862302484,0.01580135440180587,0,1.582728050366134
constituency,อุบลราชธานี,2,ตำบลปะอาว,ตำบลปะอาว,6,0.5576519916142557,0.03759398496240601,0.03759398496240601,0,1.2155114494042993
constituency,อุบลราชธานี,2,ตำบลปะอาว,ตำบลปะอาว,7,0.6934782608695652,0.03761755485893417,0.050156739811912224,0,0.7608662913199145
constituency,อุบลราชธานี,2,ตำบลปะอาว,ตำบลปะอาว,9,0.6329411764705882,0.03717472118959108,0.011152416356877323,70,2.5203003304750617
constituency,อุบลราชธานี,2,ตำบลหัวเรือ,ตำบลหัวเรือ,1,0.49032992036405004,0.02320185614849188,0.03480278422273782,0,1.8072949692297746
constituency,อุบลราชธานี,2,ตำบลหัวเรือ,ตำบลหัวเรือ,10,,,,1,0.2494951931658235
constituency,อุบลราชธานี,2,ตำบลหัวเรือ,ตำบลหัวเรือ,11,0.8135593220338984,0.01875,0.03333333333333333,0,1.9071540335945054
constituency,อุบลราชธานี,2,ตำบลหัวเรือ,ตำบลหัวเรือ,12,0.8378378378378378,0.019851116625310174,0.019851116625310174,9,1.9803221787935845
constituency,อุบลราชธานี,2,ตำบลหัวเรือ,ตำบลหัวเรือ,13,0.9425837320574163,0.03299492385786802,0.02284263959390863,0,2.51739756793396
constituency,อุบลราชธานี,2,ตำบลหัวเรือ,ตำบลหัวเรือ,14,0.8138138138138138,0.014760147601476014,0.01107011070110701,0,2.367271140767575
constituency,อุบลราชธานี,2,ตำบลหัวเรือ,ตำบลหัวเรือ,15,0.22885572139303484,0.06521739130434782,0.14130434782608695,6,5.3838334992581265
constituency,อุบลราชธานี,2,ตำบลหัวเรือ,ตำบลหัวเรือ,2,,,,3,0.19319318054875712
constituency,อุบลราชธานี,2,ตำบลหัวเรือ,ตำบลหัวเรือ,4,,,,0,0.27764619947435665
constituency,อุบลราชธานี,2,ตำบลหัวเรือ,ตำบลหัวเรือ,5,,,,0,0.27764619947435665
constituency,อุบลราชธานี,2,ตำบลหัวเรือ,ตำบลหัวเรือ,7,,,,0,0.27764619947435665
constituency,อุบลราชธานี,2,ตำบลหัวเรือ,ตำบลหัวเรือ,8,,,,1,0.2494951931658235
constituency,อุบลราชธานี,2,ตำบลเขื่องใน,เขตตำบลเขื่องใน,10,0.6602475928473177,0.029166666666666667,,50,1.246481087079575
constituency,อุบลราชธานี,2,ตำบลเขื่องใน,เขตตำบลเขื่องใน,12,0.6704980842911877,0.02,0.002857142857142857,0,1.3869486794760755
constituency,อุบลราชธานี,2,ตำบลเขื่องใน,เขตตำบลเขื่องใน,7,0.7185185185185186,0.010309278350515464,0.03436426116838488,0,1.5333600526531146
constituency,อุบลราชธานี,2,ตำบลเขื่องใน,เขตตำบลเขื่องใน,8,0.6740576496674058,0.03618421052631579,0.001644736842105263,2,1.1188323583909126
constituency,อุบลราชธานี,2,ตำบลเขื่องใน,เขตตำบลเขื่องใน,9,,,,8,0.05243814900609123
constituency,อุบลราชธานี,2,ตำบลเขื่องใน,เขตเทศบาล และนอกเขต,0,0.8244406196213425,0.020876826722338204,0.006263048016701462,73,3.8169951367929027
constituency,อุบลราชธานี,2,อำเภอเขื่องใน,ตำบลกลางใหญ่,1,0.5279850746268657,0.05653710247349823,0.014134275618374558,10,2.08101066056763
constituency,อุบลราชธานี,2,อำเภอเขื่องใน,ตำบลกลางใหญ่,10,0.3485254691689008,0.007692307692307693,0.015384615384615385,2,3.4570125152139037
constituency,อุบลราชธานี,2,อำเภอเขื่องใน,ตำบลกลางใหญ่,11,0.6059602649006622,0.0,0.01092896174863388,2,2.0777623622667822
constituency,อุบลราชธานี,2,อำเภอเขื่องใน,ตำบลกลางใหญ่,2,,,,0,0.27764619947435665
constituency,อุบลราชธานี,2,อำเภอเขื่องใน,ตำบลกลางใหญ่,4,0.40939597315436244,0.01639344262295082,0.00546448087431694,0,2.9903856569395773
constituency,อุบลราชธานี,2,อำเภอเขื่องใน,ตำบลกลางใหญ่,5,0.9333333333333333,0.17142857142857143,0.07142857142857142,15,6.710669989693187
constituency,อุบลราชธานี,2,อำเภอเขื่องใน,ตำบลกลางใหญ่,6,0.6405228758169934,0.01020408163265306,0.030612244897959183,0,1.2930651526694563
constituency,อุบลราชธานี,2,อำเภอเขื่องใน,ตำบลกลางใหญ่,8,0.40831758034026466,0.027777777777777776,0.018518518518518517,0,2.4452545424557535
constituency,อุบลราชธานี,2,อำเภอเขื่องใน,ตำบลก่อเอ้,1,0.7056603773584905,0.008021390374331552,0.040106951871657755,0,1.4347715884398042
constituency,อุบลราชธานี,2,อำเภอเขื่องใน,ตำบลก่อเอ้,12,0.7988826815642458,0.027972027972027972,0.04195804195804196,0,1.3928656776130364
constituency,อุบลราชธานี,2,อำเภอเขื่องใน,ตำบลก่อเอ้,2,0.6962457337883959,0.014705882352941176,0.0196078431372549,0,1.4706654699622217
constituency,อุบลราชธานี,2,อำเภอเขื่องใน,ตำบลก่อเอ้,3,0.6057441253263708,0.03879310344827586,0.034482758620689655,1,0.9563760421045617
constituency,อุบลราชธานี,2,อำเภอเขื่องใน,ตำบลค้อทอง,10,0.5541310541310541,0.02313624678663239,0.017994858611825194,0,1.6429936362624624
constituency,อุบลราชธานี,2,อำเภอเขื่องใน,ตำบลค้อทอง,2,0.7089285714285715,0.020151133501259445,0.0,0,1.6768440551638597
constituency,อุบลราชธานี,2,อำเภอเขื่องใน,ตำบลค้อทอง,3,0.6230636833046471,0.011049723756906077,0.022099447513812154,0,1.5084805589666181
constituency,อุบลราชธานี,2,อำเภอเขื่องใน,ตำบลค้อทอง,4,0.6071428571428571,0.07058823529411765,0.023529411764705882,64,3.3819608827972765
constituency,อุบลราชธานี,2,อำเภอเขื่องใน,ตำบลค้อทอง,5,0.23658269441401972,0.0,0.027777777777777776,0,4.302277415369457
constituency,อุบลราชธานี,2,อำเภอเขื่องใน,ตำบลค้อทอง,6,0.6659751037344398,0.009345794392523364,0.012461059190031152,0,1.5472763900955402
constituency,อุบลราชธานี,2,อำเภอเขื่องใน,ตำบลค้อทอง,7,0.5306859205776173,0.05442176870748299,0.013605442176870748,0,2.2787388968207374
constituency,อุบลราชธานี,2,อำเภอเขื่องใน,ตำบลค้อทอง,8,0.6132596685082873,0.02702702702702703,0.009009009009009009,0,1.2682001291328486
constituency,อุบลราชธานี,2,อำเภอเขื่องใน,ตำบลชีทวน,1,0.5726256983240223,0.00975609756097561,0.01951219512195122,0,1.9182857670738958
constituency,อุบลราชธานี,2,อำเภอเขื่องใน,ตำบลชีทวน,10,1.0,0.043596730245231606,0.01634877384196185,0,3.323078053312229
constituency,อุบลราชธานี,2,อำเภอเขื่องใน,ตำบลชีทวน,11,0.5613496932515337,0.00819672131147541,0.01092896174863388,0,2.1695890161146716
constituency,อุบลราชธานี,2,อำเภอเขื่องใน,ตำบลชีทวน,2,,,,0,0.27764619947435665
constituency,อุบลราชธานี,2,อำเภอเขื่องใน,ตำบลชีทวน,3,0.6089887640449438,0.01845018450184502,0.01107011070110701,0,1.5340398570128724
constituency,อุบลราชธานี,2,อำเภอเขื่องใน,ตำบลชีทวน,4,0.6693163751987281,0.0166270783847981,0.47268408551068886,0,7.244918180918788
constituency,อุบลราชธานี,2,อำเภอเขื่องใน,ตำบลชีทวน,6,0.5711678832116789,0.025559105431309903,0.012779552715654952,80,3.230338330535451
constituency,อุบลราชธานี,2,อำเภอเขื่องใน,ตำบลชีทวน,7,0.5172413793103449,0.024242424242424242,0.01818181818181818,0,1.8472769302381322
constituency,อุบลราชธานี,2,อำเภอเขื่องใน,ตำบลชีทวน,8,0.6231003039513677,0.00975609756097561,0.0,2,1.8234593419632685
constituency,อุบลราชธานี,2,อำเภอเขื่องใน,ตำบลชีทวน,9,0.6538461538461539,0.023529411764705882,0.023529411764705882,0,0.8943411097660295
constituency,อุบลราชธานี,2,อำเภอเขื่องใน,ตำบลท่าไห,1,0.3534798534798535,0.031088082901554404,0.0051813471502590676,40,3.4713980401747913
constituency,อุบลราชธานี,2,อำเภอเขื่องใน,ตำบลท่าไห,10,0.43434343434343436,0.0664451827242525,0.0033222591362126247,0,3.440800483355628
constituency,อุบลราชธานี,2,อำเภอเขื่องใน,ตำบลท่าไห,11,0.4542314335060449,0.04182509505703422,0.015209125475285171,0,2.361065271203114
constituency,อุบลราชธานี,2,อำเภอเขื่องใน,ตำบลท่าไห,12,0.3717357910906298,0.012396694214876033,0.008264462809917356,0,3.320462383971197
constituency,อุบลราชธานี,2,อำเภอเขื่องใน,ตำบลท่าไห,3,0.438,0.0045662100456621,0.0045662100456621,2,3.130652822976832
constituency,อุบลราชธานี,2,อำเภอเขื่องใน,ตำบลท่าไห,5,0.5641476274165202,0.028037383177570093,0.009345794392523364,0,1.5533358347804829
constituency,อุบลราชธานี,2,อำเภอเขื่องใน,ตำบลท่าไห,7,0.439453125,0.04888888888888889,0.0,0,2.9070168134806735
constituency,อุบลราชธานี,2,อำเภอเขื่องใน,ตำบลท่าไห,8,0.5025380710659898,0.03367003367003367,0.013468013468013467,8,1.5898698512460092
constituency,อุบลราชธานี,2,อำเภอเขื่องใน,ตำบลท่าไห,9,,,,0,0.27764619947435665
constituency,อุบลราชธานี,2,อำเภอเขื่องใน,ตำบลธาตุน้อย,1,0.539047619047619,0.028268551236749116,0.0176678445229682,40,2.1566816020726125
constituency,อุบลราชธานี,2,อำเภอเขื่องใน,ตำบลธาตุน้อย,10,0.7222222222222222,0.022267206477732792,0.010121457489878543,1,1.5179164944856003
constituency,อุบลราชธานี,2,อำเภอเขื่องใน,ตำบลธาตุน้อย,3,0.6095617529880478,0.030501089324618737,0.006535947712418301,0,1.2206264919903553
constituency,อุบลราชธานี,2,อำเภอเขื่องใน,ตำบลธาตุน้อย,4,0.597972972972973,0.02824858757062147,0.01694915254237288,0,1.211180413878865
constituency,อุบลราชธานี,2,อำเภอเขื่องใน,ตำบลธาตุน้อย,6,0.6012658227848101,0.02631578947368421,0.031578947368421054,0,1.0310439451535727
constituency,อุบลราชธานี,2,อำเภอเขื่องใน,ตำบลธาตุน้อย,7,1.0,0.047619047619047616,0.014285714285714285,1,3.4518497140088455
constituency,อุบลราชธานี,2,อำเภอเขื่องใน,ตำบลธาตุน้อย,8,0.634375,0.03940886699507389,0.0049261083743842365,2,1.2025758211807918
constituency,อุบลราชธานี,2,อำเภอเขื่องใน,ตำบลธาตุน้อย,9,0.6021699819168174,0.02702702702702703,0.003003003003003003,10,1.1570432100141785
constituency,อุบลราชธานี,2,อำเภอเขื่องใน,ตำบลนาคำใหญ่,3,0.6347826086956522,0.0547945205479452,0.0136986301369863,9,1.3535083596704522
constituency,อุบลราชธานี,2,อำเภอเขื่องใน,ตำบลนาคำใหญ่,4,0.822429906542056,0.028409090909090908,,1,1.4526024132611088
constituency,อุบลราชธานี,2,อำเภอเขื่องใน,ตำบลนาคำใหญ่,5,0.6423076923076924,0.059880239520958084,0.029940119760479042,0,1.4736423834970505
constituency,อุบลราชธานี,2,อำเภอเขื่องใน,ตำบลนาคำใหญ่,6,0.5945017182130584,0.005780346820809248,0.014450867052023121,40,2.5460478409218306
constituency,อุบลราชธานี,2,อำเภอเขื่องใน,ตำบลนาคำใหญ่,8,0.5873015873015873,0.030405405405405407,0.02364864864864865,3,1.028742073283972
constituency,อุบลราชธานี,2,อำเภอเขื่องใน,ตำบลบ้านกอก,1,0.7958883994126285,0.02029520295202952,0.016605166051660517,2,1.9371828294630504
constituency,อุบลราชธานี,2,อำเภอเขื่องใน,ตำบลบ้านกอก,2,0.7919161676646707,0.017013232514177693,0.003780718336483932,0,2.2623577909041037
constituency,อุบลราชธานี,2,อำเภอเขื่องใน,ตำบลบ้านกอก,3,1.0,0.011627906976744186,0.011627906976744186,0,3.6771473862670376
constituency,อุบลราชธานี,2,อำเภอเขื่องใน,ตำบลบ้านกอก,4,0.6381987577639752,0.021897810218978103,0.031630170316301706,0,0.926672207762983
constituency,อุบลราชธานี,2,อำเภอเขื่องใน,ตำบลบ้านกอก,5,0.6704545454545454,0.031073446327683617,0.03954802259887006,30,0.7794276597028824
constituency,อุบลราชธานี,2,อำเภอเขื่องใน,ตำบลบ้านกอก,6,0.6441048034934498,0.023728813559322035,0.03728813559322034,0,0.7458610045540052
constituency,อุบลราชธานี,2,อำเภอเขื่องใน,ตำบลบ้านไทย,1,0.31063829787234043,0.0136986301369863,0.0136986301369863,0,3.598659251812082
constituency,อุบลราชธานี,2,อำเภอเขื่องใน,ตำบลบ้านไทย,10,0.6770833333333334,0.035897435897435895,0.020512820512820513,55,1.896396975391111
constituency,อุบลราชธานี,2,อำเภอเขื่องใน,ตำบลบ้านไทย,11,0.5882352941176471,0.025,0.02,0,1.3310806034774205
constituency,อุบลราชธานี,2,อำเภอเขื่องใน,ตำบลบ้านไทย,12,0.5088757396449705,0.03488372093023256,,0,1.3321434948542028
constituency,อุบลราชธานี,2,อำเภอเขื่องใน,ตำบลบ้านไทย,3,0.6990654205607477,0.016042780748663103,0.016042780748663103,0,1.5006516365200786
constituency,อุบลราชธานี,2,อำเภอเขื่องใน,ตำบลบ้านไทย,4,0.6697080291970803,0.0027247956403269754,0.008174386920980926,0,1.8433844827680048
constituency,อุบลราชธานี,2,อำเภอเขื่องใน,ตำบลบ้านไทย,5,0.6254681647940075,0.005988023952095809,0.041916167664670656,10,1.0807290877328108
constituency,อุบลราชธานี,2,อำเภอเขื่องใน,ตำบลบ้านไทย,7,0.5711538461538461,0.006734006734006734,0.006734006734006734,30,2.5032369012425164
constituency,อุบลราชธานี,2,อำเภอเขื่องใน,ตำบลบ้านไทย,8,0.6538461538461539,0.03235294117647059,0.03235294117647059,0,0.4994319235014455
constituency,อุบลราชธานี,2,อำเภอเขื่องใน,ตำบลบ้านไทย,9,,,,0,0.27764619947435665
constituency,อุบลราชธานี,2,อำเภอเขื่องใน,ตำบลยางขี้นก,10,0.6655629139072847,0.03482587064676617,0.029850746268656716,0,0.6544595086451614
constituency,อุบลราชธานี,2,อำเภอเขื่องใน,ตำบลยางขี้นก,3,0.6892109500805152,0.02336448598130841,0.007009345794392523,0,1.3419738732117392
constituency,อุบลราชธานี,2,อำเภอเขื่องใน,ตำบลยางขี้นก,5,,,,0,0.27764619947435665
constituency,อุบลราชธานี,2,อำเภอเขื่องใน,ตำบลยางขี้นก,7,0.7542857142857143,0.007575757575757576,0.007575757575757576,11,2.0089778610170184
constituency,อุบลราชธานี,2,อำเภอเขื่องใน,ตำบลยางขี้นก,9,0.7120622568093385,0.01092896174863388,0.2459016393442623,0,4.306975159717427
constituency,อุบลราชธานี,2,อำเภอเขื่องใน,ตำบลศรีสุข,1,0.5433070866141733,0.028985507246376812,0.007246376811594203,0,1.6916435225111635
constituency,อุบลราชธานี,2,อำเภอเขื่องใน,ตำบลศรีสุข,2,,,,3,0.19319318054875712
constituency,อุบลราชธานี,2,อำเภอเขื่องใน,ตำบลศรีสุข,3,0.6224137931034482,0.0221606648199446,0.002770083102493075,0,1.4541230851895988
constituency,อุบลราชธานี,2,อำเภอเขื่องใน,ตำบลศรีสุข,4,0.6332288401253918,0.03712871287128713,0.01485148514851485,0,1.0462936503148401
constituency,อุบลราชธานี,2,อำเภอเขื่องใน,ตำบลศรีสุข,5,0.6828571428571428,0.03347280334728033,0.0041841004184100415,0,1.1098140384978132
constituency,อุบลราชธานี,2,อำเภอเขื่องใน,ตำบลศรีสุข,8,0.6375,0.03431372549019608,0.00980392156862745,2,0.9494045988151446
constituency,อุบลราชธานี,2,อำเภอเขื่องใน,ตำบลสร้างถ่อ,10,0.6614173228346457,0.017857142857142856,0.023809523809523808,0,1.0807696430990332
constituency,อุบลราชธานี,2,อำเภอเขื่องใน,ตำบลสร้างถ่อ,11,0.7294429708222812,0.025454545454545455,0.025454545454545455,0,1.2638746110282704
constituency,อุบลราชธานี,2,อำเภอเขื่องใน,ตำบลสร้างถ่อ,13,,,,0,0.27764619947435665
constituency,อุบลราชธานี,2,อำเภอเขื่องใน,ตำบลสร้างถ่อ,14,0.55625,0.025280898876404494,0.008426966292134831,15,1.5721875922527855
constituency,อุบลราชธานี,2,อำเภอเขื่องใน,ตำบลสร้างถ่อ,15,0.6615384615384615,0.023255813953488372,0.009966777408637873,0,1.1197441631229963
constituency,อุบลราชธานี,2,อำเภอเขื่องใน,ตำบลสร้างถ่อ,16,0.9560439560439561,0.022988505747126436,0.022988505747126436,12,2.645528261567421
constituency,อุบลราชธานี,2,อำเภอเขื่องใน,ตำบลสร้างถ่อ,17,0.3948087431693989,0.02768166089965398,0.010380622837370242,0,2.658674257475912
constituency,อุบลราชธานี,2,อำเภอเขื่องใน,ตำบลสร้างถ่อ,2,0.7400662251655629,0.03131991051454139,0.008948545861297539,4,1.2843326763846556
constituency,อุบลราชธานี,2,อำเภอเขื่องใน,ตำบลสร้างถ่อ,3,1.0,0.024691358024691357,0.01728395061728395,0,3.1831429063492056
constituency,อุบลราชธานี,2,อำเภอเขื่องใน,ตำบลสร้างถ่อ,4,0.7771587743732591,0.014336917562724014,0.0035842293906810036,4,2.1398420558313456
constituency,อุบลราชธานี,2,อำเภอเขื่องใน,ตำบลสร้างถ่อ,5,0.6479217603911981,0.03018867924528302,0.026415094339622643,0,0.6813022952687717
constituency,อุบลราชธานี,2,อำเภอเขื่องใน,ตำบลสร้างถ่อ,7,0.6614173228346457,0.0,0.0,3,1.9124028287058206
constituency,อุบลราชธานี,2,อำเภอเขื่องใน,ตำบลสร้างถ่อ,8,0.6614173228346457,0.0,0.0,3,1.9124028287058206
constituency,อุบลราชธานี,2,อำเภอเขื่องใน,ตำบลสร้างถ่อ,9,,,,0,0.27764619947435665
constituency,อุบลราชธานี,2,อำเภอเขื่องใน,ตำบลสหธาตุ,2,0.5954198473282443,0.04700854700854701,0.008547008547008548,0,1.6980292660158234
constituency,อุบลราชธานี,2,อำเภอเขื่องใน,ตำบลสหธาตุ,3,0.665903890160183,0.03436426116838488,0.013745704467353952,0,0.8834412632279656
constituency,อุบลราชธานี,2,อำเภอเขื่องใน,ตำบลสหธาตุ,4,0.7316017316017316,0.029585798816568046,0.023668639053254437,0,1.175332521082919
constituency,อุบลราชธานี,2,อำเภอเขื่องใน,ตำบลสหธาตุ,5,,,,0,0.27764619947435665
constituency,อุบลราชธานี,2,อำเภอเขื่องใน,ตำบลหนองเหล่า,1,0.7112526539278131,0.026865671641791045,0.01791044776119403,80,2.910238098979531
constituency,อุบลราชธานี,2,อำเภอเขื่องใน,ตำบลหนองเหล่า,3,,,,13,0.08831688253657467
constituency,อุบลราชธานี,2,อำเภอเขื่องใน,ตำบลหนองเหล่า,4,0.661504424778761,0.026755852842809364,0.010033444816053512,2,0.9525605578378313
constituency,อุบลราชธานี,2,อำเภอเขื่องใน,ตำบลหนองเหล่า,5,0.5989583333333334,0.013043478260869565,0.021739130434782608,0,1.6093750449521433
constituency,อุบลราชธานี,2,อำเภอเขื่องใน,ตำบลหนองเหล่า,8,0.7833333333333333,0.0,0.0,419,14.035761134906426
constituency,อุบลราชธานี,2,อำเภอเขื่องใน,ตำบลหนองเหล่า,9,,,,13,0.08831688253657467
constituency,อุบลราชธานี,2,อำเภอเขื่องใน,ตำบลหัวดอน,1,,,,0,0.27764619947435665
constituency,อุบลราชธานี,2,อำเภอเขื่องใน,ตำบลหัวดอน,10,0.65625,0.02756892230576441,0.05012531328320802,0,0.4928876127521916
constituency,อุบลราชธานี,2,อำเภอเขื่องใน,ตำบลหัวดอน,11,,,,0,0.27764619947435665
constituency,อุบลราชธานี,2,อำเภอเขื่องใน,ตำบลหัวดอน,2,0.6706948640483383,0.02702702702702703,0.02252252252252252,6,0.7046334229513584
constituency,อุบลราชธานี,2,อำเภอเขื่องใน,ตำบลหัวดอน,3,0.5613682092555332,0.010752688172043012,0.0035842293906810036,0,2.1993906979183855
constituency,อุบลราชธานี,2,อำเภอเขื่องใน,ตำบลหัวดอน,6,0.5143312101910829,0.034055727554179564,0.015479876160990712,51,2.6001573162321603
constituency,อุบลราชธานี,2,อำเภอเขื่องใน,ตำบลหัวดอน,7,0.5407407407407407,0.0547945205479452,0.04452054794520548,4,1.648898693040936
constituency,อุบลราชธานี,2,อำเภอเขื่องใน,ตำบลแดงหม้อ,1,,,,0,0.27764619947435665
constituency,อุบลราชธานี,2,อำเภอเขื่องใน,ตำบลแดงหม้อ,3,0.06,0.16666666666666666,0.08333333333333333,5,8.828778059943188
constituency,อุบลราชธานี,2,อำเภอเขื่องใน,ตำบลแดงหม้อ,4,0.2695035460992908,0.02631578947368421,0.013157894736842105,0,3.481008142893396
constituency,อุบลราชธานี,2,อำเภอเขื่องใน,ตำบลแดงหม้อ,6,0.6125,0.015306122448979591,0.0,0,1.775337698765307
constituency,อุบลราชธานี,2,อำเภอเขื่องใน,ตำบลโนนรัง,1,0.4241192411924119,0.009584664536741214,0.003194888178913738,0,3.141221661946804
constituency,อุบลราชธานี,2,อำเภอเขื่องใน,ตำบลโนนรัง,2,0.7056603773584905,0.008021390374331552,0.040106951871657755,0,1.4347715884398042
constituency,อุบลราชธานี,2,อำเภอเขื่องใน,ตำบลโนนรัง,3,1.0,0.012987012987012988,0.01948051948051948,0,3.5169541763193433
constituency,อุบลราชธานี,2,อำเภอเขื่องใน,ตำบลโนนรัง,4,0.5863247863247864,0.02040816326530612,0.011661807580174927,0,1.6123512020801656
constituency,อุบลราชธานี,2,อำเภอเขื่องใน,ตำบลโนนรัง,6,0.75,0.011111111111111112,0.022222222222222223,0,1.8963935517166932
constituency,อุบลราชธานี,2,เขต 2 อ.เมืองฯ,ตำบลหนองขอน,1,0.6834862385321101,0.026845637583892617,0.026845637583892617,0,0.8982969714422635
constituency,อุบลราชธานี,2,เขต 2 อ.เมืองฯ,ตำบลหนองขอน,10,0.76171875,0.010256410256410256,0.07435897435897436,2,2.0279022579828783
constituency,อุบลราชธานี,2,เขต 2 อ.เมืองฯ,ตำบลหนองขอน,11,0.7194513715710723,0.038128249566724434,0.058925476603119586,0,1.0784029302582518
constituency,อุบลราชธานี,2,เขต 2 อ.เมืองฯ,ตำบลหนองขอน,12,0.7225609756097561,0.02531645569620253,0.08016877637130802,0,1.4427674658314105
constituency,อุบลราชธานี,2,เขต 2 อ.เมืองฯ,ตำบลหนองขอน,13,0.8589743589743589,0.020895522388059702,0.005970149253731343,0,2.5473676993885173
constituency,อุบลราชธานี,2,เขต 2 อ.เมืองฯ,ตำบลหนองขอน,14,0.79,0.02531645569620253,0.0759493670886076,0,1.8215058024775475
constituency,อุบลราชธานี,2,เขต 2 อ.เมืองฯ,ตำบลหนองขอน,15,1.0,0.023715415019762844,0.09486166007905138,0,3.5310711988891796
constituency,อุบลราชธานี,2,เขต 2 อ.เมืองฯ,ตำบลหนองขอน,16,,,,10,0.0038638636109751285
constituency,อุบลราชธานี,2,เขต 2 อ.เมืองฯ,ตำบลหนองขอน,4,0.8333333333333334,0.017142857142857144,0.10857142857142857,0,2.8501510227928595
constituency,อุบลราชธานี,2,เขต 2 อ.เมืองฯ,ตำบลหนองขอน,5,0.777542372881356,0.027247956403269755,0.0653950953678474,24,1.6416111369260047
constituency,อุบลราชธานี,2,เขต 2 อ.เมืองฯ,ตำบลหนองขอน,6,0.740506329113924,0.1396011396011396,0.05698005698005698,1,4.338346433446664
constituency,อุบลราชธานี,2,เขต 2 อ.เมืองฯ,ตำบลหนองขอน,9,0.7134020618556701,0.03468208092485549,0.046242774566473986,0,0.7408364212605288
constituency,อุบลราชธานี,2,เขตไร่น้อย,เขตไร่น้อย,1,0.7318116975748931,0.025341130604288498,0.07602339181286549,0,1.4405284790792452
constituency,อุบลราชธานี,2,เขตไร่น้อย,เขตไร่น้อย,10,0.6332665330661322,0.04746835443037975,0.08227848101265822,0,1.4624560530430182
constituency,อุบลราชธานี,2,เขตไร่น้อย,เขตไร่น้อย,11,0.7525150905432596,0.07754010695187166,0.10962566844919786,0,3.2892409052962535
constituency,อุบลราชธานี,2,เขตไร่น้อย,เขตไร่น้อย,12,,,,1,0.2494951931658235
constituency,อุบลราชธานี,2,เขตไร่น้อย,เขตไร่น้อย,13,0.7507598784194529,0.024291497975708502,0.03643724696356275,21,1.311393201148685
constituency,อุบลราชธานี,2,เขตไร่น้อย,เขตไร่น้อย,14,,,,0,0.27764619947435665
constituency,อุบลราชธานี,2,เขตไร่น้อย,เขตไร่น้อย,16,0.7966417910447762,0.03278688524590164,0.0351288056206089,0,1.3704958791328503
constituency,อุบลราชธานี,2,เขตไร่น้อย,เขตไร่น้อย,17,0.7537037037037037,0.02702702702702703,0.02702702702702703,0,1.3500381718095227
constituency,อุบลราชธานี,2,เขตไร่น้อย,เขตไร่น้อย,18,0.7441860465116279,0.03365384615384615,0.014423076923076924,74,2.8919097060640153
constituency,อุบลราชธานี,2,เขตไร่น้อย,เขตไร่น้อย,19,0.7333333333333333,0.05844155844155844,0.03896103896103896,55,2.6950355720807506
constituency,อุบลราชธานี,2,เขตไร่น้อย,เขตไร่น้อย,2,0.6570605187319885,0.10307017543859649,0.11842105263157894,0,3.595335026023112
constituency,อุบลราชธานี,2,เขตไร่น้อย,เขตไร่น้อย,20,0.7046843177189409,0.05202312138728324,0.046242774566473986,0,1.2270220755230383
constituency,อุบลราชธานี,2,เขตไร่น้อย,เขตไร่น้อย,22,0.6645833333333333,0.050156739811912224,0.109717868338558,0,1.8564466227652419
constituency,อุบลราชธานี,2,เขตไร่น้อย,เขตไร่น้อย,23,0.679324894514768,0.021739130434782608,0.13043478260869565,1,1.9962172799838371
constituency,อุบลราชธานี,2,เขตไร่น้อย,เขตไร่น้อย,25,0.6813417190775681,0.018461538461538463,0.1076923076923077,0,1.7996543904941456
constituency,อุบลราชธานี,2,เขตไร่น้อย,เขตไร่น้อย,26,0.7274368231046932,0.019851116625310174,0.09181141439205956,0,1.8203296455254538
constituency,อุบลราชธานี,2,เขตไร่น้อย,เขตไร่น้อย,27,0.7099099099099099,0.012690355329949238,0.08375634517766498,0,1.8091855872057194
constituency,อุบลราชธานี,2,เขตไร่น้อย,เขตไร่น้อย,28,0.685251798561151,0.013123359580052493,0.07611548556430446,60,2.6533609126677997
constituency,อุบลราชธานี,2,เขตไร่น้อย,เขตไร่น้อย,3,0.7043478260869566,0.0102880658436214,0.01440329218106996,140,5.125972804006404
constituency,อุบลราชธานี,2,เขตไร่น้อย,เขตไร่น้อย,30,0.7171532846715328,0.10941475826972011,0.3944020356234097,0,8.321360686403972
constituency,อุบลราชธานี,2,เขตไร่น้อย,เขตไร่น้อย,31,0.7461538461538462,0.030927835051546393,0.03608247422680412,0,1.0427205779624504
constituency,อุบลราชธานี,2,เขตไร่น้อย,เขตไร่น้อย,32,0.7240663900414938,0.04011461318051576,0.06017191977077364,0,1.189548839942285
constituency,อุบลราชธานี,2,เขตไร่น้อย,เขตไร่น้อย,33,0.6979166666666666,0.011940298507462687,0.11044776119402985,30,2.4430960679477782
constituency,อุบลราชธานี,2,เขตไร่น้อย,เขตไร่น้อย,34,0.6555555555555556,0.0480225988700565,0.1016949152542373,6,1.4556589849047148
constituency,อุบลราชธานี,2,เขตไร่น้อย,เขตไร่น้อย,35,0.6814814814814815,0.03804347826086957,0.05434782608695652,0,0.7583661717178821
constituency,อุบลราชธานี,2,เขตไร่น้อย,เขตไร่น้อย,36,0.7323420074349443,0.025380710659898477,0.08883248730964467,0,1.634609221003953
constituency,อุบลราชธานี,2,เขตไร่น้อย,เขตไร่น้อย,37,0.7203703703703703,0.10539845758354756,0.38817480719794345,0,8.123340361235165
constituency,อุบลราชธานี,2,เขตไร่น้อย,เขตไร่น้อย,38,0.7207602339181286,0.0486815415821501,0.060851926977687626,0,1.4464792310447965
constituency,อุบลราชธานี,2,เขตไร่น้อย,เขตไร่น้อย,40,0.6559139784946236,0.02576112412177986,0.11241217798594848,1,1.4564679216876084
constituency,อุบลราชธานี,2,เขตไร่น้อย,เขตไร่น้อย,41,0.6944444444444444,0.044444444444444446,0.09111111111111111,50,2.4467355081959417
constituency,อุบลราชธานี,2,เขตไร่น้อย,เขตไร่น้อย,43,0.7113237639553429,0.01569506726457399,0.08520179372197309,0,1.7459586962575837
constituency,อุบลราชธานี,2,เขตไร่น้อย,เขตไร่น้อย,44,0.5283757338551859,0.07777777777777778,0.11851851851851852,0,3.6422197409406447
constituency,อุบลราชธานี,2,เขตไร่น้อย,เขตไร่น้อย,45,0.6129597197898424,0.008571428571428572,0.10571428571428572,0,2.2043574939738724
constituency,อุบลราชธานี,2,เขตไร่น้อย,เขตไร่น้อย,5,0.3451568894952251,0.07114624505928854,0.11462450592885376,0,4.576773524884028
constituency,อุบลราชธานี,2,เขตไร่น้อย,เขตไร่น้อย,6,0.712,0.025280898876404494,0.22191011235955055,17,3.4208517050608265
constituency,อุบลราชธานี,2,เขตไร่น้อย,เขตไร่น้อย,7,0.6907630522088354,0.02616279069767442,0.06686046511627906,0,1.0085537859979248
constituency,อุบลราชธานี,2,เขตไร่น้อย,เขตไร่น้อย,8,0.699009900990099,0.014164305949008499,0.0906515580736544,136,5.068092539744502
constituency,อุบลราชธานี,2,เขตไร่น้อย,เขตไร่น้อย,9,0.6404886561954625,0.021798365122615803,0.10626702997275204,0,1.6178222371129765
party_list,อุบลราชธานี,2,ตำบลขี้เหล็ก,ตำบลขี้เหล็ก,3,0.8083941605839416,0.056433408577878104,0.02708803611738149,134,2.2649367987544236
party_list,อุบลราชธานี,2,ตำบลขี้เหล็ก,ตำบลขี้เหล็ก,4,0.7864823348694316,0.052734375,0.041015625,195,2.7768905953654412
party_list,อุบลราชธานี,2,ตำบลขี้เหล็ก,ตำบลขี้เหล็ก,5,0.8169491525423729,0.04771784232365145,0.024896265560165973,0,2.3132671785490992
party_list,อุบลราชธานี,2,ตำบลขี้เหล็ก,ตำบลขี้เหล็ก,9,,,,0,0.6333002254515928
party_list,อุบลราชธานี,2,ตำบลปะอาว,ตำบลปะอาว,1,0.7918918918918919,0.051194539249146756,0.08873720136518772,0,3.479272419867688
party_list,อุบลราชธานี,2,ตำบลปะอาว,ตำบลปะอาว,2,0.7918918918918919,0.051194539249146756,0.07508532423208192,11,2.931256331051373
party_list,อุบลราชธานี,2,ตำบลปะอาว,ตำบลปะอาว,3,0.6439873417721519,0.036855036855036855,0.019656019656019656,94,1.151026876784649
party_list,อุบลราชธานี,2,ตำบลปะอาว,ตำบลปะอาว,6,0.5820568927789934,0.03759398496240601,0.018796992481203006,10,1.7684163251649356
party_list,อุบลราชธานี,2,ตำบลปะอาว,ตำบลปะอาว,9,0.6329411764705882,0.03717472118959108,0.011152416356877323,62,1.1486660433743296
party_list,อุบลราชธานี,2,ตำบลหัวเรือ,ตำบลหัวเรือ,1,0.756140350877193,0.03248259860788863,0.03248259860788863,214,2.86649171532034
party_list,อุบลราชธานี,2,ตำบลหัวเรือ,ตำบลหัวเรือ,10,,,,78,0.21508309543639004
party_list,อุบลราชธานี,2,ตำบลหัวเรือ,ตำบลหัวเรือ,11,0.8135593220338984,0.04375,0.029166666666666667,121,2.2517616123660558
party_list,อุบลราชธานี,2,ตำบลหัวเรือ,ตำบลหัวเรือ,12,0.8378378378378378,0.02977667493796526,0.02729528535980149,19,2.4067380774820992
party_list,อุบลราชธานี,2,ตำบลหัวเรือ,ตำบลหัวเรือ,13,0.7990430622009569,0.07784431137724551,0.04491017964071856,87,2.005370414452118
party_list,อุบลราชธานี,2,ตำบลหัวเรือ,ตำบลหัวเรือ,15,0.8159203980099502,0.01524390243902439,0.027439024390243903,36,2.2304105207166876
party_list,อุบลราชธานี,2,ตำบลหัวเรือ,ตำบลหัวเรือ,2,0.8133561643835616,0.031578947368421054,0.018947368421052633,0,2.6699156616289423
party_list,อุบลราชธานี,2,ตำบลหัวเรือ,ตำบลหัวเรือ,4,,,,95,0.39998715255300166
party_list,อุบลราชธานี,2,ตำบลหัวเรือ,ตำบลหัวเรือ,6,0.9101338432122371,0.03991596638655462,,8,2.7161235803509016
party_list,อุบลราชธานี,2,ตำบลหัวเรือ,ตำบลหัวเรือ,7,0.7558320373250389,0.03497942386831276,0.024691358024691357,171,2.6104960822976198
party_list,อุบลราชธานี,2,ตำบลหัวเรือ,ตำบลหัวเรือ,8,,,,51,0.07858805410175788
party_list,อุบลราชธานี,2,ตำบลเขื่องใน,เขตตำบลเขื่องใน,10,0.517799352750809,0.07291666666666667,0.022916666666666665,19,1.9647261362086867
party_list,อุบลราชธานี,2,ตำบลเขื่องใน,เขตตำบลเขื่องใน,11,0.6143667296786389,0.05846153846153846,0.003076923076923077,26,1.6112128871209954
party_list,อุบลราชธานี,2,ตำบลเขื่องใน,เขตตำบลเขื่องใน,7,0.7185185185185186,0.061855670103092786,0.01718213058419244,64,1.1778900971569752
party_list,อุบลราชธานี,2,ตำบลเขื่องใน,เขตตำบลเขื่องใน,8,0.6740576496674058,0.07072368421052631,0.013157894736842105,0,1.6497166273797714
party_list,อุบลราชธานี,2,ตำบลเขื่องใน,เขตตำบลเขื่องใน,9,0.7647058823529411,0.04807692307692308,,42,1.157096091292877
party_list,อุบลราชธานี,2,ตำบลเขื่องใน,เขตเทศบาล และนอกเขต,0,0.7211703958691911,0.045346062052505964,0.021479713603818614,60,1.117768359921471
party_list,อุบลราชธานี,2,อำเภอเขื่องใน,ตำบลกลางใหญ่,1,0.5279850746268657,0.045936395759717315,0.007067137809187279,4,2.505102032349805
party_list,อุบลราชธานี,2,อำเภอเขื่องใน,ตำบลกลางใหญ่,10,0.36827195467422097,0.023076923076923078,0.015384615384615385,10,3.6544380030768266
party_list,อุบลราชธานี,2,อำเภอเขื่องใน,ตำบลกลางใหญ่,11,0.6059602649006622,0.03278688524590164,0.01639344262295082,29,1.516726128357393
party_list,อุบลราชธานี,2,อำเภอเขื่องใน,ตำบลกลางใหญ่,3,0.5427872860635696,0.02702702702702703,0.013513513513513514,0,2.46612890055098
party_list,อุบลราชธานี,2,อำเภอเขื่องใน,ตำบลกลางใหญ่,4,0.40939597315436244,0.03825136612021858,0.00546448087431694,15,3.4180635515823967
party_list,อุบลราชธานี,2,อำเภอเขื่องใน,ตำบลกลางใหญ่,5,0.3546666666666667,0.08270676691729323,,3,3.1148654238695084
party_list,อุบลราชธานี,2,อำเภอเขื่องใน,ตำบลกลางใหญ่,6,0.6405228758169934,0.04081632653061224,0.015306122448979591,0,1.5093372111803838
party_list,อุบลราชธานี,2,อำเภอเขื่องใน,ตำบลกลางใหญ่,7,0.5,0.035211267605633804,0.02112676056338028,17,2.263075145040727
party_list,อุบลราชธานี,2,อำเภอเขื่องใน,ตำบลก่อเอ้,1,0.7056603773584905,0.0427807486631016,0.03208556149732621,6,1.2487988781796306
party_list,อุบลราชธานี,2,อำเภอเขื่องใน,ตำบลก่อเอ้,10,0.7032085561497327,0.053231939163498096,0.022813688212927757,87,1.1387864885928138
party_list,อุบลราชธานี,2,อำเภอเขื่องใน,ตำบลก่อเอ้,11,0.6684607104413348,0.02576489533011272,0.01932367149758454,81,1.2577944746895084
party_list,อุบลราชธานี,2,อำเภอเขื่องใน,ตำบลก่อเอ้,8,,,,131,0.7915486852705321
party_list,อุบลราชธานี,2,อำเภอเขื่องใน,ตำบลก่อเอ้,9,0.7692307692307693,0.056,0.034,101,1.400967401487959
party_list,อุบลราชธานี,2,อำเภอเขื่องใน,ตำบลค้อทอง,1,0.6609756097560976,0.03690036900369004,0.04059040590405904,40,0.7269187201177753
party_list,อุบลราชธานี,2,อำเภอเขื่องใน,ตำบลค้อทอง,6,0.66875,0.2336448598130841,0.14953271028037382,18,6.337395627897364
party_list,อุบลราชธานี,2,อำเภอเขื่องใน,ตำบลค้อทอง,7,0.5306859205776173,0.07482993197278912,0.027210884353741496,49,1.4304672013660416
party_list,อุบลราชธานี,2,อำเภอเขื่องใน,ตำบลค้อทอง,8,0.23076923076923078,0.04504504504504504,0.009009009009009009,6,4.660246340097582
party_list,อุบลราชธานี,2,อำเภอเขื่องใน,ตำบลค้อทอง,9,0.630801687763713,0.013377926421404682,0.023411371237458192,53,1.086145070509821
party_list,อุบลราชธานี,2,อำเภอเขื่องใน,ตำบลชีทวน,1,,,,87,0.3129734786157727
party_list,อุบลราชธานี,2,อำเภอเขื่องใน,ตำบลชีทวน,6,0.5711678832116789,0.05750798722044728,0.003194888178913738,101,2.0373238678479013
party_list,อุบลราชธานี,2,อำเภอเขื่องใน,ตำบลชีทวน,7,0.5172413793103449,0.13333333333333333,0.030303030303030304,20,2.463376329713316
party_list,อุบลราชธานี,2,อำเภอเขื่องใน,ตำบลชีทวน,9,0.6538461538461539,0.06470588235294118,0.029411764705882353,30,0.5885373527364244
party_list,อุบลราชธานี,2,อำเภอเขื่องใน,ตำบลท่าไห,1,0.31684981684981683,0.09248554913294797,0.011560693641618497,19,4.065467094547866
party_list,อุบลราชธานี,2,อำเภอเขื่องใน,ตำบลท่าไห,10,0.43434343434343436,0.10631229235880399,0.0033222591362126247,50,3.2751441530775733
party_list,อุบลราชธานี,2,อำเภอเขื่องใน,ตำบลท่าไห,11,0.43906510851419034,0.07984790874524715,0.011406844106463879,0,3.207040703332205
party_list,อุบลราชธานี,2,อำเภอเขื่องใน,ตำบลท่าไห,3,,,,385,3.5542328327775534
party_list,อุบลราชธานี,2,อำเภอเขื่องใน,ตำบลท่าไห,4,,,,127,0.7480418483019177
party_list,อุบลราชธานี,2,อำเภอเขื่องใน,ตำบลท่าไห,5,,,,0,0.6333002254515928
party_list,อุบลราชธานี,2,อำเภอเขื่องใน,ตำบลท่าไห,6,0.4207492795389049,0.03424657534246575,0.00684931506849315,91,3.2247341361026027
party_list,อุบลราชธานี,2,อำเภอเขื่องใน,ตำบลท่าไห,9,,,,0,0.6333002254515928
party_list,อุบลราชธานี,2,อำเภอเขื่องใน,ตำบลธาตุน้อย,10,0.5906432748538012,0.07178217821782178,0.03712871287128713,1,1.315534827329068
party_list,อุบลราชธานี,2,อำเภอเขื่องใน,ตำบลธาตุน้อย,3,0.612,0.08496732026143791,0.015250544662309368,196,2.71837346407173
party_list,อุบลราชธานี,2,อำเภอเขื่องใน,ตำบลธาตุน้อย,9,0.6054545454545455,0.042042042042042045,0.009009009009009009,89,1.6561591913298919
party_list,อุบลราชธานี,2,อำเภอเขื่องใน,ตำบลนาคำใหญ่,3,0.6636363636363637,0.0,0.0410958904109589,4,1.6044831230391532
party_list,อุบลราชธานี,2,อำเภอเขื่องใน,ตำบลนาคำใหญ่,5,0.6349809885931559,0.0718562874251497,0.041916167664670656,2,1.1235742364973662
party_list,อุบลราชธานี,2,อำเภอเขื่องใน,ตำบลนาคำใหญ่,6,0.422680412371134,0.052845528455284556,0.012195121951219513,107,2.989632134408226
party_list,อุบลราชธานี,2,อำเภอเขื่องใน,ตำบลนาคำใหญ่,8,0.5873015873015873,0.1554054054054054,0.02027027027027027,72,2.2565939653989426
party_list,อุบลราชธานี,2,อำเภอเขื่องใน,ตำบลบ้านกอก,1,0.7958883994126285,0.025830258302583026,0.0036900369003690036,244,4.475237105594958
party_list,อุบลราชธานี,2,อำเภอเขื่องใน,ตำบลบ้านกอก,3,0.7678571428571429,0.05813953488372093,0.005813953488372093,0,2.429436468905944
party_list,อุบลราชธานี,2,อำเภอเขื่องใน,ตำบลบ้านกอก,4,,,,114,0.6066446281539206
party_list,อุบลราชธานี,2,อำเภอเขื่องใน,ตำบลบ้านกอก,5,0.3037475345167653,0.07142857142857142,0.09740259740259741,3,5.330387080496058
party_list,อุบลราชธานี,2,อำเภอเขื่องใน,ตำบลบ้านกอก,6,0.539647577092511,0.05714285714285714,0.04081632653061224,6,1.5922882064387556
party_list,อุบลราชธานี,2,อำเภอเขื่องใน,ตำบลบ้านไทย,12,0.42011834319526625,0.06338028169014084,0.007042253521126761,9,3.1871520862860727
party_list,อุบลราชธานี,2,อำเภอเขื่องใน,ตำบลบ้านไทย,3,0.7192307692307692,0.040106951871657755,0.03208556149732621,78,1.0301429914575246
party_list,อุบลราชธานี,2,อำเภอเขื่องใน,ตำบลบ้านไทย,8,0.6513409961685823,0.06470588235294118,0.058823529411764705,69,0.9791799092069222
party_list,อุบลราชธานี,2,อำเภอเขื่องใน,ตำบลยางขี้นก,10,0.6655629139072847,0.03980099502487562,0.01990049751243781,20,1.2147867611930665
party_list,อุบลราชธานี,2,อำเภอเขื่องใน,ตำบลยางขี้นก,3,0.6892109500805152,0.04906542056074766,0.02336448598130841,135,1.5895391800616785
party_list,อุบลราชธานี,2,อำเภอเขื่องใน,ตำบลยางขี้นก,4,0.6572934973637962,0.0374331550802139,0.06149732620320856,70,1.2786899456465677
party_list,อุบลราชธานี,2,อำเภอเขื่องใน,ตำบลยางขี้นก,5,0.6143250688705234,0.06278026905829596,0.03587443946188341,25,0.7278674288173081
party_list,อุบลราชธานี,2,อำเภอเขื่องใน,ตำบลยางขี้นก,6,0.7868131868131868,0.036312849162011177,0.0335195530726257,151,2.3318129669617083
party_list,อุบลราชธานี,2,อำเภอเขื่องใน,ตำบลยางขี้นก,7,,,,60,0.01930232907762475
party_list,อุบลราชธานี,2,อำเภอเขื่องใน,ตำบลยางขี้นก,9,0.7290836653386454,0.07103825136612021,0.02185792349726776,71,1.298503144098152
party_list,อุบลราชธานี,2,อำเภอเขื่องใน,ตำบลศรีสุข,1,0.562992125984252,0.03496503496503497,0.02097902097902098,24,1.7225957646170589
party_list,อุบลราชธานี,2,อำเภอเขื่องใน,ตำบลศรีสุข,2,0.6153846153846154,0.084375,0.009375,20,1.787382526035048
party_list,อุบลราชธานี,2,อำเภอเขื่องใน,ตำบลศรีสุข,3,0.6139455782312925,0.0443213296398892,0.00554016620498615,171,2.5654661016524463
party_list,อุบลราชธานี,2,อำเภอเขื่องใน,ตำบลศรีสุข,8,0.6375,0.029411764705882353,0.007352941176470588,113,1.8831536376902176
party_list,อุบลราชธานี,2,อำเภอเขื่องใน,ตำบลสร้างถ่อ,11,0.7824933687002652,0.0576271186440678,0.030508474576271188,19,1.5514419573725395
party_list,อุบลราชธานี,2,อำเภอเขื่องใน,ตำบลสร้างถ่อ,12,0.7112299465240641,0.03759398496240601,0.022556390977443608,33,1.3591492888578958
party_list,อุบลราชธานี,2,อำเภอเขื่องใน,ตำบลสร้างถ่อ,3,1.0,0.027160493827160494,0.06666666666666667,2,4.617508667607024
party_list,อุบลราชธานี,2,อำเภอเขื่องใน,ตำบลสร้างถ่อ,5,0.6511056511056511,0.06037735849056604,0.03018867924528302,0,0.8171161369238198
party_list,อุบลราชธานี,2,อำเภอเขื่องใน,ตำบลสร้างถ่อ,8,,,,18,0.4375194590928276
party_list,อุบลราชธานี,2,อำเภอเขื่องใน,ตำบลสหธาตุ,2,0.5979643765903307,0.09787234042553192,0.02553191489361702,60,1.1791429405835756
party_list,อุบลราชธานี,2,อำเภอเขื่องใน,ตำบลสหธาตุ,6,0.6101694915254238,0.05,0.011111111111111112,72,1.2728754485020188
party_list,อุบลราชธานี,2,อำเภอเขื่องใน,ตำบลสหธาตุ,7,0.6752577319587629,0.061068702290076333,0.015267175572519083,84,1.1217698148826802
party_list,อุบลราชธานี,2,อำเภอเขื่องใน,ตำบลหนองเหล่า,1,0.7112526539278131,0.04477611940298507,0.008955223880597015,2,2.0356524105548495
party_list,อุบลราชธานี,2,อำเภอเขื่องใน,ตำบลหนองเหล่า,2,0.7018121911037891,0.051643192488262914,0.028169014084507043,2,1.2782399896354328
party_list,อุบลราชธานี,2,อำเภอเขื่องใน,ตำบลหนองเหล่า,3,0.6789473684210526,0.06201550387596899,0.0,44,1.5144059704296606
party_list,อุบลราชธานี,2,อำเภอเขื่องใน,ตำบลหนองเหล่า,4,0.661504424778761,0.03678929765886288,0.026755852842809364,0,1.2235470396912809
party_list,อุบลราชธานี,2,อำเภอเขื่องใน,ตำบลหัวดอน,1,,,,189,1.4223978213154425
party_list,อุบลราชธานี,2,อำเภอเขื่องใน,ตำบลหัวดอน,10,0.65625,0.040100250626566414,0.03258145363408521,8,0.8739706564504607
party_list,อุบลราชธานี,2,อำเภอเขื่องใน,ตำบลหัวดอน,11,0.7322175732217573,0.037142857142857144,0.022857142857142857,5,1.8170185130780128
party_list,อุบลราชธานี,2,อำเภอเขื่องใน,ตำบลหัวดอน,2,0.6706948640483383,0.05405405405405406,0.036036036036036036,4,0.8391110114030048
party_list,อุบลราชธานี,2,อำเภอเขื่องใน,ตำบลหัวดอน,3,0.5613682092555332,0.043010752688172046,0.014336917562724014,103,1.9597603534637171
party_list,อุบลราชธานี,2,อำเภอเขื่องใน,ตำบลหัวดอน,4,0.6987577639751553,0.06,0.02666666666666667,47,0.7688654494767415
party_list,อุบลราชธานี,2,อำเภอเขื่องใน,ตำบลหัวดอน,6,0.6117424242424242,0.06811145510835913,0.01238390092879257,5,1.684984541118152
party_list,อุบลราชธานี,2,อำเภอเขื่องใน,ตำบลหัวดอน,9,,,,100,0.4543706987637698
party_list,อุบลราชธานี,2,อำเภอเขื่องใน,ตำบลแดงหม้อ,4,0.6285714285714286,0.022727272727272728,0.017045454545454544,6,1.69974525857112
party_list,อุบลราชธานี,2,อำเภอเขื่องใน,ตำบลแดงหม้อ,5,0.6009852216748769,,,85,0.653893836057736
party_list,อุบลราชธานี,2,อำเภอเขื่องใน,ตำบลโนนรัง,3,0.5844402277039848,0.03571428571428571,0.022727272727272728,86,1.4277302968283971
party_list,อุบลราชธานี,2,เขต 2 อ.เมืองฯ,ตำบลหนองขอน,1,0.6260504201680672,0.04697986577181208,0.02348993288590604,7,1.2096458386464934
party_list,อุบลราชธานี,2,เขต 2 อ.เมืองฯ,ตำบลหนองขอน,2,0.7897350993377483,0.06918238993710692,0.06918238993710692,8,2.8248811537785214
party_list,อุบลราชธานี,2,เขต 2 อ.เมืองฯ,ตำบลหนองขอน,3,0.6564705882352941,0.06810035842293907,0.05734767025089606,2,1.5070732236051763
party_list,อุบลราชธานี,2,เขต 2 อ.เมืองฯ,ตำบลหนองขอน,6,0.740506329113924,0.045584045584045586,0.03418803418803419,78,1.056759224818733
party_list,อุบลราชธานี,2,เขต 2 อ.เมืองฯ,ตำบลหนองขอน,7,0.4697754749568221,0.0625,0.10661764705882353,8,4.212221249126317
party_list,อุบลราชธานี,2,เขต 2 อ.เมืองฯ,ตำบลหนองขอน,8,,,,136,0.8459322314813003
party_list,อุบลราชธานี,2,เขตไร่น้อย,เขตไร่น้อย,1,0.7297297297297297,0.03898635477582846,0.04873294346978557,126,2.011055957895159
party_list,อุบลราชธานี,2,เขตไร่น้อย,เขตไร่น้อย,12,0.7281746031746031,0.04632152588555858,0.04087193460490463,164,2.0765606884467127
party_list,อุบลราชธานี,2,เขตไร่น้อย,เขตไร่น้อย,16,0.7966417910447762,0.05620608899297424,0.02576112412177986,63,1.449042850468185
party_list,อุบลราชธานี,2,เขตไร่น้อย,เขตไร่น้อย,17,0.7537037037037037,0.056511056511056514,0.03194103194103194,0,1.5110519313034376
party_list,อุบลราชธานี,2,เขตไร่น้อย,เขตไร่น้อย,19,0.7333333333333333,0.05844155844155844,0.03896103896103896,2,1.3882008042529996
party_list,อุบลราชธานี,2,เขตไร่น้อย,เขตไร่น้อย,2,0.6570605187319885,0.013157894736842105,0.05921052631578947,58,1.375742040125347
party_list,อุบลราชธานี,2,เขตไร่น้อย,เขตไร่น้อย,20,0.7046843177189409,0.06358381502890173,0.03468208092485549,85,0.7816871210398673
party_list,อุบลราชธานี,2,เขตไร่น้อย,เขตไร่น้อย,21,0.6962809917355371,0.05341246290801187,0.02967359050445104,0,1.189752571999608
party_list,อุบลราชธานี,2,เขตไร่น้อย,เขตไร่น้อย,22,0.6645833333333333,0.07210031347962383,0.07210031347962383,0,2.101327310253171
party_list,อุบลราชธานี,2,เขตไร่น้อย,เขตไร่น้อย,24,0.7148936170212766,0.02976190476190476,0.03571428571428571,43,1.0323702428385968
party_list,อุบลราชธานี,2,เขตไร่น้อย,เขตไร่น้อย,26,,,,54,0.04595792637529701
party_list,อุบลราชธานี,2,เขตไร่น้อย,เขตไร่น้อย,29,0.7063063063063063,0.01020408163265306,0.05612244897959184,20,2.097181587386927
party_list,อุบลราชธานี,2,เขตไร่น้อย,เขตไร่น้อย,3,0.7043478260869566,0.01646090534979424,0.053497942386831275,3,2.108722037427434
party_list,อุบลราชธานี,2,เขตไร่น้อย,เขตไร่น้อย,30,0.7171532846715328,0.007633587786259542,0.061068702290076333,29,2.2671309330398337
party_list,อุบลราชธานี,2,เขตไร่น้อย,เขตไร่น้อย,31,0.7404580152671756,0.041237113402061855,0.028350515463917526,0,1.7108206207123438
party_list,อุบลราชธานี,2,เขตไร่น้อย,เขตไร่น้อย,32,0.7240663900414938,0.03151862464183381,0.045845272206303724,20,1.6477234361549766
party_list,อุบลราชธานี,2,เขตไร่น้อย,เขตไร่น้อย,33,0.6964656964656964,0.020895522388059702,0.07164179104477612,4,2.5540044811508618
party_list,อุบลราชธานี,2,เขตไร่น้อย,เขตไร่น้อย,34,0.6555555555555556,0.031073446327683617,0.07909604519774012,0,2.400708234732955
party_list,อุบลราชธานี,2,เขตไร่น้อย,เขตไร่น้อย,36,0.7323420074349443,0.025380710659898477,0.08883248730964467,0,3.351014973457392
party_list,อุบลราชธานี,2,เขตไร่น้อย,เขตไร่น้อย,37,,,,861,8.731546432042679
party_list,อุบลราชธานี,2,เขตไร่น้อย,เขตไร่น้อย,38,0.7207602339181286,0.0486815415821501,0.060851926977687626,177,2.7605481814081165
party_list,อุบลราชธานี,2,เขตไร่น้อย,เขตไร่น้อย,39,0.7292576419213974,0.023952095808383235,0.05788423153692615,0,2.374231865978758
party_list,อุบลราชธานี,2,เขตไร่น้อย,เขตไร่น้อย,4,0.1425925925925926,0.14285714285714285,0.2597402597402597,60,11.921852222570287
party_list,อุบลราชธานี,2,เขตไร่น้อย,เขตไร่น้อย,40,0.6559139784946236,0.8969555035128806,0.0234192037470726,0,11.272284162443391
party_list,อุบลราชธานี,2,เขตไร่น้อย,เขตไร่น้อย,41,0.6944444444444444,0.02,0.06222222222222222,2,2.2759693278957647
party_list,อุบลราชธานี,2,เขตไร่น้อย,เขตไร่น้อย,42,0.6471428571428571,0.024282560706401765,0.02207505518763797,87,1.1287326806961597
party_list,อุบลราชธานี,2,เขตไร่น้อย,เขตไร่น้อย,44,0.7240704500978473,0.07837837837837838,0.043243243243243246,147,2.0504344659128337
party_list,อุบลราชธานี,2,เขตไร่น้อย,เขตไร่น้อย,45,0.684931506849315,0.02,0.037142857142857144,8,1.3524841983613454
party_list,อุบลราชธานี,2,เขตไร่น้อย,เขตไร่น้อย,5,0.3451568894952251,0.015810276679841896,0.07905138339920949,0,4.818843639808903
party_list,อุบลราชธานี,2,เขตไร่น้อย,เขตไร่น้อย,7,0.6907630522088354,0.02616279069767442,0.02616279069767442,15,1.427881778542789
party_list,อุบลราชธานี,2,เขตไร่น้อย,เขตไร่น้อย,8,0.699009900990099,0.019830028328611898,0.0339943342776204,16,1.3103193942677491
