polling_station_id,กล้าธรรม,ประชาชน,พลังไทยรักชาติ,ภูมิใจไทย,รวมใจไทย,เพื่อไทย,เศรษฐกิจ,ไทรวมพลัง,turnout_rate,spoiled_rate,abstain_rate,cluster,province,constituency,amphoe,tambon,unit,election_type,pca_1,pca_2
อุบลราชธานี|2|ตำบลขี้เหล็ก|ตำบลขี้เหล็ก|3,0.0,0.0,0.0,0.0,0.08035714285714286,0.24107142857142858,0.05357142857142857,0.625,0.8083941605839416,0.056433408577878104,0.02708803611738149,1,อุบลราชธานี,2,ตำบลขี้เหล็ก,ตำบลขี้เหล็ก,3,party_list,-2.2573412022136847,1.8229178797512204
อุบลราชธานี|2|ตำบลขี้เหล็ก|ตำบลขี้เหล็ก|4,0.0,0.0,0.0,0.0,0.09090909090909091,0.3492822966507177,0.05741626794258373,0.5023923444976076,0.7864823348694316,0.052734375,0.041015625,1,อุบลราชธานี,2,ตำบลขี้เหล็ก,ตำบลขี้เหล็ก,4,party_list,-2.040152708796468,2.0982165468114533
อุบลราชธานี|2|ตำบลขี้เหล็ก|ตำบลขี้เหล็ก|5,0.13114754098360656,0.2814207650273224,0.00273224043715847,0.09289617486338798,0.030054644808743168,0.1448087431693989,0.06557377049180328,0.25136612021857924,0.8169491525423729,0.04771784232365145,0.024896265560165973,1,อุบลราชธานี,2,ตำบลขี้เหล็ก,ตำบลขี้เหล็ก,5,party_list,0.26850920769685593,0.5195299741003078
อุบลราชธานี|2|ตำบลขี้เหล็ก|ตำบลขี้เหล็ก|9,0.0,0.0,0.0,0.0,0.0,0.0,0.0,0.0,0.0,0.0,0.0,1,อุบลราชธานี,2,ตำบลขี้เหล็ก,ตำบลขี้เหล็ก,9,party_list,-1.3256738892770092,-1.9214049201905368
อุบลราชธานี|2|ตำบลปะอาว|ตำบลปะอาว|1,0.4251012145748988,0.08097165991902834,0.0,0.020242914979757085,0.0,0.1214574898785425,0.016194331983805668,0.3360323886639676,0.7918918918918919,0.051194539249146756,0.08873720136518772,1,อุบลราชธานี,2,ตำบลปะอาว,ตำบลปะอาว,1,party_list,0.4493457422872671,0.6877441937303364
อุบลราชธานี|2|ตำบลปะอาว|ตำบลปะอาว|2,0.15,0.18,0.0,0.03,0.02,0.35,0.065,0.205,0.7918918918918919,0.051194539249146756,0.07508532423208192,1,อุบลราชธานี,2,ตำบลปะอาว,ตำบลปะอาว,2,party_list,0.1794397224736911,1.7006942992097305
อุบลราชธานี|2|ตำบลปะอาว|ตำบลปะอาว|3,0.03896103896103896,0.0,0.0,0.1341991341991342,0.08225108225108226,0.42424242424242425,0.04329004329004329,0.27705627705627706,0.6439873417721519,0.036855036855036855,0.019656019656019656,1,อุบลราชธานี,2,ตำบลปะอาว,ตำบลปะอาว,3,party_list,-1.380352890881857,1.0582696344292248
อุบลราชธานี|2|ตำบลปะอาว|ตำบลปะอาว|6,0.1554054054054054,0.25675675675675674,0.0,0.12162162162162163,0.07432432432432433,0.38513513513513514,0.006756756756756757,0.0,0.5820568927789934,0.03759398496240601,0.018796992481203006,3,อุบลราชธานี,2,ตำบลปะอาว,ตำบลปะอาว,6,party_list,0.13043745191953413,0.19563671830868862
อุบลราชธานี|2|ตำบลปะอาว|ตำบลปะอาว|9,0.1308411214953271,0.1822429906542056,0.0,0.1542056074766355,0.018691588785046728,0.1822429906542056,0.04672897196261682,0.2850467289719626,0.6329411764705882,0.03717472118959108,0.011152416356877323,1,อุบลราชธานี,2,ตำบลปะอาว,ตำบลปะอาว,9,party_list,-0.13024904484360061,-0.03440002136012223
อุบลราชธานี|2|ตำบลหัวเรือ|ตำบลหัวเรือ|1,0.0,0.0,0.8704103671706264,0.08639308855291576,0.04103671706263499,0.0021598272138228943,0.0,0.0,0.756140350877193,0.03248259860788863,0.03248259860788863,2,อุบลราชธานี,2,ตำบลหัวเรือ,ตำบลหัวเรือ,1,party_list,-1.064010999404336,-1.869616194905955
อุบลราชธานี|2|ตำบลหัวเรือ|ตำบลหัวเรือ|10,0.011627906976744186,0.1744186046511628,0.0,0.029069767441860465,0.06976744186046512,0.13372093023255813,0.29069767441860467,0.29069767441860467,0.0,0.0,0.0,1,อุบลราชธานี,2,ตำบลหัวเรือ,ตำบลหัวเรือ,10,party_list,-1.42914785468348,-0.8437293648539259
อุบลราชธานี|2|ตำบลหัวเรือ|ตำบลหัวเรือ|11,0.14385964912280702,0.3333333333333333,0.0,0.19649122807017544,0.07017543859649122,0.256140350877193,0.0,0.0,0.8135593220338984,0.04375,0.029166666666666667,3,อุบลราชธานี,2,ตำบลหัวเรือ,ตำบลหัวเรือ,11,party_list,1.1169508243158062,0.2418567645659891
อุบลราชธานี|2|ตำบลหัวเรือ|ตำบลหัวเรือ|12,0.06181818181818182,0.3090909090909091,0.0,0.16,0.16,0.014545454545454545,0.02909090909090909,0.26545454545454544,0.8378378378378378,0.02977667493796526,0.02729528535980149,3,อุบลราชธานี,2,ตำบลหัวเรือ,ตำบลหัวเรือ,12,party_list,0.15778913444524528,0.13420625589030202
อุบลราชธานี|2|ตำบลหัวเรือ|ตำบลหัวเรือ|13,0.0,0.0,0.0,0.0,0.10810810810810811,0.4527027027027027,0.0,0.4391891891891892,0.7990430622009569,0.07784431137724551,0.04491017964071856,1,อุบลราชธานี,2,ตำบลหัวเรือ,ตำบลหัวเรือ,13,party_list,-2.0443184935521614,2.4360863088101192
อุบลราชธานี|2|ตำบลหัวเรือ|ตำบลหัวเรือ|15,0.013651877133105802,0.18088737201365188,0.11604095563139932,0.09897610921501707,0.06143344709897611,0.22866894197952217,0.04778156996587031,0.2525597269624573,0.8159203980099502,0.01524390243902439,0.027439024390243903,1,อุบลราชธานี,2,ตำบลหัวเรือ,ตำบลหัวเรือ,15,party_list,-0.568829071191213,0.6698723829193473
อุบลราชธานี|2|ตำบลหัวเรือ|ตำบลหัวเรือ|2,0.05699481865284974,0.31865284974093266,0.0025906735751295338,0.11917098445595854,0.04922279792746114,0.27461139896373055,0.023316062176165803,0.15544041450777202,0.8133561643835616,0.031578947368421054,0.018947368421052633,3,อุบลราชธานี,2,ตำบลหัวเรือ,ตำบลหัวเรือ,2,party_list,0.23243837620285818,0.7135251775743001
อุบลราชธานี|2|ตำบลหัวเรือ|ตำบลหัวเรือ|4,0.049586776859504134,0.34710743801652894,0.008264462809917356,0.14049586776859505,0.05785123966942149,0.17768595041322313,0.045454545454545456,0.17355371900826447,0.0,0.0,0.0,3,อุบลราชธานี,2,ตำบลหัวเรือ,ตำบลหัวเรือ,4,party_list,-0.20203198021861007,-1.4957188896028157
อุบลราชธานี|2|ตำบลหัวเรือ|ตำบลหัวเรือ|6,0.02214022140221402,0.0,0.0,0.07749077490774908,0.07380073800738007,0.24354243542435425,0.03690036900369004,0.5461254612546126,0.9101338432122371,0.03991596638655462,0.0,1,อุบลราชธานี,2,ตำบลหัวเรือ,ตำบลหัวเรือ,6,party_list,-2.031736772063809,1.3233737313766887
อุบลราชธานี|2|ตำบลหัวเรือ|ตำบลหัวเรือ|7,0.11065573770491803,0.4016393442622951,0.004098360655737705,0.20081967213114754,0.09836065573770492,0.18442622950819673,0.0,0.0,0.7558320373250389,0.03497942386831276,0.024691358024691357,3,อุบลราชธานี,2,ตำบลหัวเรือ,ตำบลหัวเรือ,7,party_list,1.1872753382263184,-0.11054908025471259
อุบลราชธานี|2|ตำบลหัวเรือ|ตำบลหัวเรือ|8,0.017167381974248927,0.2575107296137339,0.0,0.04291845493562232,0.004291845493562232,0.19742489270386265,0.05150214592274678,0.4291845493562232,0.0,0.0,0.0,1,อุบลราชธานี,2,ตำบลหัวเรือ,ตำบลหัวเรือ,8,party_list,-1.2579165074652077,-0.811958558034232
อุบลราชธานี|2|ตำบลเขื่องใน|เขตตำบลเขื่องใน|10,0.2108843537414966,0.16666666666666666,0.0,0.08843537414965986,0.047619047619047616,0.18027210884353742,0.0,0.30612244897959184,0.517799352750809,0.07291666666666667,0.022916666666666665,1,อุบลราชธานี,2,ตำบลเขื่องใน,เขตตำบลเขื่องใน,10,party_list,-0.3867449675362588,-0.039851262568343836
อุบลราชธานี|2|ตำบลเขื่องใน|เขตตำบลเขื่องใน|11,0.15976331360946747,0.005917159763313609,0.0,0.23668639053254437,0.08284023668639054,0.08284023668639054,0.05917159763313609,0.3727810650887574,0.6143667296786389,0.05846153846153846,0.003076923076923077,1,อุบลราชธานี,2,ตำบลเขื่องใน,เขตตำบลเขื่องใน,11,party_list,-0.6861395174016077,-0.4852221668024757
อุบลราชธานี|2|ตำบลเขื่องใน|เขตตำบลเขื่องใน|7,0.2810810810810811,0.3783783783783784,0.0,0.2,0.016216216216216217,0.12432432432432433,0.0,0.0,0.7185185185185186,0.061855670103092786,0.01718213058419244,3,อุบลราชธานี,2,ตำบลเขื่องใน,เขตตำบลเขื่องใน,7,party_list,1.690313689528321,-0.7221584801959602
อุบลราชธานี|2|ตำบลเขื่องใน|เขตตำบลเขื่องใน|8,0.19144144144144143,0.22747747747747749,0.0022522522522522522,0.1463963963963964,0.0518018018018018,0.13288288288288289,0.06756756756756757,0.18018018018018017,0.6740576496674058,0.07072368421052631,0.013157894736842105,3,อุบลราชธานี,2,ตำบลเขื่องใน,เขตตำบลเขื่องใน,8,party_list,0.29899316947427174,-0.16708089872180323
อุบลราชธานี|2|ตำบลเขื่องใน|เขตตำบลเขื่องใน|9,0.0,0.0,0.0,0.0,0.3333333333333333,0.5,0.16666666666666666,0.0,0.7647058823529411,0.04807692307692308,0.0,1,อุบลราชธานี,2,ตำบลเขื่องใน,เขตตำบลเขื่องใน,9,party_list,-2.7394269643393323,1.5994700402710178
อุบลราชธานี|2|ตำบลเขื่องใน|เขตเทศบาล และนอกเขต|0,0.22538860103626943,0.14766839378238342,0.0,0.08808290155440414,0.031088082901554404,0.25647668393782386,0.04145077720207254,0.20984455958549222,0.7211703958691911,0.045346062052505964,0.021479713603818614,1,อุบลราชธานี,2,ตำบลเขื่องใน,เขตเทศบาล และนอกเขต,0,party_list,-0.22371729810949303,0.3556896994675595
อุบลราชธานี|2|อำเภอเขื่องใน|ตำบลกลางใหญ่|1,0.2361111111111111,0.3148148148148148,0.0,0.12037037037037036,0.023148148148148147,0.06018518518518518,0.032407407407407406,0.21296296296296297,0.5279850746268657,0.045936395759717315,0.007067137809187279,3,อุบลราชธานี,2,อำเภอเขื่องใน,ตำบลกลางใหญ่,1,party_list,0.481373734571607,-0.8766498532680577
อุบลราชธานี|2|อำเภอเขื่องใน|ตำบลกลางใหญ่|10,0.1810344827586207,0.14655172413793102,0.0,0.1206896551724138,0.02586206896551724,0.3706896551724138,0.034482758620689655,0.1206896551724138,0.36827195467422097,0.023076923076923078,0.015384615384615385,1,อุบลราชธานี,2,อำเภอเขื่องใน,ตำบลกลางใหญ่,10,party_list,-0.37090360161713326,-0.2427834273010236
อุบลราชธานี|2|อำเภอเขื่องใน|ตำบลกลางใหญ่|11,0.5378151260504201,0.1092436974789916,0.0,0.008403361344537815,0.01680672268907563,0.01680672268907563,0.0,0.31092436974789917,0.6059602649006622,0.03278688524590164,0.01639344262295082,1,อุบลราชธานี,2,อำเภอเขื่องใน,ตำบลกลางใหญ่,11,party_list,-0.26756543458549603,-1.1206507021622598
อุบลราชธานี|2|อำเภอเขื่องใน|ตำบลกลางใหญ่|3,0.35668789808917195,0.1910828025477707,0.0,0.12101910828025478,0.012738853503184714,0.15286624203821655,0.01910828025477707,0.1464968152866242,0.5427872860635696,0.02702702702702703,0.013513513513513514,3,อุบลราชธานี,2,อำเภอเขื่องใน,ตำบลกลางใหญ่,3,party_list,0.3491470215470087,-0.9358435583240545
อุบลราชธานี|2|อำเภอเขื่องใน|ตำบลกลางใหญ่|4,0.28776978417266186,0.19424460431654678,0.0,0.07913669064748201,0.02158273381294964,0.2014388489208633,0.02158273381294964,0.19424460431654678,0.40939597315436244,0.03825136612021858,0.00546448087431694,1,อุบลราชธานี,2,อำเภอเขื่องใน,ตำบลกลางใหญ่,4,party_list,-0.25039991576061926,-0.7837260688995946
อุบลราชธานี|2|อำเภอเขื่องใน|ตำบลกลางใหญ่|5,0.20121951219512196,0.17682926829268292,0.006097560975609756,0.2621951219512195,0.03048780487804878,0.29878048780487804,0.024390243902439025,0.0,0.3546666666666667,0.08270676691729323,0.0,3,อุบลราชธานี,2,อำเภอเขื่องใน,ตำบลกลางใหญ่,5,party_list,0.5738792648080316,-0.9607688977529981
อุบลราชธานี|2|อำเภอเขื่องใน|ตำบลกลางใหญ่|6,0.25316455696202533,0.26582278481012656,0.0,0.06962025316455696,0.012658227848101266,0.15822784810126583,0.05063291139240506,0.189873417721519,0.6405228758169934,0.04081632653061224,0.015306122448979591,3,อุบลราชธานี,2,อำเภอเขื่องใน,ตำบลกลางใหญ่,6,party_list,0.23947116682772765,-0.2222845999713054
อุบลราชธานี|2|อำเภอเขื่องใน|ตำบลกลางใหญ่|7,0.0,0.029411764705882353,0.0,0.3235294117647059,0.058823529411764705,0.4117647058823529,0.07352941176470588,0.10294117647058823,0.5,0.035211267605633804,0.02112676056338028,3,อุบลราชธานี,2,อำเภอเขื่องใน,ตำบลกลางใหญ่,7,party_list,-0.09361603682525367,0.2123092669245038
อุบลราชธานี|2|อำเภอเขื่องใน|ตำบลก่อเอ้|1,0.12142857142857143,0.24642857142857144,0.0,0.16428571428571428,0.04285714285714286,0.14285714285714285,0.05714285714285714,0.225,0.7056603773584905,0.0427807486631016,0.03208556149732621,3,อุบลราชธานี,2,อำเภอเขื่องใน,ตำบลก่อเอ้,1,party_list,0.48421418218356416,0.18000809573581442
อุบลราชธานี|2|อำเภอเขื่องใน|ตำบลก่อเอ้|10,0.13090909090909092,0.04727272727272727,0.7381818181818182,0.05454545454545454,0.025454545454545455,0.0036363636363636364,0.0,0.0,0.7032085561497327,0.053231939163498096,0.022813688212927757,2,อุบลราชธานี,2,อำเภอเขื่องใน,ตำบลก่อเอ้,10,party_list,-0.7916778298667497,-1.9383003766678948
อุบลราชธานี|2|อำเภอเขื่องใน|ตำบลก่อเอ้|11,0.09306260575296109,0.18274111675126903,0.0,0.07614213197969544,0.032148900169204735,0.24534686971235195,0.043993231810490696,0.32656514382402707,0.6684607104413348,0.02576489533011272,0.01932367149758454,1,อุบลราชธานี,2,อำเภอเขื่องใน,ตำบลก่อเอ้,11,party_list,-0.6400260500346323,0.5824871052100828
อุบลราชธานี|2|อำเภอเขื่องใน|ตำบลก่อเอ้|8,0.6829268292682927,0.0,0.0,0.2926829268292683,0.024390243902439025,0.0,0.0,0.0,0.0,0.0,0.0,3,อุบลราชธานี,2,อำเภอเขื่องใน,ตำบลก่อเอ้,8,party_list,0.8758491192317005,-4.015640253559962
อุบลราชธานี|2|อำเภอเขื่องใน|ตำบลก่อเอ้|9,0.2147887323943662,0.22183098591549297,0.0035211267605633804,0.3274647887323944,0.03873239436619718,0.1056338028169014,0.03873239436619718,0.04929577464788732,0.7692307692307693,0.056,0.034,3,อุบลราชธานี,2,อำเภอเขื่องใน,ตำบลก่อเอ้,9,party_list,1.7168568835787406,-0.5593229211031995
อุบลราชธานี|2|อำเภอเขื่องใน|ตำบลค้อทอง|1,0.07446808510638298,0.11702127659574468,0.0425531914893617,0.02127659574468085,0.11702127659574468,0.574468085106383,0.05319148936170213,0.0,0.6609756097560976,0.03690036900369004,0.04059040590405904,1,อุบลราชธานี,2,อำเภอเขื่องใน,ตำบลค้อทอง,1,party_list,-1.0088250863840167,1.5398168867791864
อุบลราชธานี|2|อำเภอเขื่องใน|ตำบลค้อทอง|6,0.4122448979591837,0.1673469387755102,0.0,0.08571428571428572,0.036734693877551024,0.061224489795918366,0.036734693877551024,0.2,0.66875,0.2336448598130841,0.14953271028037382,3,อุบลราชธานี,2,อำเภอเขื่องใน,ตำบลค้อทอง,6,party_list,2.194723682092957,1.38996282337196
อุบลราชธานี|2|อำเภอเขื่องใน|ตำบลค้อทอง|7,0.2682926829268293,0.4146341463414634,0.0,0.14634146341463414,0.17073170731707318,0.0,0.0,0.0,0.5306859205776173,0.07482993197278912,0.027210884353741496,3,อุบลราชธานี,2,อำเภอเขื่องใน,ตำบลค้อทอง,7,party_list,1.1314075593280812,-1.1155355962957958
อุบลราชธานี|2|อำเภอเขื่องใน|ตำบลค้อทอง|8,0.2641509433962264,0.18867924528301888,0.0,0.07547169811320754,0.07547169811320754,0.11949685534591195,0.031446540880503145,0.24528301886792453,0.23076923076923078,0.04504504504504504,0.009009009009009009,1,อุบลราชธานี,2,อำเภอเขื่องใน,ตำบลค้อทอง,8,party_list,-0.5600817903753912,-1.1664968699953255
อุบลราชธานี|2|อำเภอเขื่องใน|ตำบลค้อทอง|9,0.17482517482517482,0.15384615384615385,0.0,0.2762237762237762,0.045454545454545456,0.17482517482517482,0.0,0.17482517482517482,0.630801687763713,0.013377926421404682,0.023411371237458192,3,อุบลราชธานี,2,อำเภอเขื่องใน,ตำบลค้อทอง,9,party_list,0.5797622072283117,-0.5789921262616382
อุบลราชธานี|2|อำเภอเขื่องใน|ตำบลชีทวน|1,0.26785714285714285,0.23214285714285715,0.0,0.16071428571428573,0.09821428571428571,0.24107142857142858,0.0,0.0,0.0,0.0,0.0,3,อุบลราชธานี,2,อำเภอเขื่องใน,ตำบลชีทวน,1,party_list,-0.11245139125929544,-2.0669146995850274
อุบลราชธานี|2|อำเภอเขื่องใน|ตำบลชีทวน|6,0.4171779141104294,0.25153374233128833,0.0,0.05521472392638037,0.04294478527607362,0.2331288343558282,0.0,0.0,0.5711678832116789,0.05750798722044728,0.003194888178913738,3,อุบลราชธานี,2,อำเภอเขื่องใน,ตำบลชีทวน,6,party_list,0.3269463927785894,-0.8106358374495323
อุบลราชธานี|2|อำเภอเขื่องใน|ตำบลชีทวน|7,0.2777777777777778,0.2638888888888889,0.0,0.18055555555555555,0.06944444444444445,0.125,0.05555555555555555,0.027777777777777776,0.5172413793103449,0.13333333333333333,0.030303030303030304,3,อุบลราชธานี,2,อำเภอเขื่องใน,ตำบลชีทวน,7,party_list,1.1584684825967768,-0.5246779619502155
อุบลราชธานี|2|อำเภอเขื่องใน|ตำบลชีทวน|9,0.19696969696969696,0.15151515151515152,0.0,0.30303030303030304,0.022727272727272728,0.15151515151515152,0.03787878787878788,0.13636363636363635,0.6538461538461539,0.06470588235294118,0.029411764705882353,3,อุบลราชธานี,2,อำเภอเขื่องใน,ตำบลชีทวน,9,party_list,1.101529148632308,-0.4561831103924488
อุบลราชธานี|2|อำเภอเขื่องใน|ตำบลท่าไห|1,0.25170068027210885,0.17006802721088435,0.0,0.08163265306122448,0.04081632653061224,0.11564625850340136,0.0,0.3401360544217687,0.31684981684981683,0.09248554913294797,0.011560693641618497,1,อุบลราชธานี,2,อำเภอเขื่องใน,ตำบลท่าไห,1,party_list,-0.5095028174112123,-0.7076149494761742
อุบลราชธานี|2|อำเภอเขื่องใน|ตำบลท่าไห|10,0.10396039603960396,0.22772277227722773,0.0,0.13366336633663367,0.0891089108910891,0.44554455445544555,0.0,0.0,0.43434343434343436,0.10631229235880399,0.0033222591362126247,3,อุบลราชธานี,2,อำเภอเขื่องใน,ตำบลท่าไห,10,party_list,-0.26835161156168535,0.27105794368727726
อุบลราชธานี|2|อำเภอเขื่องใน|ตำบลท่าไห|11,0.12777777777777777,0.1,0.0,0.12777777777777777,0.09444444444444444,0.07777777777777778,0.022222222222222223,0.45,0.43906510851419034,0.07984790874524715,0.011406844106463879,1,อุบลราชธานี,2,อำเภอเขื่องใน,ตำบลท่าไห,11,party_list,-1.0488060773487298,-0.29324056013930283
อุบลราชธานี|2|อำเภอเขื่องใน|ตำบลท่าไห|3,0.08875739644970414,0.05621301775147929,0.606508875739645,0.047337278106508875,0.0,0.0,0.0,0.20118343195266272,0.0,0.0,0.0,2,อุบลราชธานี,2,อำเภอเขื่องใน,ตำบลท่าไห,3,party_list,-1.7014598866774924,-3.1605484379108333
อุบลราชธานี|2|อำเภอเขื่องใน|ตำบลท่าไห|4,0.10315186246418338,0.07736389684813753,0.5988538681948424,0.03151862464183381,0.022922636103151862,0.045845272206303724,0.017191977077363897,0.10315186246418338,0.0,0.0,0.0,2,อุบลราชธานี,2,อำเภอเขื่องใน,ตำบลท่าไห,4,party_list,-1.6299257196810513,-3.09921510150412
อุบลราชธานี|2|อำเภอเขื่องใน|ตำบลท่าไห|5,0.13306451612903225,0.1532258064516129,0.0,0.04838709677419355,0.07661290322580645,0.16129032258064516,0.028225806451612902,0.39919354838709675,0.0,0.0,0.0,1,อุบลราชธานี,2,อำเภอเขื่องใน,ตำบลท่าไห,5,party_list,-1.6227331035449817,-1.2311951960109473
อุบลราชธานี|2|อำเภอเขื่องใน|ตำบลท่าไห|6,0.0,0.0,0.0,0.0,0.06711409395973154,0.46308724832214765,0.006711409395973154,0.46308724832214765,0.4207492795389049,0.03424657534246575,0.00684931506849315,1,อุบลราชธานี,2,อำเภอเขื่องใน,ตำบลท่าไห,6,party_list,-2.6512594241654175,1.1665624346661823
อุบลราชธานี|2|อำเภอเขื่องใน|ตำบลท่าไห|9,0.1360544217687075,0.23129251700680273,0.0,0.061224489795918366,0.10884353741496598,0.08843537414965986,0.034013605442176874,0.3401360544217687,0.0,0.0,0.0,1,อุบลราชธานี,2,อำเภอเขื่องใน,ตำบลท่าไห,9,party_list,-1.231715576422564,-1.5467373275451801
อุบลราชธานี|2|อำเภอเขื่องใน|ตำบลธาตุน้อย|10,0.04281345565749235,0.2018348623853211,0.0,0.039755351681957186,0.07951070336391437,0.1926605504587156,0.03058103975535168,0.41284403669724773,0.5906432748538012,0.07178217821782178,0.03712871287128713,1,อุบลราชธานี,2,อำเภอเขื่องใน,ตำบลธาตุน้อย,10,party_list,-0.8476806703900558,0.9441218072146934
อุบลราชธานี|2|อำเภอเขื่องใน|ตำบลธาตุน้อย|3,0.0325497287522604,0.054249547920433995,0.7341772151898734,0.0325497287522604,0.039783001808318265,0.10669077757685352,0.0,0.0,0.612,0.08496732026143791,0.015250544662309368,2,อุบลราชธานี,2,อำเภอเขื่องใน,ตำบลธาตุน้อย,3,party_list,-1.26698160081746,-1.487426363420334
อุบลราชธานี|2|อำเภอเขื่องใน|ตำบลธาตุน้อย|9,0.26732673267326734,0.24752475247524752,0.0,0.24752475247524752,0.07425742574257425,0.16336633663366337,0.0,0.0,0.6054545454545455,0.042042042042042045,0.009009009009009009,3,อุบลราชธานี,2,อำเภอเขื่องใน,ตำบลธาตุน้อย,9,party_list,0.9770572141755064,-1.0560814022623164
อุบลราชธานี|2|อำเภอเขื่องใน|ตำบลนาคำใหญ่|3,0.03278688524590164,0.11475409836065574,0.0,0.11475409836065574,0.0,0.14754098360655737,0.01639344262295082,0.5737704918032787,0.6636363636363637,0.0,0.0410958904109589,1,อุบลราชธานี,2,อำเภอเขื่องใน,ตำบลนาคำใหญ่,3,party_list,-0.7844187881792924,0.7281462007697249
อุบลราชธานี|2|อำเภอเขื่องใน|ตำบลนาคำใหญ่|5,0.0,0.14457831325301204,0.0,0.0,0.060240963855421686,0.14457831325301204,0.060240963855421686,0.5903614457831325,0.6349809885931559,0.0718562874251497,0.041916167664670656,1,อุบลราชธานี,2,อำเภอเขื่องใน,ตำบลนาคำใหญ่,5,party_list,-1.381543514692879,1.373906924863368
อุบลราชธานี|2|อำเภอเขื่องใน|ตำบลนาคำใหญ่|6,0.0,0.49640287769784175,0.007194244604316547,0.050359712230215826,0.1079136690647482,0.3381294964028777,0.0,0.0,0.422680412371134,0.052845528455284556,0.012195121951219513,3,อุบลราชธานี,2,อำเภอเขื่องใน,ตำบลนาคำใหญ่,6,party_list,0.17115243682210685,0.21481125258243247
อุบลราชธานี|2|อำเภอเขื่องใน|ตำบลนาคำใหญ่|8,0.08064516129032258,0.08064516129032258,0.008064516129032258,0.008064516129032258,0.056451612903225805,0.46774193548387094,0.056451612903225805,0.24193548387096775,0.5873015873015873,0.1554054054054054,0.02027027027027027,1,อุบลราชธานี,2,อำเภอเขื่องใน,ตำบลนาคำใหญ่,8,party_list,-1.3209447712674207,1.697013588045007
อุบลราชธานี|2|อำเภอเขื่องใน|ตำบลบ้านกอก|1,0.0,0.0,0.0,0.0,0.06278026905829596,0.43946188340807174,0.053811659192825115,0.4439461883408072,0.7958883994126285,0.025830258302583026,0.0036900369003690036,1,อุบลราชธานี,2,อำเภอเขื่องใน,ตำบลบ้านกอก,1,party_list,-2.427428497664784,1.7899062611505419
อุบลราชธานี|2|อำเภอเขื่องใน|ตำบลบ้านกอก|3,0.20155038759689922,0.2248062015503876,0.0,0.10852713178294573,0.031007751937984496,0.10077519379844961,0.05426356589147287,0.27906976744186046,0.7678571428571429,0.05813953488372093,0.005813953488372093,1,อุบลราชธานี,2,อำเภอเขื่องใน,ตำบลบ้านกอก,3,party_list,0.000363422386044051,-0.03817125769990377
อุบลราชธานี|2|อำเภอเขื่องใน|ตำบลบ้านกอก|4,0.06179775280898876,0.011235955056179775,0.7172284644194756,0.09176029962546817,0.028089887640449437,0.0898876404494382,0.0,0.0,0.0,0.0,0.0,2,อุบลราชธานี,2,อำเภอเขื่องใน,ตำบลบ้านกอก,4,party_list,-1.6351045938018607,-3.403225466583415
อุบลราชธานี|2|อำเภอเขื่องใน|ตำบลบ้านกอก|5,0.13793103448275862,0.2720306513409962,0.0,0.14942528735632185,0.019157088122605363,0.1724137931034483,0.05747126436781609,0.19157088122605365,0.3037475345167653,0.07142857142857142,0.09740259740259741,3,อุบลราชธานี,2,อำเภอเขื่องใน,ตำบลบ้านกอก,5,party_list,1.321679140804517,0.26174703797491067
อุบลราชธานี|2|อำเภอเขื่องใน|ตำบลบ้านกอก|6,0.0684931506849315,0.3333333333333333,0.0,0.1187214611872146,0.0410958904109589,0.2237442922374429,0.0091324200913242,0.2054794520547945,0.539647577092511,0.05714285714285714,0.04081632653061224,3,อุบลราชธานี,2,อำเภอเขื่องใน,ตำบลบ้านกอก,6,party_list,0.4773341689674095,0.3904808669117213
อุบลราชธานี|2|อำเภอเขื่องใน|ตำบลบ้านไทย|12,0.06779661016949153,0.1694915254237288,0.0,0.1016949152542373,0.1016949152542373,0.13559322033898305,0.01694915254237288,0.4067796610169492,0.42011834319526625,0.06338028169014084,0.007042253521126761,1,อุบลราชธานี,2,อำเภอเขื่องใน,ตำบลบ้านไทย,12,party_list,-1.1274006556738643,-0.13720630737197648
อุบลราชธานี|2|อำเภอเขื่องใน|ตำบลบ้านไทย|3,0.20532319391634982,0.24714828897338403,0.0,0.18631178707224336,0.015209125475285171,0.17870722433460076,0.026615969581749048,0.14068441064638784,0.7192307692307692,0.040106951871657755,0.03208556149732621,3,อุบลราชธานี,2,อำเภอเขื่องใน,ตำบลบ้านไทย,3,party_list,0.92039533757082,-0.07586189301395553
อุบลราชธานี|2|อำเภอเขื่องใน|ตำบลบ้านไทย|8,0.12828947368421054,0.15460526315789475,0.0,0.09210526315789473,0.019736842105263157,0.05592105263157895,0.3092105263157895,0.24013157894736842,0.6513409961685823,0.06470588235294118,0.058823529411764705,1,อุบลราชธานี,2,อำเภอเขื่องใน,ตำบลบ้านไทย,8,party_list,0.488795792158546,0.6420843753960371
อุบลราชธานี|2|อำเภอเขื่องใน|ตำบลยางขี้นก|10,0.2752808988764045,0.20224719101123595,0.10674157303370786,0.0898876404494382,0.033707865168539325,0.03932584269662921,0.0056179775280898875,0.24719101123595505,0.6655629139072847,0.03980099502487562,0.01990049751243781,1,อุบลราชธานี,2,อำเภอเขื่องใน,ตำบลยางขี้นก,10,party_list,0.04697800857666899,-0.7730750571533187
อุบลราชธานี|2|อำเภอเขื่องใน|ตำบลยางขี้นก|3,0.19494584837545126,0.2743682310469314,0.0036101083032490976,0.16606498194945848,0.039711191335740074,0.0,0.05415162454873646,0.26714801444043323,0.6892109500805152,0.04906542056074766,0.02336448598130841,3,อุบลราชธานี,2,อำเภอเขื่องใน,ตำบลยางขี้นก,3,party_list,0.68269761970978,-0.4772289861806085
อุบลราชธานี|2|อำเภอเขื่องใน|ตำบลยางขี้นก|4,0.182648401826484,0.3470319634703196,0.0045662100456621,0.0867579908675799,0.0639269406392694,0.3150684931506849,0.0,0.0,0.6572934973637962,0.0374331550802139,0.06149732620320856,3,อุบลราชธานี,2,อำเภอเขื่องใน,ตำบลยางขี้นก,4,party_list,0.9976688109425536,0.5980938820147575
อุบลราชธานี|2|อำเภอเขื่องใน|ตำบลยางขี้นก|5,0.0,0.0,0.0,0.0,0.22807017543859648,0.7368421052631579,0.017543859649122806,0.017543859649122806,0.6143250688705234,0.06278026905829596,0.03587443946188341,1,อุบลราชธานี,2,อำเภอเขื่องใน,ตำบลยางขี้นก,5,party_list,-2.2923322450237733,2.2964499001600456
อุบลราชธานี|2|อำเภอเขื่องใน|ตำบลยางขี้นก|6,0.1279527559055118,0.11614173228346457,0.655511811023622,0.04921259842519685,0.015748031496062992,0.03543307086614173,0.0,0.0,0.7868131868131868,0.036312849162011177,0.0335195530726257,2,อุบลราชธานี,2,อำเภอเขื่องใน,ตำบลยางขี้นก,6,party_list,-0.3691585548164403,-1.4431357913093892
อุบลราชธานี|2|อำเภอเขื่องใน|ตำบลยางขี้นก|7,0.0,0.0,0.0,0.696969696969697,0.09090909090909091,0.0,0.21212121212121213,0.0,0.0,0.0,0.0,3,อุบลราชธานี,2,อำเภอเขื่องใน,ตำบลยางขี้นก,7,party_list,1.5349627447134742,-3.19239738195493
อุบลราชธานี|2|อำเภอเขื่องใน|ตำบลยางขี้นก|9,0.3815789473684211,0.27631578947368424,0.0,0.11842105263157894,0.05263157894736842,0.17105263157894737,0.0,0.0,0.7290836653386454,0.07103825136612021,0.02185792349726776,3,อุบลราชธานี,2,อำเภอเขื่องใน,ตำบลยางขี้นก,9,party_list,1.0025247911296038,-0.49599385329202317
อุบลราชธานี|2|อำเภอเขื่องใน|ตำบลศรีสุข|1,0.06639004149377593,0.18672199170124482,0.0,0.16182572614107885,0.12863070539419086,0.22821576763485477,0.0,0.22821576763485477,0.562992125984252,0.03496503496503497,0.02097902097902098,1,อุบลราชธานี,2,อำเภอเขื่องใน,ตำบลศรีสุข,1,party_list,-0.5026574136659359,0.0921021989674241
อุบลราชธานี|2|อำเภอเขื่องใน|ตำบลศรีสุข|2,0.16595744680851063,0.17446808510638298,0.0,0.10638297872340426,0.07659574468085106,0.0851063829787234,0.04680851063829787,0.3446808510638298,0.6153846153846154,0.084375,0.009375,1,อุบลราชธานี,2,อำเภอเขื่องใน,ตำบลศรีสุข,2,party_list,-0.5046969513074598,-0.0736823281432526
อุบลราชธานี|2|อำเภอเขื่องใน|ตำบลศรีสุข|3,0.0720164609053498,0.07818930041152264,0.7057613168724279,0.0,0.04526748971193416,0.09876543209876543,0.0,0.0,0.6139455782312925,0.0443213296398892,0.00554016620498615,2,อุบลราชธานี,2,อำเภอเขื่องใน,ตำบลศรีสุข,3,party_list,-1.4497160369166262,-1.726228384724969
อุบลราชธานี|2|อำเภอเขื่องใน|ตำบลศรีสุข|8,0.1459227467811159,0.2703862660944206,0.0,0.11158798283261803,0.11587982832618025,0.3562231759656652,0.0,0.0,0.6375,0.029411764705882353,0.007352941176470588,3,อุบลราชธานี,2,อำเภอเขื่องใน,ตำบลศรีสุข,8,party_list,-0.14961792757842465,0.10526656072262007
อุบลราชธานี|2|อำเภอเขื่องใน|ตำบลสร้างถ่อ|11,0.07727272727272727,0.1590909090909091,0.0,0.06818181818181818,0.07272727272727272,0.22272727272727272,0.00909090909090909,0.39090909090909093,0.7824933687002652,0.0576271186440678,0.030508474576271188,1,อุบลราชธานี,2,อำเภอเขื่องใน,ตำบลสร้างถ่อ,11,party_list,-0.8074464806658914,1.088585536646766
อุบลราชธานี|2|อำเภอเขื่องใน|ตำบลสร้างถ่อ|12,0.1525974025974026,0.14285714285714285,0.0,0.1525974025974026,0.032467532467532464,0.00974025974025974,0.05194805194805195,0.4577922077922078,0.7112299465240641,0.03759398496240601,0.022556390977443608,1,อุบลราชธานี,2,อำเภอเขื่องใน,ตำบลสร้างถ่อ,12,party_list,-0.23300369330438772,-0.09334488274396398
อุบลราชธานี|2|อำเภอเขื่องใน|ตำบลสร้างถ่อ|3,0.0,0.0,0.0,0.3786407766990291,0.1553398058252427,0.3106796116504854,0.1553398058252427,0.0,1.0,0.027160493827160494,0.06666666666666667,3,อุบลราชธานี,2,อำเภอเขื่องใน,ตำบลสร้างถ่อ,3,party_list,0.7951563503168169,1.2150196571534653
อุบลราชธานี|2|อำเภอเขื่องใน|ตำบลสร้างถ่อ|5,0.24855491329479767,0.26011560693641617,0.0,0.06936416184971098,0.06358381502890173,0.1676300578034682,0.04046242774566474,0.15028901734104047,0.6511056511056511,0.06037735849056604,0.03018867924528302,3,อุบลราชธานี,2,อำเภอเขื่องใน,ตำบลสร้างถ่อ,5,party_list,0.28591820209995444,0.028943969924278477
อุบลราชธานี|2|อำเภอเขื่องใน|ตำบลสร้างถ่อ|8,0.0,0.0,0.0,0.0,1.0,0.0,0.0,0.0,0.0,0.0,0.0,0,อุบลราชธานี,2,อำเภอเขื่องใน,ตำบลสร้างถ่อ,8,party_list,-5.3659625848523875,-1.6196454972852075
อุบลราชธานี|2|อำเภอเขื่องใน|ตำบลสหธาตุ|2,0.125,0.06696428571428571,0.0,0.40625,0.05357142857142857,0.14285714285714285,0.05803571428571429,0.14732142857142858,0.5979643765903307,0.09787234042553192,0.02553191489361702,3,อุบลราชธานี,2,อำเภอเขื่องใน,ตำบลสหธาตุ,2,party_list,1.0311784696574124,-0.5371904469061458
อุบลราชธานี|2|อำเภอเขื่องใน|ตำบลสหธาตุ|6,0.06542056074766354,0.14018691588785046,0.7897196261682243,0.0,0.0,0.004672897196261682,0.0,0.0,0.6101694915254238,0.05,0.011111111111111112,2,อุบลราชธานี,2,อำเภอเขื่องใน,ตำบลสหธาตุ,6,party_list,-0.955695662980984,-2.103642557692997
อุบลราชธานี|2|อำเภอเขื่องใน|ตำบลสหธาตุ|7,0.0,0.0,0.0,0.0,0.046875,0.140625,0.015625,0.796875,0.6752577319587629,0.061068702290076333,0.015267175572519083,1,อุบลราชธานี,2,อำเภอเขื่องใน,ตำบลสหธาตุ,7,party_list,-2.5425391197464813,1.3115959057410278
อุบลราชธานี|2|อำเภอเขื่องใน|ตำบลหนองเหล่า|1,0.18777292576419213,0.1572052401746725,0.0,0.12663755458515283,0.05240174672489083,0.07423580786026202,0.4017467248908297,0.0,0.7112526539278131,0.04477611940298507,0.008955223880597015,1,อุบลราชธานี,2,อำเภอเขื่องใน,ตำบลหนองเหล่า,1,party_list,0.44989852335613356,-0.20488481387881366
อุบลราชธานี|2|อำเภอเขื่องใน|ตำบลหนองเหล่า|2,0.09868421052631579,0.22697368421052633,0.003289473684210526,0.16447368421052633,0.039473684210526314,0.13157894736842105,0.05921052631578947,0.27631578947368424,0.7018121911037891,0.051643192488262914,0.028169014084507043,1,อุบลราชธานี,2,อำเภอเขื่องใน,ตำบลหนองเหล่า,2,party_list,0.28072821676260284,0.23867719864607975
อุบลราชธานี|2|อำเภอเขื่องใน|ตำบลหนองเหล่า|3,0.08144796380090498,0.25339366515837103,0.0,0.0,0.10407239819004525,0.04072398190045249,0.05429864253393665,0.4660633484162896,0.6789473684210526,0.06201550387596899,0.0,1,อุบลราชธานี,2,อำเภอเขื่องใน,ตำบลหนองเหล่า,3,party_list,-1.2427134857172724,0.3191840586940468
อุบลราชธานี|2|อำเภอเขื่องใน|ตำบลหนองเหล่า|4,0.175,0.25,0.0,0.085,0.045,0.15,0.03,0.265,0.661504424778761,0.03678929765886288,0.026755852842809364,1,อุบลราชธานี,2,อำเภอเขื่องใน,ตำบลหนองเหล่า,4,party_list,0.01755392863746757,0.11702956290200871
อุบลราชธานี|2|อำเภอเขื่องใน|ตำบลหัวดอน|1,0.12574850299401197,0.2275449101796407,0.0,0.10179640718562874,0.0,0.0,0.03592814371257485,0.5089820359281437,0.0,0.0,0.0,1,อุบลราชธานี,2,อำเภอเขื่องใน,ตำบลหัวดอน,1,party_list,-0.846478935475911,-1.697291766817242
อุบลราชธานี|2|อำเภอเขื่องใน|ตำบลหัวดอน|10,0.18357487922705315,0.4106280193236715,0.0,0.13043478260869565,0.043478260869565216,0.004830917874396135,0.11594202898550725,0.1111111111111111,0.65625,0.040100250626566414,0.03258145363408521,3,อุบลราชธานี,2,อำเภอเขื่องใน,ตำบลหัวดอน,10,party_list,1.3496997308142635,-0.47277168499806665
อุบลราชธานี|2|อำเภอเขื่องใน|ตำบลหัวดอน|11,0.1728395061728395,0.2222222222222222,0.00823045267489712,0.09465020576131687,0.053497942386831275,0.07818930041152264,0.09465020576131687,0.2757201646090535,0.7322175732217573,0.037142857142857144,0.022857142857142857,1,อุบลราชธานี,2,อำเภอเขื่องใน,ตำบลหัวดอน,11,party_list,0.0016826034233036083,0.05268133978406255
อุบลราชธานี|2|อำเภอเขื่องใน|ตำบลหัวดอน|2,0.2761904761904762,0.2571428571428571,0.0,0.10476190476190476,0.0761904761904762,0.20952380952380953,0.0761904761904762,0.0,0.6706948640483383,0.05405405405405406,0.036036036036036036,3,อุบลราชธานี,2,อำเภอเขื่องใน,ตำบลหัวดอน,2,party_list,0.7415030470628479,-0.05214298864850575
อุบลราชธานี|2|อำเภอเขื่องใน|ตำบลหัวดอน|3,0.136,0.208,0.0,0.072,0.04,0.112,0.04,0.392,0.5613682092555332,0.043010752688172046,0.014336917562724014,1,อุบลราชธานี,2,อำเภอเขื่องใน,ตำบลหัวดอน,3,party_list,-0.594970679378412,-0.021028973620721682
อุบลราชธานี|2|อำเภอเขื่องใน|ตำบลหัวดอน|4,0.13297872340425532,0.2526595744680851,0.0026595744680851063,0.10904255319148937,0.015957446808510637,0.23404255319148937,0.0851063829787234,0.1675531914893617,0.6987577639751553,0.06,0.02666666666666667,3,อุบลราชธานี,2,อำเภอเขื่องใน,ตำบลหัวดอน,4,party_list,0.35193347698901306,0.4990088414158649
อุบลราชธานี|2|อำเภอเขื่องใน|ตำบลหัวดอน|6,0.22009569377990432,0.22966507177033493,0.0,0.10047846889952153,0.04784688995215311,0.3062200956937799,0.09090909090909091,0.004784688995215311,0.6117424242424242,0.06811145510835913,0.01238390092879257,3,อุบลราชธานี,2,อำเภอเขื่องใน,ตำบลหัวดอน,6,party_list,0.25149602332496823,0.06868309161156323
อุบลราชธานี|2|อำเภอเขื่องใน|ตำบลหัวดอน|9,0.18067226890756302,0.25630252100840334,0.0,0.18487394957983194,0.08823529411764706,0.1638655462184874,0.0546218487394958,0.07142857142857142,0.0,0.0,0.0,3,อุบลราชธานี,2,อำเภอเขื่องใน,ตำบลหัวดอน,9,party_list,-0.025247710690765326,-2.016152278819993
อุบลราชธานี|2|อำเภอเขื่องใน|ตำบลแดงหม้อ|4,0.0457516339869281,0.17647058823529413,0.0,0.06535947712418301,0.06535947712418301,0.0784313725490196,0.032679738562091505,0.5359477124183006,0.6285714285714286,0.022727272727272728,0.017045454545454544,1,อุบลราชธานี,2,อำเภอเขื่องใน,ตำบลแดงหม้อ,4,party_list,-1.1631978565416528,0.3486631017180467
อุบลราชธานี|2|อำเภอเขื่องใน|ตำบลแดงหม้อ|5,0.0,0.0,0.0,0.0,0.17391304347826086,0.8260869565217391,0.0,0.0,0.6009852216748769,0.0,0.0,1,อุบลราชธานี,2,อำเภอเขื่องใน,ตำบลแดงหม้อ,5,party_list,-2.7071039889466424,1.8441871289951153
อุบลราชธานี|2|อำเภอเขื่องใน|ตำบลโนนรัง|3,0.16034985422740525,0.11370262390670553,0.0,0.09912536443148688,0.01749271137026239,0.60932944606414,0.0,0.0,0.5844402277039848,0.03571428571428571,0.022727272727272728,1,อุบลราชธานี,2,อำเภอเขื่องใน,ตำบลโนนรัง,3,party_list,-0.4316681913759888,0.9323957525225942
อุบลราชธานี|2|เขต 2 อ.เมืองฯ|ตำบลหนองขอน|1,0.13692946058091288,0.2697095435684647,0.11203319502074689,0.1078838174273859,0.012448132780082987,0.2033195020746888,0.024896265560165973,0.13278008298755187,0.6260504201680672,0.04697986577181208,0.02348993288590604,3,อุบลราชธานี,2,เขต 2 อ.เมืองฯ,ตำบลหนองขอน,1,party_list,0.30486356511129037,-0.16540239828976916
อุบลราชธานี|2|เขต 2 อ.เมืองฯ|ตำบลหนองขอน|2,0.1873015873015873,0.27936507936507937,0.0,0.08253968253968254,0.031746031746031744,0.21904761904761905,0.031746031746031744,0.16825396825396827,0.7897350993377483,0.06918238993710692,0.06918238993710692,3,อุบลราชธานี,2,เขต 2 อ.เมืองฯ,ตำบลหนองขอน,2,party_list,0.9155821292159516,1.0246399418155747
อุบลราชธานี|2|เขต 2 อ.เมืองฯ|ตำบลหนองขอน|3,0.04897959183673469,0.20816326530612245,0.0,0.15918367346938775,0.10204081632653061,0.1510204081632653,0.08571428571428572,0.24489795918367346,0.6564705882352941,0.06810035842293907,0.05734767025089606,1,อุบลราชธานี,2,เขต 2 อ.เมืองฯ,ตำบลหนองขอน,3,party_list,0.28802439675646463,0.7266310282776326
อุบลราชธานี|2|เขต 2 อ.เมืองฯ|ตำบลหนองขอน|6,0.14388489208633093,0.5179856115107914,0.0,0.2805755395683453,0.04316546762589928,0.014388489208633094,0.0,0.0,0.740506329113924,0.045584045584045586,0.03418803418803419,3,อุบลราชธานี,2,เขต 2 อ.เมืองฯ,ตำบลหนองขอน,6,party_list,2.5367063685242477,-0.768364958806122
อุบลราชธานี|2|เขต 2 อ.เมืองฯ|ตำบลหนองขอน|7,0.0,0.0,0.0,0.0,0.0,0.0,1.0,0.0,0.4697754749568221,0.0625,0.10661764705882353,1,อุบลราชธานี,2,เขต 2 อ.เมืองฯ,ตำบลหนองขอน,7,party_list,0.7898902213138232,1.607230046721191
อุบลราชธานี|2|เขต 2 อ.เมืองฯ|ตำบลหนองขอน|8,0.0,0.7313432835820896,0.0,0.26865671641791045,0.0,0.0,0.0,0.0,0.0,0.0,0.0,3,อุบลราชธานี,2,เขต 2 อ.เมืองฯ,ตำบลหนองขอน,8,party_list,2.341667992229572,-2.4856956715272545
อุบลราชธานี|2|เขตไร่น้อย|เขตไร่น้อย|1,0.01038961038961039,0.4155844155844156,0.0025974025974025974,0.15324675324675324,0.005194805194805195,0.23376623376623376,0.05194805194805195,0.12727272727272726,0.7297297297297297,0.03898635477582846,0.04873294346978557,3,อุบลราชธานี,2,เขตไร่น้อย,เขตไร่น้อย,1,party_list,1.278026245069017,0.7915738816983555
อุบลราชธานี|2|เขตไร่น้อย|เขตไร่น้อย|12,0.0,0.0,0.0,0.0,0.12857142857142856,0.8285714285714286,0.04285714285714286,0.0,0.7281746031746031,0.04632152588555858,0.04087193460490463,1,อุบลราชธานี,2,เขตไร่น้อย,เขตไร่น้อย,12,party_list,-1.8644039348836003,2.768139288082245
อุบลราชธานี|2|เขตไร่น้อย|เขตไร่น้อย|16,0.02346041055718475,0.24633431085043989,0.0,0.08504398826979472,0.09970674486803519,0.187683284457478,0.05278592375366569,0.30498533724340177,0.7966417910447762,0.05620608899297424,0.02576112412177986,1,อุบลราชธานี,2,เขตไร่น้อย,เขตไร่น้อย,16,party_list,-0.4591943678445013,0.9800476574080097
อุบลราชธานี|2|เขตไร่น้อย|เขตไร่น้อย|17,0.012779552715654952,0.19169329073482427,0.0,0.0670926517571885,0.10543130990415335,0.31629392971246006,0.07667731629392971,0.23003194888178913,0.7537037037037037,0.056511056511056514,0.03194103194103194,1,อุบลราชธานี,2,เขตไร่น้อย,เขตไร่น้อย,17,party_list,-0.7041287473627389,1.3526646170573566
อุบลราชธานี|2|เขตไร่น้อย|เขตไร่น้อย|19,0.07627118644067797,0.2542372881355932,0.0,0.0847457627118644,0.06779661016949153,0.13559322033898305,0.0,0.3813559322033898,0.7333333333333333,0.05844155844155844,0.03896103896103896,1,อุบลราชธานี,2,เขตไร่น้อย,เขตไร่น้อย,19,party_list,-0.19658201687341748,0.7653543761190887
อุบลราชธานี|2|เขตไร่น้อย|เขตไร่น้อย|2,0.006880733944954129,0.49311926605504586,0.0,0.13302752293577982,0.0,0.13073394495412843,0.1743119266055046,0.06192660550458716,0.6570605187319885,0.013157894736842105,0.05921052631578947,3,อุบลราชธานี,2,เขตไร่น้อย,เขตไร่น้อย,2,party_list,1.8185120430504023,0.46672506434831007
อุบลราชธานี|2|เขตไร่น้อย|เขตไร่น้อย|20,0.12041884816753927,0.2670157068062827,0.005235602094240838,0.14136125654450263,0.08376963350785341,0.38219895287958117,0.0,0.0,0.7046843177189409,0.06358381502890173,0.03468208092485549,3,อุบลราชธานี,2,เขตไร่น้อย,เขตไร่น้อย,20,party_list,0.45714800538877587,0.7178456399222813
อุบลราชธานี|2|เขตไร่น้อย|เขตไร่น้อย|21,0.0794979079497908,0.3305439330543933,0.0,0.14225941422594143,0.05439330543933055,0.17154811715481172,0.06276150627615062,0.1589958158995816,0.6962809917355371,0.05341246290801187,0.02967359050445104,3,อุบลราชธานี,2,เขตไร่น้อย,เขตไร่น้อย,21,party_list,0.6360454445426575,0.3313341652469023
อุบลราชธานี|2|เขตไร่น้อย|เขตไร่น้อย|22,0.09523809523809523,0.40476190476190477,0.0,0.11904761904761904,0.02857142857142857,0.21904761904761905,0.03333333333333333,0.1,0.6645833333333333,0.07210031347962383,0.07210031347962383,3,อุบลราชธานี,2,เขตไร่น้อย,เขตไร่น้อย,22,party_list,1.491274371084946,0.8551822789263879
อุบลราชธานี|2|เขตไร่น้อย|เขตไร่น้อย|24,0.018018018018018018,0.04954954954954955,0.0045045045045045045,0.22072072072072071,0.009009009009009009,0.33783783783783783,0.24324324324324326,0.11711711711711711,0.7148936170212766,0.02976190476190476,0.03571428571428571,1,อุบลราชธานี,2,เขตไร่น้อย,เขตไร่น้อย,24,party_list,0.14758239173118282,0.9328533652209934
อุบลราชธานี|2|เขตไร่น้อย|เขตไร่น้อย|26,0.0,0.5648854961832062,0.0,0.026717557251908396,0.007633587786259542,0.2595419847328244,0.05725190839694656,0.08396946564885496,0.0,0.0,0.0,3,อุบลราชธานี,2,เขตไร่น้อย,เขตไร่น้อย,26,party_list,0.23540269015993842,-0.9769058545486661
อุบลราชธานี|2|เขตไร่น้อย|เขตไร่น้อย|29,0.008955223880597015,0.4746268656716418,0.0,0.2208955223880597,0.014925373134328358,0.14925373134328357,0.03582089552238806,0.0955223880597015,0.7063063063063063,0.01020408163265306,0.05612244897959184,3,อุบลราชธานี,2,เขตไร่น้อย,เขตไร่น้อย,29,party_list,1.9239596423024439,0.2561839134193707
อุบลราชธานี|2|เขตไร่น้อย|เขตไร่น้อย|3,0.007772020725388601,0.5466321243523317,0.0051813471502590676,0.17875647668393782,0.0025906735751295338,0.17357512953367876,0.023316062176165803,0.06217616580310881,0.7043478260869566,0.01646090534979424,0.053497942386831275,3,อุบลราชธานี,2,เขตไร่น้อย,เขตไร่น้อย,3,party_list,2.0252122091739704,0.3501543917107547
อุบลราชธานี|2|เขตไร่น้อย|เขตไร่น้อย|30,0.006622516556291391,0.6556291390728477,0.0,0.15894039735099338,0.0033112582781456954,0.1423841059602649,0.029801324503311258,0.0033112582781456954,0.7171532846715328,0.007633587786259542,0.061068702290076333,3,อุบลราชธานี,2,เขตไร่น้อย,เขตไร่น้อย,30,party_list,2.5367258438129237,0.32063630425452355
อุบลราชธานี|2|เขตไร่น้อย|เขตไร่น้อย|31,0.04318936877076412,0.32558139534883723,0.0,0.09302325581395349,0.07641196013289037,0.14950166112956811,0.03986710963455149,0.2724252491694352,0.7404580152671756,0.041237113402061855,0.028350515463917526,1,อุบลราชธานี,2,เขตไร่น้อย,เขตไร่น้อย,31,party_list,0.0458824548919692,0.6013193781616436
อุบลราชธานี|2|เขตไร่น้อย|เขตไร่น้อย|32,0.02247191011235955,0.34831460674157305,0.003745318352059925,0.10112359550561797,0.0299625468164794,0.23595505617977527,0.0599250936329588,0.19850187265917604,0.7240663900414938,0.03151862464183381,0.045845272206303724,3,อุบลราชธานี,2,เขตไร่น้อย,เขตไร่น้อย,32,party_list,0.5527250742944675,0.9211661583164682
อุบลราชธานี|2|เขตไร่น้อย|เขตไร่น้อย|33,0.017543859649122806,0.4298245614035088,0.0,0.14035087719298245,0.043859649122807015,0.2149122807017544,0.017543859649122806,0.13596491228070176,0.6964656964656964,0.020895522388059702,0.07164179104477612,3,อุบลราชธานี,2,เขตไร่น้อย,เขตไร่น้อย,33,party_list,1.3530742373479465,0.8493985281043935
อุบลราชธานี|2|เขตไร่น้อย|เขตไร่น้อย|34,0.0398406374501992,0.3745019920318725,0.0,0.11155378486055777,0.0199203187250996,0.2749003984063745,0.04780876494023904,0.13147410358565736,0.6555555555555556,0.031073446327683617,0.07909604519774012,3,อุบลราชธานี,2,เขตไร่น้อย,เขตไร่น้อย,34,party_list,1.2097728329714605,1.1127509647498484
อุบลราชธานี|2|เขตไร่น้อย|เขตไร่น้อย|36,0.3005952380952381,0.2619047619047619,0.0,0.05357142857142857,0.0,0.08333333333333333,0.01488095238095238,0.2857142857142857,0.7323420074349443,0.025380710659898477,0.08883248730964467,3,อุบลราชธานี,2,เขตไร่น้อย,เขตไร่น้อย,36,party_list,1.0959485916399065,0.48478783977745543
อุบลราชธานี|2|เขตไร่น้อย|เขตไร่น้อย|37,0.009104704097116844,0.2701062215477997,0.5477996965098634,0.06828528072837632,0.0,0.0,0.09104704097116843,0.013657056145675266,0.0,0.0,0.0,2,อุบลราชธานี,2,เขตไร่น้อย,เขตไร่น้อย,37,party_list,-0.5608314497339035,-3.0467766950402004
อุบลราชธานี|2|เขตไร่น้อย|เขตไร่น้อย|38,0.0049261083743842365,0.19047619047619047,0.7257799671592775,0.07881773399014778,0.0,0.0,0.0,0.0,0.7207602339181286,0.0486815415821501,0.060851926977687626,2,อุบลราชธานี,2,เขตไร่น้อย,เขตไร่น้อย,38,party_list,0.207807598714626,-1.2794595169598935
อุบลราชธานี|2|เขตไร่น้อย|เขตไร่น้อย|39,0.007518796992481203,0.5137844611528822,0.0,0.15037593984962405,0.017543859649122806,0.14035087719298245,0.03759398496240601,0.13283208020050125,0.7292576419213974,0.023952095808383235,0.05788423153692615,3,อุบลราชธานี,2,เขตไร่น้อย,เขตไร่น้อย,39,party_list,1.7238172973189994,0.5606883960608453
อุบลราชธานี|2|เขตไร่น้อย|เขตไร่น้อย|4,0.04780876494023904,0.3944223107569721,0.00398406374501992,0.2350597609561753,0.00796812749003984,0.3107569721115538,0.0,0.0,0.1425925925925926,0.14285714285714285,0.2597402597402597,3,อุบลราชธานี,2,เขตไร่น้อย,เขตไร่น้อย,4,party_list,4.252801633601732,2.1067050179708033
อุบลราชธานี|2|เขตไร่น้อย|เขตไร่น้อย|40,0.015723270440251572,0.4716981132075472,0.0,0.03773584905660377,0.0031446540880503146,0.24842767295597484,0.04716981132075472,0.1761006289308176,0.6559139784946236,0.8969555035128806,0.0234192037470726,1,อุบลราชธานี,2,เขตไร่น้อย,เขตไร่น้อย,40,party_list,1.917013559905505,4.106169299456342
อุบลราชธานี|2|เขตไร่น้อย|เขตไร่น้อย|41,0.00554016620498615,0.48753462603878117,0.0,0.2188365650969529,0.00554016620498615,0.15512465373961218,0.04986149584487535,0.07756232686980609,0.6944444444444444,0.02,0.06222222222222222,3,อุบลราชธานี,2,เขตไร่น้อย,เขตไร่น้อย,41,party_list,2.1104582466058543,0.3593666794862309
อุบลราชธานี|2|เขตไร่น้อย|เขตไร่น้อย|42,0.025,0.415625,0.0,0.190625,0.00625,0.30625,0.04375,0.0125,0.6471428571428571,0.024282560706401765,0.02207505518763797,3,อุบลราชธานี,2,เขตไร่น้อย,เขตไร่น้อย,42,party_list,1.1963570930255785,0.23460153360229732
อุบลราชธานี|2|เขตไร่น้อย|เขตไร่น้อย|44,0.06293706293706294,0.0,0.0,0.0,0.04195804195804196,0.34265734265734266,0.13286713286713286,0.4195804195804196,0.7240704500978473,0.07837837837837838,0.043243243243243246,1,อุบลราชธานี,2,เขตไร่น้อย,เขตไร่น้อย,44,party_list,-1.5141268726900832,1.9150489723233262
อุบลราชธานี|2|เขตไร่น้อย|เขตไร่น้อย|45,0.006666666666666667,0.5533333333333333,0.0033333333333333335,0.16333333333333333,0.0033333333333333335,0.13666666666666666,0.03,0.10333333333333333,0.684931506849315,0.02,0.037142857142857144,3,อุบลราชธานี,2,เขตไร่น้อย,เขตไร่น้อย,45,party_list,1.739243754544546,0.13628625294705657
อุบลราชธานี|2|เขตไร่น้อย|เขตไร่น้อย|5,0.011363636363636364,0.6136363636363636,0.005681818181818182,0.125,0.005681818181818182,0.16477272727272727,0.056818181818181816,0.017045454545454544,0.3451568894952251,0.015810276679841896,0.07905138339920949,3,อุบลราชธานี,2,เขตไร่น้อย,เขตไร่น้อย,5,party_list,2.2604133496393937,-0.005748084639571553
อุบลราชธานี|2|เขตไร่น้อย|เขตไร่น้อย|7,0.0456140350877193,0.3894736842105263,0.0035087719298245615,0.16140350877192983,0.010526315789473684,0.23157894736842105,0.028070175438596492,0.12982456140350876,0.6907630522088354,0.02616279069767442,0.02616279069767442,3,อุบลราชธานี,2,เขตไร่น้อย,เขตไร่น้อย,7,party_list,0.9226813306454704,0.2914027671282616
อุบลราชธานี|2|เขตไร่น้อย|เขตไร่น้อย|8,0.0048543689320388345,0.6893203883495146,0.0,0.0,0.014563106796116505,0.2912621359223301,0.0,0.0,0.699009900990099,0.019830028328611898,0.0339943342776204,3,อุบลราชธานี,2,เขตไร่น้อย,เขตไร่น้อย,8,party_list,1.383969339368697,0.8168439009178527
