province,constituency,amphoe,tambon,polling_stations,eligible_voters,turnout,valid_ballots,spoiled_ballots,abstain_ballots,turnout_rate,spoiled_rate,abstain_rate,election_type
อุบลราชธานี,2,ตำบลขี้เหล็ก,ตำบลขี้เหล็ก,9,4875.0,3305.0,3575.0,124.0,148.0,0.6779487179487179,0.03751891074130106,0.044780635400907716,constituency
อุบลราชธานี,2,ตำบลปะอาว,ตำบลปะอาว,8,3857.0,2473.0,2291.0,89.0,93.0,0.6411718952553799,0.035988677719369186,0.03760614638091387,constituency
อุบลราชธานี,2,ตำบลหัวเรือ,ตำบลหัวเรือ,12,6305.0,2071.0,4568.0,104.0,101.0,0.32846946867565424,0.05021728633510381,0.04876871076774505,constituency
อุบลราชธานี,2,ตำบลเขื่องใน,เขตตำบลเขื่องใน,5,2692.0,1729.0,1777.0,46.0,12.0,0.6422734026745914,0.026604973973395025,0.006940427993059572,constituency
อุบลราชธานี,2,ตำบลเขื่องใน,เขตเทศบาล และนอกเขต,1,581.0,479.0,479.0,10.0,3.0,0.8244406196213425,0.020876826722338204,0.006263048016701462,constituency
อุบลราชธานี,2,อำเภอเขื่องใน,ตำบลกลางใหญ่,8,2846.0,1261.0,1502.0,42.0,26.0,0.4430780042164441,0.03330689928628073,0.020618556701030927,constituency
อุบลราชธานี,2,อำเภอเขื่องใน,ตำบลก่อเอ้,4,1743.0,1239.0,1167.0,27.0,45.0,0.7108433734939759,0.021791767554479417,0.03631961259079903,constituency
อุบลราชธานี,2,อำเภอเขื่องใน,ตำบลค้อทอง,8,4437.0,2394.0,2289.0,62.0,37.0,0.539553752535497,0.025898078529657476,0.015455304928989139,constituency
อุบลราชธานี,2,อำเภอเขื่องใน,ตำบลชีทวน,10,4796.0,2754.0,3029.0,63.0,233.0,0.5742285237698082,0.02287581699346405,0.08460421205519245,constituency
อุบลราชธานี,2,อำเภอเขื่องใน,ตำบลท่าไห,9,5045.0,2061.0,2159.0,77.0,18.0,0.4085232903865213,0.037360504609412905,0.008733624454148471,constituency
อุบลราชธานี,2,อำเภอเขื่องใน,ตำบลธาตุน้อย,8,3977.0,2552.0,2355.0,78.0,28.0,0.6416897158662308,0.030564263322884012,0.0109717868338558,constituency
อุบลราชธานี,2,อำเภอเขื่องใน,ตำบลนาคำใหญ่,5,1675.0,1058.0,934.0,30.0,18.0,0.6316417910447761,0.02835538752362949,0.017013232514177693,constituency
อุบลราชธานี,2,อำเภอเขื่องใน,ตำบลบ้านกอก,6,3151.0,2303.0,2195.0,49.0,51.0,0.7308790860044431,0.02127659574468085,0.02214502822405558,constituency
อุบลราชธานี,2,อำเภอเขื่องใน,ตำบลบ้านไทย,10,4574.0,2258.0,2636.0,56.0,50.0,0.49365981635330125,0.024800708591674048,0.022143489813994686,constituency
อุบลราชธานี,2,อำเภอเขื่องใน,ตำบลยางขี้นก,5,1530.0,1076.0,1048.0,21.0,56.0,0.7032679738562092,0.019516728624535316,0.05204460966542751,constituency
อุบลราชธานี,2,อำเภอเขื่องใน,ตำบลศรีสุข,6,3241.0,1688.0,1942.0,61.0,15.0,0.5208269052761494,0.03613744075829384,0.008886255924170616,constituency
อุบลราชธานี,2,อำเภอเขื่องใน,ตำบลสร้างถ่อ,14,6055.0,3382.0,3969.0,86.0,54.0,0.5585466556564822,0.0254287403903016,0.01596688350088705,constituency
อุบลราชธานี,2,อำเภอเขื่องใน,ตำบลสหธาตุ,4,1292.0,863.0,819.0,31.0,14.0,0.6679566563467493,0.03592120509849363,0.016222479721900347,constituency
อุบลราชธานี,2,อำเภอเขื่องใน,ตำบลหนองเหล่า,6,2759.0,1099.0,1613.0,34.0,26.0,0.3983327292497282,0.030937215650591446,0.023657870791628753,constituency
อุบลราชธานี,2,อำเภอเขื่องใน,ตำบลหัวดอน,7,3443.0,1515.0,2003.0,57.0,65.0,0.4400232355503921,0.03762376237623762,0.0429042904290429,constituency
อุบลราชธานี,2,อำเภอเขื่องใน,ตำบลแดงหม้อ,4,1440.0,284.0,824.0,24.0,19.0,0.19722222222222222,0.08450704225352113,0.06690140845070422,constituency
อุบลราชธานี,2,อำเภอเขื่องใน,ตำบลโนนรัง,5,2281.0,1428.0,1382.0,18.0,28.0,0.626041209995616,0.012605042016806723,0.0196078431372549,constituency
อุบลราชธานี,2,เขต 2 อ.เมืองฯ,ตำบลหนองขอน,12,5491.0,3978.0,3843.0,148.0,259.0,0.7244582043343654,0.03720462543991956,0.06510809451985923,constituency
อุบลราชธานี,2,เขตไร่น้อย,เขตไร่น้อย,38,20475.0,13365.0,12419.0,547.0,1387.0,0.6527472527472528,0.04092779648335204,0.10377852600074822,constituency
อุบลราชธานี,2,ตำบลขี้เหล็ก,ตำบลขี้เหล็ก,4,1789.0,1437.0,1317.0,75.0,45.0,0.8032420346562326,0.05219206680584551,0.031315240083507306,party_list
อุบลราชธานี,2,ตำบลปะอาว,ตำบลปะอาว,5,2254.0,1528.0,1402.0,65.0,64.0,0.6779059449866903,0.04253926701570681,0.041884816753926704,party_list
อุบลราชธานี,2,ตำบลหัวเรือ,ตำบลหัวเรือ,11,6686.0,3413.0,4217.0,194.0,100.0,0.510469638049656,0.05684148842660416,0.02929973630237328,party_list
อุบลราชธานี,2,ตำบลเขื่องใน,เขตตำบลเขื่องใน,5,2899.0,1808.0,1663.0,120.0,25.0,0.6236633321835116,0.06637168141592921,0.013827433628318585,party_list
อุบลราชธานี,2,ตำบลเขื่องใน,เขตเทศบาล และนอกเขต,1,581.0,419.0,391.0,19.0,9.0,0.7211703958691911,0.045346062052505964,0.021479713603818614,party_list
อุบลราชธานี,2,อำเภอเขื่องใน,ตำบลกลางใหญ่,8,3012.0,1472.0,1521.0,59.0,17.0,0.48871181938911024,0.04008152173913043,0.01154891304347826,party_list
อุบลราชธานี,2,อำเภอเขื่องใน,ตำบลก่อเอ้,5,2948.0,1758.0,1913.0,90.0,57.0,0.596336499321574,0.051194539249146756,0.032423208191126277,party_list
อุบลราชธานี,2,อำเภอเขื่องใน,ตำบลค้อทอง,5,2603.0,1260.0,1194.0,110.0,72.0,0.4840568574721475,0.0873015873015873,0.05714285714285714,party_list
อุบลราชธานี,2,อำเภอเขื่องใน,ตำบลชีทวน,4,1685.0,648.0,797.0,70.0,16.0,0.3845697329376855,0.10802469135802469,0.024691358024691357,party_list
อุบลราชธานี,2,อำเภอเขื่องใน,ตำบลท่าไห,8,4124.0,1029.0,1717.0,130.0,20.0,0.24951503394762367,0.12633624878522837,0.019436345966958212,party_list
อุบลราชธานี,2,อำเภอเขื่องใน,ตำบลธาตุน้อย,3,1984.0,1196.0,1099.0,82.0,25.0,0.6028225806451613,0.06856187290969899,0.020903010033444816,party_list
อุบลราชธานี,2,อำเภอเขื่องใน,ตำบลนาคำใหญ่,4,1459.0,782.0,798.0,71.0,19.0,0.5359835503769705,0.0907928388746803,0.024296675191815855,party_list
อุบลราชธานี,2,อำเภอเขื่องใน,ตำบลบ้านกอก,5,2510.0,1113.0,2058.0,67.0,38.0,0.4434262948207171,0.06019766397124888,0.034141958670260555,party_list
อุบลราชธานี,2,อำเภอเขื่องใน,ตำบลบ้านไทย,3,1380.0,856.0,807.0,46.0,33.0,0.6202898550724638,0.053738317757009345,0.038551401869158876,party_list
อุบลราชธานี,2,อำเภอเขื่องใน,ตำบลยางขี้นก,7,2914.0,1767.0,1839.0,114.0,70.0,0.6063829787234043,0.06451612903225806,0.039615166949632144,party_list
อุบลราชธานี,2,อำเภอเขื่องใน,ตำบลศรีสุข,4,2256.0,1375.0,1256.0,65.0,14.0,0.6094858156028369,0.04727272727272727,0.010181818181818183,party_list
อุบลราชธานี,2,อำเภอเขื่องใน,ตำบลสร้างถ่อ,5,2000.0,1364.0,1232.0,59.0,53.0,0.682,0.04325513196480939,0.038856304985337244,party_list
อุบลราชธานี,2,อำเภอเขื่องใน,ตำบลสหธาตุ,3,882.0,546.0,546.0,40.0,10.0,0.6190476190476191,0.07326007326007326,0.018315018315018316,party_list
อุบลราชธานี,2,อำเภอเขื่องใน,ตำบลหนองเหล่า,4,2100.0,1447.0,1349.0,72.0,23.0,0.689047619047619,0.0497581202487906,0.015894955079474776,party_list
อุบลราชธานี,2,อำเภอเขื่องใน,ตำบลหัวดอน,8,4066.0,2023.0,2363.0,124.0,61.0,0.4975405804230202,0.06129510627780524,0.030153237765694514,party_list
อุบลราชธานี,2,อำเภอเขื่องใน,ตำบลแดงหม้อ,2,686.0,420.0,405.0,4.0,3.0,0.6122448979591837,0.009523809523809525,0.007142857142857143,party_list
อุบลราชธานี,2,อำเภอเขื่องใน,ตำบลโนนรัง,1,527.0,308.0,290.0,11.0,7.0,0.5844402277039848,0.03571428571428571,0.022727272727272728,party_list
อุบลราชธานี,2,เขต 2 อ.เมืองฯ,ตำบลหนองขอน,6,2558.0,1677.0,1576.0,99.0,97.0,0.6555903049257232,0.059033989266547404,0.057841383422778773,party_list
อุบลราชธานี,2,เขตไร่น้อย,เขตไร่น้อย,31,16692.0,10824.0,10612.0,756.0,557.0,0.6484543493889289,0.06984478935698447,0.05145971914264597,party_list
