province,province_number,district,subdistrict,station_number,บช_ก้าวไกล,บช_ชาติพัฒนากล้า,บช_ชาติไทยพัฒนา,บช_บัตรเสีย,บช_ประชาชาติ,บช_ประชาธิปัตย์,บช_ผู้มาใช้สิทธิ์,บช_ผู้มีสิทธิ์,บช_พลังประชารัฐ,บช_ภูมิใจไทย,บช_รวมไทยสร้างชาติ,บช_เพื่อไทย,บช_เสรีรวมไทย,บช_ไทยสร้างไทย,บช_ไม่เลือกผู้ใด
อุบลราชธานี,2,เขื่องใน,กลางใหญ่,1.0,79,0,0,24,1,62,295,544,2,0,30,70,3,1,1
อุบลราชธานี,2,เขื่องใน,กลางใหญ่,10.0,68,0,0,11,0,28,203,363,0,1,16,51,2,2,3
อุบลราชธานี,2,เขื่องใน,กลางใหญ่,11.0,44,0,0,1,0,45,184,297,1,0,2,73,0,0,2
อุบลราชธานี,2,เขื่องใน,กลางใหญ่,2.0,33,0,0,6,0,30,300,285,2,0,11,60,1,0,0
อุบลราชธานี,2,เขื่องใน,กลางใหญ่,3.0,39,0,0,7,3,68,232,422,0,2,12,82,2,0,1
อุบลราชธานี,2,เขื่องใน,กลางใหญ่,4.0,73,0,0,7,1,40,295,460,1,1,33,101,0,0,7
อุบลราชธานี,2,เขื่องใน,กลางใหญ่,5.0,54,0,1,8,0,34,229,376,2,0,39,67,2,1,4
อุบลราชธานี,2,เขื่องใน,กลางใหญ่,6.0,51,0,0,6,0,31,202,306,0,2,5,88,0,0,3
อุบลราชธานี,2,เขื่องใน,กลางใหญ่,7.0,59,0,0,10,0,19,192,297,2,1,18,66,1,0,0
อุบลราชธานี,2,เขื่องใน,กลางใหญ่,8.0,100,0,0,35,0,21,322,523,2,4,25,96,0,0,2
อุบลราชธานี,2,เขื่องใน,กลางใหญ่,9.0,51,0,0,20,0,29,244,456,2,4,20,85,2,0,2
อุบลราชธานี,2,เขื่องใน,ก่อเอ้,1.0,117,1,0,20,1,51,392,537,2,0,19,146,5,1,2
อุบลราชธานี,2,เขื่องใน,ก่อเอ้,10.0,32,2,0,15,1,54,252,313,2,6,12,62,1,2,4
อุบลราชธานี,2,เขื่องใน,ก่อเอ้,11.0,63,0,0,4,0,21,238,333,1,10,4,116,1,0,1
อุบลราชธานี,2,เขื่องใน,ก่อเอ้,12.0,81,0,0,16,0,80,427,532,5,1,33,160,1,3,6
อุบลราชธานี,2,เขื่องใน,ก่อเอ้,2.0,55,0,0,5,0,24,204,304,1,0,13,87,2,0,1
อุบลราชธานี,2,เขื่องใน,ก่อเอ้,3.0,58,0,1,17,1,35,230,395,2,1,26,64,2,1,3
อุบลราชธานี,2,เขื่องใน,ก่อเอ้,4.0,115,1,0,14,2,58,372,607,1,9,33,101,6,3,2
อุบลราชธานี,2,เขื่องใน,ก่อเอ้,5.0,71,0,0,11,1,65,304,468,2,1,44,85,1,1,4
อุบลราชธานี,2,เขื่องใน,ก่อเอ้,6.0,130,2,0,17,1,65,626,917,12,7,31,291,5,0,4
อุบลราชธานี,2,เขื่องใน,ก่อเอ้,7.0,58,2,0,15,1,65,422,578,5,8,0,171,4,2,6
อุบลราชธานี,2,เขื่องใน,ก่อเอ้,8.0,82,0,1,15,4,101,428,515,0,1,25,137,1,5,8
อุบลราชธานี,2,เขื่องใน,ก่อเอ้,9.0,129,0,0,27,2,92,491,650,6,4,70,107,2,1,2
อุบลราชธานี,2,เขื่องใน,ค้อทอง,1.0,69,0,0,13,0,15,294,411,3,3,13,152,0,1,0
อุบลราชธานี,2,เขื่องใน,ค้อทอง,10.0,72,1,1,10,1,40,425,719,0,6,8,251,2,1,1
อุบลราชธานี,2,เขื่องใน,ค้อทอง,11.0,23,0,0,3,0,29,213,324,5,2,7,120,1,3,1
อุบลราชธานี,2,เขื่องใน,ค้อทอง,2.0,82,0,0,13,2,82,392,562,2,3,18,153,0,0,2
อุบลราชธานี,2,เขื่องใน,ค้อทอง,3.0,61,0,1,17,0,119,380,587,1,2,19,118,5,1,8
อุบลราชธานี,2,เขื่องใน,ค้อทอง,4.0,68,0,0,23,3,86,359,567,3,0,17,102,4,0,6
อุบลราชธานี,2,เขื่องใน,ค้อทอง,5.0,58,0,0,4,1,88,231,308,1,0,6,59,0,0,0
อุบลราชธานี,2,เขื่องใน,ค้อทอง,6.0,70,0,0,9,0,100,317,480,2,3,19,83,1,0,0
อุบลราชธานี,2,เขื่องใน,ค้อทอง,7.0,28,1,0,9,2,0,167,293,1,0,3,87,2,1,1
อุบลราชธานี,2,เขื่องใน,ค้อทอง,8.0,38,1,0,5,1,59,226,362,0,0,6,82,2,0,0
อุบลราชธานี,2,เขื่องใน,ค้อทอง,9.0,54,0,0,11,1,64,312,484,2,3,12,131,3,2,2
อุบลราชธานี,2,เขื่องใน,ชีทวน,1.0,54,0,0,12,0,58,229,370,1,2,10,71,0,2,1
อุบลราชธานี,2,เขื่องใน,ชีทวน,10.0,64,3,0,25,2,137,368,605,3,2,11,75,0,2,2
อุบลราชธานี,2,เขื่องใน,ชีทวน,11.0,40,0,2,14,0,184,372,645,2,3,17,70,2,3,0
อุบลราชธานี,2,เขื่องใน,ชีทวน,2.0,48,0,0,19,2,66,259,452,1,2,14,73,1,0,1
อุบลราชธานี,2,เขื่องใน,ชีทวน,3.0,121,1,0,34,1,110,527,877,9,3,44,146,3,3,6
อุบลราชธานี,2,เขื่องใน,ชีทวน,4.0,91,1,0,23,1,86,410,615,0,3,27,126,2,1,1
อุบลราชธานี,2,เขื่องใน,ชีทวน,5.0,47,0,0,13,1,50,236,325,2,2,11,64,1,0,12
อุบลราชธานี,2,เขื่องใน,ชีทวน,6.0,86,0,0,10,1,1,315,519,1,0,18,81,1,0,1
อุบลราชธานี,2,เขื่องใน,ชีทวน,7.0,24,1,0,5,0,0,166,311,0,0,15,49,1,0,6
อุบลราชธานี,2,เขื่องใน,ชีทวน,8.0,44,0,1,7,0,42,214,339,1,5,12,82,2,0,3
อุบลราชธานี,2,เขื่องใน,ชีทวน,9.0,26,0,0,5,0,43,150,251,1,0,13,46,1,0,3
อุบลราชธานี,2,เขื่องใน,ท่าไห,1.0,45,0,1,11,0,66,219,537,2,0,8,55,0,0,0
อุบลราชธานี,2,เขื่องใน,ท่าไห,10.0,81,0,0,22,0,47,333,689,3,1,14,114,2,0,2
อุบลราชธานี,2,เขื่องใน,ท่าไห,11.0,61,0,0,18,0,44,292,592,1,3,15,107,2,4,1
อุบลราชธานี,2,เขื่องใน,ท่าไห,12.0,41,1,0,6,1,49,260,645,1,0,3,116,4,1,7
อุบลราชธานี,2,เขื่องใน,ท่าไห,13.0,51,1,0,10,1,24,235,460,2,0,8,94,2,0,4
อุบลราชธานี,2,เขื่องใน,ท่าไห,2.0,22,1,1,9,1,33,139,290,1,4,6,49,0,0,0
อุบลราชธานี,2,เขื่องใน,ท่าไห,3.0,46,14,0,13,1,55,250,545,4,1,18,82,1,0,0
อุบลราชธานี,2,เขื่องใน,ท่าไห,4.0,51,1,1,13,0,44,246,619,1,2,12,83,2,0,6
อุบลราชธานี,2,เขื่องใน,ท่าไห,5.0,60,0,0,19,1,42,329,571,2,1,13,153,0,2,0
อุบลราชธานี,2,เขื่องใน,ท่าไห,6.0,64,1,0,8,0,37,310,604,1,4,14,138,1,0,1
อุบลราชธานี,2,เขื่องใน,ท่าไห,7.0,44,0,0,13,0,64,233,514,3,0,4,83,1,0,1
อุบลราชธานี,2,เขื่องใน,ท่าไห,8.0,39,1,0,9,2,49,286,560,2,5,20,104,1,2,4
อุบลราชธานี,2,เขื่องใน,ท่าไห,9.0,45,0,0,8,0,44,221,412,3,1,5,84,2,0,2
อุบลราชธานี,2,เขื่องใน,ธาตุน้อย,1.0,101,1,0,12,0,62,322,539,1,0,7,106,1,0,4
อุบลราชธานี,2,เขื่องใน,ธาตุน้อย,10.0,79,0,0,30,0,25,401,699,3,5,16,182,2,3,6
อุบลราชธานี,2,เขื่องใน,ธาตุน้อย,2.0,59,0,0,21,0,57,321,520,3,0,13,105,2,0,1
อุบลราชธานี,2,เขื่องใน,ธาตุน้อย,3.0,56,0,1,40,1,38,482,754,3,1,10,238,3,1,4
อุบลราชธานี,2,เขื่องใน,ธาตุน้อย,4.0,39,0,0,7,1,36,188,303,4,1,11,66,0,0,0
อุบลราชธานี,2,เขื่องใน,ธาตุน้อย,5.0,46,1,0,6,2,63,275,402,1,3,28,91,0,1,2
อุบลราชธานี,2,เขื่องใน,ธาตุน้อย,6.0,48,0,0,12,2,29,203,322,2,0,5,72,0,0,3
อุบลราชธานี,2,เขื่องใน,ธาตุน้อย,7.0,53,0,2,15,0,26,215,369,1,5,4,91,0,0,1
อุบลราชธานี,2,เขื่องใน,ธาตุน้อย,8.0,108,0,0,29,0,35,404,647,1,7,5,171,0,1,4
อุบลราชธานี,2,เขื่องใน,ธาตุน้อย,9.0,61,2,0,12,1,91,345,533,1,0,48,93,0,1,2
อุบลราชธานี,2,เขื่องใน,นาคำใหญ่,1.0,84,0,0,26,0,52,362,611,2,1,12,144,1,0,4
อุบลราชธานี,2,เขื่องใน,นาคำใหญ่,2.0,48,0,0,14,0,27,211,354,1,3,18,77,2,2,3
อุบลราชธานี,2,เขื่องใน,นาคำใหญ่,3.0,30,0,0,4,0,5,80,118,1,2,7,24,1,0,2
อุบลราชธานี,2,เขื่องใน,นาคำใหญ่,4.0,46,0,0,7,1,16,151,215,5,1,7,59,1,0,0
อุบลราชธานี,2,เขื่องใน,นาคำใหญ่,5.0,42,0,0,6,0,33,172,273,3,1,10,51,0,0,2
อุบลราชธานี,2,เขื่องใน,นาคำใหญ่,6.0,78,0,0,8,0,39,271,447,2,4,19,82,1,0,0
อุบลราชธานี,2,เขื่องใน,นาคำใหญ่,7.0,69,0,0,12,1,59,328,491,1,1,29,121,1,0,0
อุบลราชธานี,2,เขื่องใน,นาคำใหญ่,8.0,81,0,0,10,0,30,310,497,0,2,14,139,0,2,2
อุบลราชธานี,2,เขื่องใน,บ้านกอก,1.0,153,0,0,9,1,67,534,666,3,1,22,245,2,0,0
อุบลราชธานี,2,เขื่องใน,บ้านกอก,2.0,126,0,1,13,1,58,507,652,0,9,25,224,1,0,2
อุบลราชธานี,2,เขื่องใน,บ้านกอก,3.0,54,0,0,0,0,0,174,226,1,2,7,77,25,0,0
อุบลราชธานี,2,เขื่องใน,บ้านกอก,4.0,101,0,0,19,1,53,418,664,1,8,15,178,1,2,9
อุบลราชธานี,2,เขื่องใน,บ้านกอก,5.0,123,0,1,15,0,31,370,536,0,7,20,132,4,1,7
อุบลราชธานี,2,เขื่องใน,บ้านกอก,6.0,88,0,1,10,0,19,293,464,2,4,16,129,1,4,2
อุบลราชธานี,2,เขื่องใน,บ้านไทย,1.0,45,0,0,8,0,21,158,257,0,1,4,55,1,1,2
อุบลราชธานี,2,เขื่องใน,บ้านไทย,10.0,43,0,0,9,0,36,212,295,3,2,15,82,1,2,1
อุบลราชธานี,2,เขื่องใน,บ้านไทย,11.0,37,0,1,5,2,33,213,357,4,1,8,83,2,1,2
อุบลราชธานี,2,เขื่องใน,บ้านไทย,12.0,35,1,0,11,0,19,195,347,1,0,7,97,1,0,0
อุบลราชธานี,2,เขื่องใน,บ้านไทย,2.0,69,0,0,0,1,31,228,343,1,3,12,88,1,1,7
อุบลราชธานี,2,เขื่องใน,บ้านไทย,3.0,92,0,1,8,0,114,385,547,2,2,35,98,2,3,2
อุบลราชธานี,2,เขื่องใน,บ้านไทย,4.0,90,0,0,6,2,86,377,554,1,7,22,112,4,2,4
อุบลราชธานี,2,เขื่องใน,บ้านไทย,5.0,39,0,0,12,1,31,180,276,0,0,5,67,1,2,0
อุบลราชธานี,2,เขื่องใน,บ้านไทย,6.0,35,1,0,13,1,35,214,376,2,3,4,89,1,1,0
อุบลราชธานี,2,เขื่องใน,บ้านไทย,7.0,71,0,0,8,0,37,330,539,2,5,11,146,5,2,6
อุบลราชธานี,2,เขื่องใน,บ้านไทย,8.0,97,0,1,18,0,71,359,531,4,0,27,88,0,1,3
อุบลราชธานี,2,เขื่องใน,บ้านไทย,9.0,113,0,0,25,1,67,498,765,0,4,43,156,0,2,11
อุบลราชธานี,2,เขื่องใน,ยางขี้นก,1.0,50,0,0,9,1,24,261,358,1,1,15,142,3,0,1
อุบลราชธานี,2,เขื่องใน,ยางขี้นก,10.0,0,0,0,3,0,48,205,291,2,0,22,71,1,0,2
อุบลราชธานี,2,เขื่องใน,ยางขี้นก,2.0,46,0,0,5,0,43,177,248,2,3,10,54,3,0,0
อุบลราชธานี,2,เขื่องใน,ยางขี้นก,3.0,106,0,0,11,0,59,430,624,1,2,11,189,6,0,4
อุบลราชธานี,2,เขื่องใน,ยางขี้นก,4.0,113,0,0,23,0,31,402,573,2,2,5,171,0,1,11
อุบลราชธานี,2,เขื่องใน,ยางขี้นก,5.0,67,0,0,9,0,14,252,367,2,4,6,110,0,0,5
อุบลราชธานี,2,เขื่องใน,ยางขี้นก,6.0,88,0,0,7,0,85,351,455,0,5,8,123,3,1,1
อุบลราชธานี,2,เขื่องใน,ยางขี้นก,7.0,69,0,0,11,0,66,250,342,2,5,19,34,2,0,5
อุบลราชธานี,2,เขื่องใน,ยางขี้นก,8.0,70,0,0,13,0,45,298,426,3,4,19,101,5,0,7
อุบลราชธานี,2,เขื่องใน,ยางขี้นก,9.0,46,0,0,11,2,42,178,247,3,2,9,40,2,0,1
อุบลราชธานี,2,เขื่องใน,ศรีสุข,1.0,62,0,0,14,0,44,311,504,3,4,15,119,0,2,1
อุบลราชธานี,2,เขื่องใน,ศรีสุข,2.0,66,1,0,10,0,62,326,538,3,1,20,128,0,0,3
อุบลราชธานี,2,เขื่องใน,ศรีสุข,3.0,65,1,0,13,2,65,378,577,3,5,20,154,4,2,3
อุบลราชธานี,2,เขื่องใน,ศรีสุข,4.0,77,0,0,19,0,94,418,632,2,1,19,155,2,3,5
อุบลราชธานี,2,เขื่องใน,ศรีสุข,5.0,45,0,0,7,0,51,230,350,2,3,12,87,0,0,0
อุบลราชธานี,2,เขื่องใน,ศรีสุข,6.0,78,0,0,27,1,50,383,672,1,2,14,142,1,3,3
อุบลราชธานี,2,เขื่องใน,ศรีสุข,7.0,63,0,0,12,1,52,282,500,3,0,10,93,2,1,3
อุบลราชธานี,2,เขื่องใน,ศรีสุข,8.0,105,0,0,18,0,47,417,640,3,6,25,177,1,0,2
อุบลราชธานี,2,เขื่องใน,สร้างถ่อ,1.0,75,0,0,14,1,76,296,428,2,1,22,69,1,1,3
อุบลราชธานี,2,เขื่องใน,สร้างถ่อ,10.0,28,0,0,5,0,26,179,257,3,1,6,85,0,0,0
อุบลราชธานี,2,เขื่องใน,สร้างถ่อ,11.0,60,1,0,7,1,22,277,385,4,3,17,115,0,1,4
อุบลราชธานี,2,เขื่องใน,สร้างถ่อ,12.0,76,0,0,16,1,57,375,563,3,0,22,154,3,2,0
อุบลราชธานี,2,เขื่องใน,สร้างถ่อ,13.0,70,0,0,17,0,48,381,651,3,4,44,147,3,2,3
อุบลราชธานี,2,เขื่องใน,สร้างถ่อ,14.0,74,0,0,8,0,56,352,538,1,4,22,141,2,0,0
อุบลราชธานี,2,เขื่องใน,สร้างถ่อ,15.0,79,0,1,14,0,63,301,455,2,4,23,67,3,0,1
อุบลราชธานี,2,เขื่องใน,สร้างถ่อ,16.0,78,1,0,15,1,49,262,380,3,3,28,53,1,0,4
อุบลราชธานี,2,เขื่องใน,สร้างถ่อ,17.0,78,0,0,11,0,32,308,537,5,4,10,128,4,2,1
อุบลราชธานี,2,เขื่องใน,สร้างถ่อ,2.0,108,0,1,39,2,70,449,672,10,2,43,114,2,4,4
อุบลราชธานี,2,เขื่องใน,สร้างถ่อ,3.0,91,1,1,27,0,83,420,616,5,2,23,122,3,0,0
อุบลราชธานี,2,เขื่องใน,สร้างถ่อ,4.0,47,0,0,7,0,40,242,354,5,4,22,76,3,0,7
อุบลราชธานี,2,เขื่องใน,สร้างถ่อ,5.0,57,0,0,19,0,43,261,403,0,1,16,80,4,1,0
อุบลราชธานี,2,เขื่องใน,สร้างถ่อ,6.0,64,1,0,19,0,62,347,546,2,2,12,152,2,0,0
อุบลราชธานี,2,เขื่องใน,สร้างถ่อ,7.0,46,0,0,7,2,17,84,347,0,2,7,91,2,0,1
อุบลราชธานี,2,เขื่องใน,สร้างถ่อ,8.0,42,0,0,8,0,15,158,257,2,1,3,72,0,0,2
อุบลราชธานี,2,เขื่องใน,สร้างถ่อ,9.0,68,0,0,4,0,48,244,407,2,0,20,72,1,0,0
อุบลราชธานี,2,เขื่องใน,สหธาตุ,1.0,59,0,0,3,0,16,197,315,1,1,7,87,2,2,0
อุบลราชธานี,2,เขื่องใน,สหธาตุ,2.0,46,0,0,11,0,38,234,389,0,4,3,93,5,1,2
อุบลราชธานี,2,เขื่องใน,สหธาตุ,3.0,70,0,1,9,1,17,302,4229,1,4,4,159,1,0,2
อุบลราชธานี,2,เขื่องใน,สหธาตุ,4.0,69,0,0,19,0,13,331,450,1,4,19,153,2,4,1
อุบลราชธานี,2,เขื่องใน,สหธาตุ,5.0,74,0,1,13,0,29,295,403,1,5,2,127,2,1,1
อุบลราชธานี,2,เขื่องใน,สหธาตุ,6.0,35,0,0,5,0,26,184,292,1,2,3,95,0,0,0
อุบลราชธานี,2,เขื่องใน,สหธาตุ,7.0,14,0,0,5,2,10,124,198,1,0,3,79,0,0,0
อุบลราชธานี,2,เขื่องใน,หนองเหล่า,1.0,72,0,0,77,0,114,345,479,2,5,28,45,0,2,4
อุบลราชธานี,2,เขื่องใน,หนองเหล่า,10.0,74,1,1,16,2,80,288,446,1,1,26,48,1,1,4
อุบลราชธานี,2,เขื่องใน,หนองเหล่า,11.0,111,0,1,11,2,49,323,463,4,1,16,65,0,2,3
อุบลราชธานี,2,เขื่องใน,หนองเหล่า,2.0,107,0,0,17,1,88,450,608,1,3,41,142,2,0,0
อุบลราชธานี,2,เขื่องใน,หนองเหล่า,3.0,83,0,0,17,0,55,392,553,4,2,49,133,4,1,3
อุบลราชธานี,2,เขื่องใน,หนองเหล่า,4.0,71,0,1,12,2,51,295,457,3,5,9,91,3,2,2
อุบลราชธานี,2,เขื่องใน,หนองเหล่า,5.0,57,0,1,12,1,53,243,375,0,1,27,61,2,0,5
อุบลราชธานี,2,เขื่องใน,หนองเหล่า,6.0,52,0,0,13,0,34,268,420,2,3,12,108,2,0,2
อุบลราชธานี,2,เขื่องใน,หนองเหล่า,7.0,56,1,0,10,1,29,207,278,3,3,30,33,1,0,8
อุบลราชธานี,2,เขื่องใน,หนองเหล่า,8.0,43,1,0,2,3,57,237,299,1,4,25,71,2,0,1
อุบลราชธานี,2,เขื่องใน,หนองเหล่า,9.0,51,0,1,12,1,25,296,452,0,4,21,126,1,0,2
อุบลราชธานี,2,เขื่องใน,หัวดอน,1.0,65,1,0,6,0,35,268,370,3,3,10,111,7,0,3
อุบลราชธานี,2,เขื่องใน,หัวดอน,10.0,117,0,0,26,1,51,390,577,1,1,19,127,5,2,7
อุบลราชธานี,2,เขื่องใน,หัวดอน,11.0,74,0,1,15,2,96,331,479,1,0,25,82,3,1,1
อุบลราชธานี,2,เขื่องใน,หัวดอน,2.0,52,0,0,12,1,63,226,324,0,2,13,56,2,4,5
อุบลราชธานี,2,เขื่องใน,หัวดอน,3.0,39,0,0,15,1,119,273,427,4,0,9,63,3,0,1
อุบลราชธานี,2,เขื่องใน,หัวดอน,4.0,163,0,1,16,0,68,460,653,4,4,48,108,7,1,9
อุบลราชธานี,2,เขื่องใน,หัวดอน,5.0,125,0,0,17,0,87,414,566,2,2,30,123,3,1,2
อุบลราชธานี,2,เขื่องใน,หัวดอน,6.0,79,0,0,18,0,54,322,525,0,4,12,113,4,2,2
อุบลราชธานี,2,เขื่องใน,หัวดอน,7.0,90,0,0,18,0,36,331,554,1,3,27,122,4,1,0
อุบลราชธานี,2,เขื่องใน,หัวดอน,8.0,38,0,0,2,0,10,122,176,0,0,2,56,0,0,0
อุบลราชธานี,2,เขื่องใน,หัวดอน,9.0,140,0,1,17,3,106,554,793,2,1,28,187,2,0,2
อุบลราชธานี,2,เขื่องใน,เขื่องใน,1.0,99,0,1,16,2,106,426,587,3,4,13,140,4,5,2
อุบลราชธานี,2,เขื่องใน,เขื่องใน,2.0,44,0,1,17,0,79,236,375,3,3,8,57,1,0,2
อุบลราชธานี,2,เขื่องใน,เขื่องใน,3.0,143,0,0,14,1,93,437,544,5,7,40,85,7,6,10
อุบลราชธานี,2,เขื่องใน,เขื่องใน,4.0,130,0,0,11,1,48,423,579,4,3,45,125,6,3,12
อุบลราชธานี,2,เขื่องใน,เขื่องใน,5.0,200,2,0,12,0,42,446,563,4,4,37,116,6,0,6
อุบลราชธานี,2,เขื่องใน,เขื่องใน,6.0,89,0,1,11,0,108,345,474,1,1,16,79,1,1,7
อุบลราชธานี,2,เขื่องใน,เขื่องใน,7.0,116,0,0,16,1,75,381,481,5,2,36,90,5,1,5
อุบลราชธานี,2,เขื่องใน,เขื่องใน,8.0,199,1,0,17,2,150,573,703,1,5,43,105,6,2,5
อุบลราชธานี,2,เขื่องใน,เขื่องใน,1.0,0,0,0,0,0,0,0,0,0,0,0,0,0,0,0
อุบลราชธานี,2,เขื่องใน,เขื่องใน,10.0,147,1,0,30,3,124,615,903,2,13,26,204,2,6,2
อุบลราชธานี,2,เขื่องใน,เขื่องใน,11.0,32,1,0,3,0,29,112,140,1,1,1,36,0,0,0
อุบลราชธานี,2,เขื่องใน,เขื่องใน,12.0,129,2,0,38,1,90,495,726,3,1,42,145,1,1,3
อุบลราชธานี,2,เขื่องใน,เขื่องใน,13.0,78,1,0,23,3,59,342,521,1,3,30,92,3,1,2
อุบลราชธานี,2,เขื่องใน,เขื่องใน,2.0,0,0,0,0,0,0,0,0,0,0,0,0,0,0,0
อุบลราชธานี,2,เขื่องใน,เขื่องใน,3.0,0,0,0,0,0,0,0,0,0,0,0,0,0,0,0
อุบลราชธานี,2,เขื่องใน,เขื่องใน,4.0,0,0,0,0,0,0,0,0,0,0,0,0,0,0,0
อุบลราชธานี,2,เขื่องใน,เขื่องใน,5.0,0,0,0,0,0,0,0,0,0,0,0,0,0,0,0
อุบลราชธานี,2,เขื่องใน,เขื่องใน,6.0,0,0,0,0,0,0,0,0,0,0,0,0,0,0,0
อุบลราชธานี,2,เขื่องใน,เขื่องใน,7.0,81,0,1,11,0,71,0,0,2,2,13,66,3,2,6
อุบลราชธานี,2,เขื่องใน,เขื่องใน,8.0,0,0,0,0,0,0,0,0,0,0,0,0,0,0,0
อุบลราชธานี,2,เขื่องใน,เขื่องใน,9.0,81,0,1,11,0,71,278,407,2,2,13,66,3,2,6
อุบลราชธานี,2,เขื่องใน,แดงหม้อ,1.0,90,0,0,17,0,76,390,635,4,2,29,135,1,2,3
อุบลราชธานี,2,เขื่องใน,แดงหม้อ,2.0,62,0,0,17,0,66,400,666,7,4,35,168,2,0,4
อุบลราชธานี,2,เขื่องใน,แดงหม้อ,3.0,25,0,0,9,0,22,130,218,1,2,5,52,1,0,2
อุบลราชธานี,2,เขื่องใน,แดงหม้อ,4.0,27,1,0,5,0,2,170,282,3,2,13,61,0,0,3
อุบลราชธานี,2,เขื่องใน,แดงหม้อ,5.0,74,1,0,11,0,35,265,405,4,4,9,97,1,1,2
อุบลราชธานี,2,เขื่องใน,แดงหม้อ,6.0,51,0,0,4,0,46,199,338,2,0,6,58,0,0,1
อุบลราชธานี,2,เขื่องใน,โนนรัง,1.0,77,0,0,12,0,51,338,538,1,1,18,139,5,1,0
อุบลราชธานี,2,เขื่องใน,โนนรัง,2.0,146,0,1,24,2,74,574,924,3,5,48,219,4,2,1
อุบลราชธานี,2,เขื่องใน,โนนรัง,3.0,75,0,0,10,0,69,319,513,3,4,12,113,2,0,0
อุบลราชธานี,2,เขื่องใน,โนนรัง,4.0,84,0,0,5,0,54,355,595,6,4,25,127,4,5,3
อุบลราชธานี,2,เขื่องใน,โนนรัง,5.0,34,0,1,6,0,23,211,344,2,0,41,75,0,1,0
อุบลราชธานี,2,เขื่องใน,โนนรัง,6.0,30,1,0,2,0,6,89,123,2,1,10,34,1,0,1
อุบลราชธานี,2,เขื่องใน,โนนรัง,7.0,57,0,1,15,0,78,339,525,6,1,42,92,4,1,5
อุบลราชธานี,2,เมืองอุบลราชธานี,ขี้เหล็ก,1.0,115,1,0,18,3,30,331,417,1,2,24,103,4,1,6
อุบลราชธานี,2,เมืองอุบลราชธานี,ขี้เหล็ก,10.0,49,0,1,5,0,9,181,216,1,1,10,96,0,0,1
อุบลราชธานี,2,เมืองอุบลราชธานี,ขี้เหล็ก,11.0,99,0,1,1,0,8,271,336,3,4,19,102,8,1,3
อุบลราชธานี,2,เมืองอุบลราชธานี,ขี้เหล็ก,2.0,176,1,0,19,0,38,484,625,2,1,24,171,3,7,5
อุบลราชธานี,2,เมืองอุบลราชธานี,ขี้เหล็ก,3.0,115,1,1,16,0,21,434,149,3,7,21,188,6,1,5
อุบลราชธานี,2,เมืองอุบลราชธานี,ขี้เหล็ก,4.0,166,0,1,18,1,36,499,626,0,8,22,190,5,2,7
อุบลราชธานี,2,เมืองอุบลราชธานี,ขี้เหล็ก,5.0,163,0,0,23,2,34,501,570,2,1,21,190,6,3,8
อุบลราชธานี,2,เมืองอุบลราชธานี,ขี้เหล็ก,6.0,219,0,1,21,2,44,605,765,2,10,33,198,2,4,7
อุบลราชธานี,2,เมืองอุบลราชธานี,ขี้เหล็ก,7.0,102,0,1,10,0,7,318,390,0,2,18,145,3,3,3
อุบลราชธานี,2,เมืองอุบลราชธานี,ขี้เหล็ก,8.0,166,0,0,18,2,37,455,549,1,7,30,127,2,15,14
อุบลราชธานี,2,เมืองอุบลราชธานี,ขี้เหล็ก,9.0,87,1,0,11,0,35,281,322,3,1,14,101,2,1,3
อุบลราชธานี,2,เมืองอุบลราชธานี,ปะอาว,1.0,56,0,0,6,0,15,206,269,1,0,13,91,2,1,0
อุบลราชธานี,2,เมืองอุบลราชธานี,ปะอาว,2.0,64,0,0,6,0,18,287,361,1,1,10,165,2,0,0
อุบลราชธานี,2,เมืองอุบลราชธานี,ปะอาว,3.0,90,1,0,10,0,27,417,634,2,1,20,224,2,2,4
อุบลราชธานี,2,เมืองอุบลราชธานี,ปะอาว,4.0,87,0,0,6,0,20,295,401,1,2,12,138,2,0,1
อุบลราชธานี,2,เมืองอุบลราชธานี,ปะอาว,5.0,116,0,0,23,2,18,474,475,1,4,12,256,1,1,1
อุบลราชธานี,2,เมืองอุบลราชธานี,ปะอาว,6.0,64,0,0,18,0,13,281,465,1,2,8,141,3,0,2
อุบลราชธานี,2,เมืองอุบลราชธานี,ปะอาว,7.0,80,1,0,16,1,21,329,469,4,4,15,165,2,1,3
อุบลราชธานี,2,เมืองอุบลราชธานี,ปะอาว,8.0,95,0,0,18,0,5,417,575,3,6,14,163,3,0,0
อุบลราชธานี,2,เมืองอุบลราชธานี,ปะอาว,9.0,73,0,1,16,0,13,291,433,4,3,18,133,4,0,3
อุบลราชธานี,2,เมืองอุบลราชธานี,หนองขอน,1.0,90,0,0,10,0,48,322,402,0,5,31,107,4,0,1
อุบลราชธานี,2,เมืองอุบลราชธานี,หนองขอน,10.0,204,0,0,4,1,40,602,811,8,5,25,217,4,4,17
อุบลราชธานี,2,เมืองอุบลราชธานี,หนองขอน,11.0,166,1,0,12,2,25,459,592,7,8,34,132,8,1,12
อุบลราชธานี,2,เมืองอุบลราชธานี,หนองขอน,12.0,83,1,1,10,0,39,338,388,4,1,30,116,0,14,4
อุบลราชธานี,2,เมืองอุบลราชธานี,หนองขอน,13.0,61,0,0,10,0,29,236,285,1,2,16,92,1,1,2
อุบลราชธานี,2,เมืองอุบลราชธานี,หนองขอน,14.0,72,0,0,5,0,16,265,332,1,2,19,104,6,0,9
อุบลราชธานี,2,เมืองอุบลราชธานี,หนองขอน,15.0,61,0,0,7,1,11,224,285,0,1,10,115,0,3,0
อุบลราชธานี,2,เมืองอุบลราชธานี,หนองขอน,2.0,160,0,0,23,1,0,484,593,3,5,35,137,56,3,6
อุบลราชธานี,2,เมืองอุบลราชธานี,หนองขอน,3.0,216,1,0,20,0,59,702,841,6,9,46,222,5,5,35
อุบลราชธานี,2,เมืองอุบลราชธานี,หนองขอน,4.0,122,1,0,15,1,40,375,475,2,5,31,91,10,1,6
อุบลราชธานี,2,เมืองอุบลราชธานี,หนองขอน,5.0,100,0,0,12,0,28,356,462,0,6,18,160,3,2,7
อุบลราชธานี,2,เมืองอุบลราชธานี,หนองขอน,6.0,135,0,1,15,0,15,395,570,2,6,28,151,4,1,8
อุบลราชธานี,2,เมืองอุบลราชธานี,หนองขอน,7.0,132,1,0,17,0,15,411,534,1,4,33,172,5,3,5
อุบลราชธานี,2,เมืองอุบลราชธานี,หนองขอน,8.0,161,0,0,15,0,18,384,493,4,1,14,141,1,5,7
อุบลราชธานี,2,เมืองอุบลราชธานี,หนองขอน,9.0,132,1,1,9,0,16,379,493,2,2,35,137,1,1,16
อุบลราชธานี,2,เมืองอุบลราชธานี,หัวเรือ,1.0,151,2,0,17,0,24,445,577,9,5,37,137,4,4,8
อุบลราชธานี,2,เมืองอุบลราชธานี,หัวเรือ,10.0,84,0,0,6,1,27,282,340,2,1,11,118,1,3,1
อุบลราชธานี,2,เมืองอุบลราชธานี,หัวเรือ,11.0,164,0,0,15,0,32,476,579,9,5,25,172,3,6,5
อุบลราชธานี,2,เมืองอุบลราชธานี,หัวเรือ,12.0,145,1,1,17,0,31,412,495,0,10,25,119,5,1,7
อุบลราชธานี,2,เมืองอุบลราชธานี,หัวเรือ,13.0,80,1,0,12,1,21,318,399,3,1,20,143,0,4,1
อุบลราชธานี,2,เมืองอุบลราชธานี,หัวเรือ,14.0,58,0,0,17,1,7,269,332,1,0,10,146,2,1,0
อุบลราชธานี,2,เมืองอุบลราชธานี,หัวเรือ,15.0,90,0,1,7,0,3,317,389,2,2,4,173,2,2,1
อุบลราชธานี,2,เมืองอุบลราชธานี,หัวเรือ,16.0,101,2,0,17,0,43,302,361,4,3,19,84,1,0,0
อุบลราชธานี,2,เมืองอุบลราชธานี,หัวเรือ,2.0,164,1,0,9,0,16,480,581,1,3,26,203,3,2,7
อุบลราชธานี,2,เมืองอุบลราชธานี,หัวเรือ,3.0,131,0,0,6,0,39,332,430,2,1,28,95,2,3,1
อุบลราชธานี,2,เมืองอุบลราชธานี,หัวเรือ,4.0,143,0,1,12,1,20,411,508,6,5,16,156,2,2,5
อุบลราชธานี,2,เมืองอุบลราชธานี,หัวเรือ,5.0,156,2,0,22,2,16,542,681,2,6,34,238,3,2,0
อุบลราชธานี,2,เมืองอุบลราชธานี,หัวเรือ,6.0,139,0,1,16,0,23,446,533,3,6,15,197,4,3,4
อุบลราชธานี,2,เมืองอุบลราชธานี,หัวเรือ,7.0,173,0,1,25,3,49,499,644,8,7,25,140,3,1,6
อุบลราชธานี,2,เมืองอุบลราชธานี,หัวเรือ,8.0,78,0,0,17,0,9,296,375,2,4,0,129,2,1,1
อุบลราชธานี,2,เมืองอุบลราชธานี,หัวเรือ,9.0,114,0,0,12,0,16,273,334,1,2,11,85,2,1,10
อุบลราชธานี,2,เมืองอุบลราชธานี,ไร่น้อย,1.0,338,0,1,30,1,7,667,900,4,7,58,154,16,6,16
อุบลราชธานี,2,เมืองอุบลราชธานี,ไร่น้อย,10.0,219,1,1,26,0,33,673,841,3,8,61,229,8,10,6
อุบลราชธานี,2,เมืองอุบลราชธานี,ไร่น้อย,11.0,130,1,0,16,1,10,404,515,4,6,39,141,1,5,2
อุบลราชธานี,2,เมืองอุบลราชธานี,ไร่น้อย,12.0,115,1,1,17,0,7,416,528,2,4,11,203,3,6,1
อุบลราชธานี,2,เมืองอุบลราชธานี,ไร่น้อย,13.0,124,3,0,16,0,18,406,545,6,1,32,160,5,4,3
อุบลราชธานี,2,เมืองอุบลราชธานี,ไร่น้อย,14.0,46,1,0,8,0,6,164,222,2,1,13,61,1,5,3
อุบลราชธานี,2,เมืองอุบลราชธานี,ไร่น้อย,15.0,133,0,1,29,1,14,479,698,2,9,27,164,2,17,7
อุบลราชธานี,2,เมืองอุบลราชธานี,ไร่น้อย,16.0,196,0,0,22,1,14,544,715,5,5,35,174,2,17,11
อุบลราชธานี,2,เมืองอุบลราชธานี,ไร่น้อย,17.0,239,4,0,9,1,13,496,668,2,3,63,114,8,8,8
อุบลราชธานี,2,เมืองอุบลราชธานี,ไร่น้อย,18.0,254,4,0,8,0,9,508,678,2,2,37,135,19,9,12
อุบลราชธานี,2,เมืองอุบลราชธานี,ไร่น้อย,19.0,287,0,1,7,2,9,600,802,3,7,61,160,5,8,16
อุบลราชธานี,2,เมืองอุบลราชธานี,ไร่น้อย,2.0,397,4,0,10,1,15,693,901,3,5,72,127,19,6,8
อุบลราชธานี,2,เมืองอุบลราชธานี,ไร่น้อย,20.0,310,4,1,13,0,6,629,829,5,1,59,165,24,6,8
อุบลราชธานี,2,เมืองอุบลราชธานี,ไร่น้อย,21.0,368,4,0,10,0,6,640,793,2,6,41,153,18,6,13
อุบลราชธานี,2,เมืองอุบลราชธานี,ไร่น้อย,22.0,159,0,0,19,0,14,399,509,3,3,29,127,2,5,3
อุบลราชธานี,2,เมืองอุบลราชธานี,ไร่น้อย,23.0,113,0,0,13,1,9,366,455,3,4,20,145,2,15,1
อุบลราชธานี,2,เมืองอุบลราชธานี,ไร่น้อย,24.0,135,1,1,13,0,7,355,461,1,3,31,108,10,19,10
อุบลราชธานี,2,เมืองอุบลราชธานี,ไร่น้อย,25.0,200,0,0,17,0,6,428,685,0,8,45,127,7,19,9
อุบลราชธานี,2,เมืองอุบลราชธานี,ไร่น้อย,26.0,190,2,0,25,0,17,496,680,7,6,39,135,6,17,11
อุบลราชธานี,2,เมืองอุบลราชธานี,ไร่น้อย,27.0,264,1,0,8,1,10,515,680,7,3,47,124,9,7,10
อุบลราชธานี,2,เมืองอุบลราชธานี,ไร่น้อย,28.0,177,1,0,23,0,9,445,614,6,3,38,134,11,3,8
อุบลราชธานี,2,เมืองอุบลราชธานี,ไร่น้อย,29.0,249,1,0,12,1,14,472,614,2,6,39,107,8,5,4
อุบลราชธานี,2,เมืองอุบลราชธานี,ไร่น้อย,3.0,207,3,0,27,0,12,533,757,0,7,49,169,8,7,11
อุบลราชธานี,2,เมืองอุบลราชธานี,ไร่น้อย,30.0,202,1,0,14,0,4,453,641,6,2,49,142,8,2,10
อุบลราชธานี,2,เมืองอุบลราชธานี,ไร่น้อย,31.0,229,3,2,8,0,9,495,660,6,4,48,140,14,4,14
อุบลราชธานี,2,เมืองอุบลราชธานี,ไร่น้อย,32.0,207,0,0,4,0,15,468,630,4,7,56,123,10,12,5
อุบลราชธานี,2,เมืองอุบลราชธานี,ไร่น้อย,33.0,209,4,2,9,0,11,465,633,3,3,55,114,11,15,10
อุบลราชธานี,2,เมืองอุบลราชธานี,ไร่น้อย,34.0,334,2,0,22,1,11,687,922,9,5,64,167,11,8,14
อุบลราชธานี,2,เมืองอุบลราชธานี,ไร่น้อย,4.0,228,1,0,7,0,6,353,888,0,4,11,65,4,0,3
อุบลราชธานี,2,เมืองอุบลราชธานี,ไร่น้อย,5.0,319,0,0,21,1,10,690,945,4,7,49,226,14,9,16
อุบลราชธานี,2,เมืองอุบลราชธานี,ไร่น้อย,6.0,392,3,1,6,1,0,700,944,5,6,39,165,17,10,14
อุบลราชธานี,2,เมืองอุบลราชธานี,ไร่น้อย,7.0,212,2,0,43,0,21,461,714,2,1,28,125,0,9,11
อุบลราชธานี,2,เมืองอุบลราชธานี,ไร่น้อย,8.0,261,1,2,24,2,10,555,718,1,3,39,144,8,10,12
อุบลราชธานี,2,เมืองอุบลราชธานี,ไร่น้อย,9.0,95,0,1,17,0,4,260,341,0,5,28,81,5,6,4
อุบลราชธานี,2,,,,7,0,0,0,0,2,9,9,0,0,0,0,0,0,0
อุบลราชธานี,2,,,,474,0,0,9,1,22,754,780,1,3,34,201,8,1,17
อุบลราชธานี,2,,,,429,1,0,13,0,27,761,780,1,2,32,239,6,2,6
อุบลราชธานี,2,,,,479,0,2,7,2,30,771,780,1,3,37,194,7,2,2
อุบลราชธานี,2,,,,471,1,0,11,0,28,759,776,3,6,40,184,6,5,6
อุบลราชธานี,2,,,,450,1,0,9,0,27,765,780,4,4,36,220,4,1,6
อุบลราชธานี,2,,,,468,1,0,4,1,36,773,780,0,2,35,209,2,4,3
อุบลราชธานี,2,,,,492,2,0,6,0,20,795,810,3,3,40,206,9,4,9
อุบลราชธานี,2,,,,465,2,0,6,0,0,758,772,4,5,39,184,9,3,8
อุบลราชธานี,2,,,,522,0,0,9,0,24,760,780,2,1,27,171,4,3,11
